root	class	derivation	tense	voices
abhra	11	primary	future	active,middle
abhra	11	primary	imperative	middle
abhra	11	primary	imperfect	middle
abhra	11	primary	optative	middle
abhra	11	primary	periphrastic_future	active
abhra	11	primary	present	middle
ad	2	causative	future	active,middle
ad	2	causative	imperative	active,middle,passive
ad	2	causative	imperfect	active,middle
ad	2	causative	optative	active,middle,passive
ad	2	causative	periphrastic_future	active
ad	2	causative	present	active,middle,passive
ad	2	primary	benedictive	active
ad	2	primary	future	active
ad	2	primary	imperative	active,passive
ad	2	primary	imperfect	active,passive
ad	2	primary	optative	active,passive
ad	2	primary	perfect	active
ad	2	primary	periphrastic_future	active
ad	2	primary	present	active,passive
adhvara	11	primary	future	active,middle
adhvara	11	primary	imperative	active
adhvara	11	primary	imperfect	active
adhvara	11	primary	optative	active
adhvara	11	primary	periphrastic_future	active
adhvara	11	primary	present	active
agada	11	primary	future	active,middle
agada	11	primary	imperative	active
agada	11	primary	imperfect	active
agada	11	primary	optative	active
agada	11	primary	periphrastic_future	active
agada	11	primary	present	active
agha	11	primary	future	active,middle
agha	11	primary	imperative	active
agha	11	primary	imperfect	active
agha	11	primary	optative	active
agha	11	primary	periphrastic_future	active
agha	11	primary	present	active
aj	1	primary	benedictive	active
aj	1	primary	future	active
aj	1	primary	imperative	active,passive
aj	1	primary	imperfect	active,passive
aj	1	primary	optative	active,passive
aj	1	primary	perfect	active
aj	1	primary	periphrastic_future	active
aj	1	primary	present	active,passive
aj	5	primary	aorist	active,middle
aj	5	primary	injunctive	active,middle
ajira	11	primary	future	active,middle
ajira	11	primary	imperative	middle
ajira	11	primary	imperfect	middle
ajira	11	primary	optative	middle
ajira	11	primary	periphrastic_future	active
ajira	11	primary	present	middle
akṣ	1	primary	benedictive	active
akṣ	1	primary	future	active
akṣ	1	primary	imperative	active,passive
akṣ	1	primary	imperfect	active,passive
akṣ	1	primary	optative	active,passive
akṣ	1	primary	perfect	active
akṣ	1	primary	periphrastic_future	active
akṣ	1	primary	present	active,passive
akṣ	5	primary	aorist	active,middle
akṣ	5	primary	imperative	active
akṣ	5	primary	imperfect	active
akṣ	5	primary	injunctive	active,middle
akṣ	5	primary	optative	active
akṣ	5	primary	present	active
alīka	11	primary	future	active,middle
alīka	11	primary	imperative	middle
alīka	11	primary	imperfect	middle
alīka	11	primary	optative	middle
alīka	11	primary	periphrastic_future	active
alīka	11	primary	present	middle
am	1	causative	future	active,middle
am	1	causative	imperative	active,middle,passive
am	1	causative	imperfect	active,middle
am	1	causative	optative	active,middle,passive
am	1	causative	periphrastic_future	active
am	1	causative	present	active,middle,passive
am	1	primary	benedictive	active
am	1	primary	future	active
am	1	primary	imperative	active,passive
am	1	primary	imperfect	active,passive
am	1	primary	optative	active,passive
am	1	primary	perfect	active
am	1	primary	periphrastic_future	active
am	1	primary	present	active,passive
am	3	primary	aorist	active,middle
amitra	11	primary	future	active,middle
amitra	11	primary	imperative	active,passive
amitra	11	primary	imperfect	active,passive
amitra	11	primary	optative	active,passive
amitra	11	primary	periphrastic_future	active
amitra	11	primary	present	active,passive
an	2	causative	future	active,middle
an	2	causative	imperative	active,middle,passive
an	2	causative	imperfect	active,middle,passive
an	2	causative	optative	active,middle,passive
an	2	causative	periphrastic_future	active
an	2	causative	present	active,middle,passive
an	2	desiderative	future	active
an	2	desiderative	imperative	active,passive
an	2	desiderative	imperfect	active,passive
an	2	desiderative	optative	active,passive
an	2	desiderative	periphrastic_future	active
an	2	desiderative	present	active,passive
an	2	primary	benedictive	active
an	2	primary	future	active
an	2	primary	imperative	active
an	2	primary	imperfect	active
an	2	primary	optative	active
an	2	primary	perfect	active
an	2	primary	periphrastic_future	active
an	2	primary	present	active
andha	11	primary	future	active,middle
andha	11	primary	imperative	active,passive
andha	11	primary	imperfect	active,passive
andha	11	primary	optative	active,passive
andha	11	primary	periphrastic_future	active
andha	11	primary	present	active,passive
anta	11	primary	future	active,middle
anta	11	primary	imperative	active,passive
anta	11	primary	imperfect	active,passive
anta	11	primary	optative	active,passive
anta	11	primary	periphrastic_future	active
anta	11	primary	present	active,passive
apahasta	11	primary	future	active,middle
apahasta	11	primary	imperative	active,passive
apahasta	11	primary	imperfect	active,passive
apahasta	11	primary	optative	active,passive
apahasta	11	primary	periphrastic_future	active
apahasta	11	primary	present	active,passive
aparokṣa	11	primary	future	active,middle
aparokṣa	11	primary	imperative	active,passive
aparokṣa	11	primary	imperfect	active,passive
aparokṣa	11	primary	optative	active,passive
aparokṣa	11	primary	periphrastic_future	active
aparokṣa	11	primary	present	active,passive
apsaras	11	primary	future	active,middle
apsaras	11	primary	imperative	middle
apsaras	11	primary	imperfect	middle
apsaras	11	primary	optative	middle
apsaras	11	primary	periphrastic_future	active
apsaras	11	primary	present	middle
ard	1	primary	benedictive	active
ard	1	primary	future	active
ard	1	primary	imperative	active,passive
ard	1	primary	imperfect	active,passive
ard	1	primary	optative	active,passive
ard	1	primary	perfect	active
ard	1	primary	periphrastic_future	active
ard	1	primary	present	active,passive
argh	1	primary	benedictive	active
argh	1	primary	future	active
argh	1	primary	imperative	active,passive
argh	1	primary	imperfect	active,passive
argh	1	primary	optative	active,passive
argh	1	primary	perfect	active
argh	1	primary	periphrastic_future	active
argh	1	primary	present	active,passive
arh	1	causative	future	active,middle
arh	1	causative	imperative	active,middle,passive
arh	1	causative	imperfect	active,middle,passive
arh	1	causative	optative	active,middle,passive
arh	1	causative	periphrastic_future	active
arh	1	causative	present	active,middle,passive
arh	1	primary	benedictive	active
arh	1	primary	future	active,middle
arh	1	primary	imperative	active,middle
arh	1	primary	imperfect	active,middle
arh	1	primary	optative	active,middle
arh	1	primary	perfect	active,middle
arh	1	primary	periphrastic_future	active
arh	1	primary	present	active,middle
arth	10	causative	future	active,middle
arth	10	causative	imperative	active,middle,passive
arth	10	causative	imperfect	active,middle,passive
arth	10	causative	optative	active,middle,passive
arth	10	causative	periphrastic_future	active
arth	10	causative	present	active,middle,passive
arth	10	primary	future	active,middle
arth	10	primary	imperative	active,middle,passive
arth	10	primary	imperfect	active,middle,passive
arth	10	primary	optative	active,middle,passive
arth	10	primary	periphrastic_future	active
arth	10	primary	present	active,middle,passive
as	1	causative	future	active,middle
as	1	causative	imperative	active,middle,passive
as	1	causative	imperfect	active,middle
as	1	causative	optative	active,middle,passive
as	1	causative	periphrastic_future	active
as	1	causative	present	active,middle,passive
as	1	primary	benedictive	active
as	1	primary	future	active
as	1	primary	imperative	active,middle,passive
as	1	primary	imperfect	active,middle,passive
as	1	primary	optative	active,middle,passive
as	1	primary	perfect	active
as	1	primary	periphrastic_future	active
as	1	primary	present	active,middle,passive
as	2	primary	aorist	active
as	2	primary	imperative	active
as	2	primary	imperfect	active
as	2	primary	optative	active
as	2	primary	present	active,middle
as	4	primary	imperative	active
as	4	primary	imperfect	active
as	4	primary	optative	active
as	4	primary	present	active
asūya	11	primary	future	active,middle
asūya	11	primary	imperative	active,middle
asūya	11	primary	imperfect	active,middle
asūya	11	primary	optative	active,middle
asūya	11	primary	periphrastic_future	active
asūya	11	primary	present	active,middle
av	1	causative	future	active,middle
av	1	causative	imperative	active,middle,passive
av	1	causative	imperfect	active,middle,passive
av	1	causative	optative	active,middle,passive
av	1	causative	periphrastic_future	active
av	1	causative	present	active,middle,passive
av	1	primary	benedictive	active
av	1	primary	future	active
av	1	primary	imperative	active
av	1	primary	imperfect	active
av	1	primary	optative	active
av	1	primary	perfect	active
av	1	primary	periphrastic_future	active
av	1	primary	present	active
añc	1	causative	future	active,middle
añc	1	causative	imperative	active,middle,passive
añc	1	causative	imperfect	active,middle,passive
añc	1	causative	optative	active,middle,passive
añc	1	causative	periphrastic_future	active
añc	1	causative	present	active,middle,passive
añc	1	primary	benedictive	active
añc	1	primary	future	active,middle
añc	1	primary	imperative	active,middle,passive
añc	1	primary	imperfect	active,middle,passive
añc	1	primary	optative	active,middle,passive
añc	1	primary	perfect	active,middle
añc	1	primary	periphrastic_future	active
añc	1	primary	present	active,middle,passive
añj	7	causative	future	active,middle
añj	7	causative	imperative	active,middle,passive
añj	7	causative	imperfect	active,middle,passive
añj	7	causative	optative	active,middle,passive
añj	7	causative	periphrastic_future	active
añj	7	causative	present	active,middle,passive
añj	7	primary	benedictive	active
añj	7	primary	future	active,middle
añj	7	primary	imperative	active,middle,passive
añj	7	primary	imperfect	active,middle,passive
añj	7	primary	optative	active,middle,passive
añj	7	primary	perfect	active,middle
añj	7	primary	periphrastic_future	active
añj	7	primary	present	active,middle,passive
aś	5	primary	imperative	middle
aś	5	primary	imperfect	middle
aś	5	primary	optative	middle
aś	5	primary	present	middle
aś	9	causative	future	active,middle
aś	9	causative	imperative	active,middle,passive
aś	9	causative	imperfect	active,middle
aś	9	causative	optative	active,middle,passive
aś	9	causative	periphrastic_future	active
aś	9	causative	present	active,middle,passive
aś	9	desiderative	future	middle
aś	9	desiderative	imperative	middle,passive
aś	9	desiderative	imperfect	middle,passive
aś	9	desiderative	optative	middle,passive
aś	9	desiderative	periphrastic_future	active
aś	9	desiderative	present	middle,passive
aś	9	intensive	imperative	middle
aś	9	intensive	imperfect	middle
aś	9	intensive	optative	middle
aś	9	intensive	present	middle
aś	9	primary	benedictive	active
aś	9	primary	future	active,middle
aś	9	primary	imperative	active,passive
aś	9	primary	imperfect	active,passive
aś	9	primary	optative	active,passive
aś	9	primary	perfect	active,middle
aś	9	primary	periphrastic_future	active
aś	9	primary	present	active,passive
aśana	11	primary	future	active,middle
aśana	11	primary	imperative	active
aśana	11	primary	imperfect	active
aśana	11	primary	optative	active
aśana	11	primary	periphrastic_future	active
aśana	11	primary	present	active
aśva	11	primary	future	active,middle
aśva	11	primary	imperative	active,middle
aśva	11	primary	imperfect	active,middle
aśva	11	primary	optative	active,middle
aśva	11	primary	periphrastic_future	active
aśva	11	primary	present	active,middle
aṃśa	11	primary	future	active,middle
aṃśa	11	primary	imperative	active,middle,passive
aṃśa	11	primary	imperfect	active,middle,passive
aṃśa	11	primary	optative	active,middle,passive
aṃśa	11	primary	periphrastic_future	active
aṃśa	11	primary	present	active,middle,passive
aṅg	1	causative	future	active,middle
aṅg	1	causative	imperative	active,middle
aṅg	1	causative	imperfect	active,middle
aṅg	1	causative	optative	active,middle
aṅg	1	causative	periphrastic_future	active
aṅg	1	causative	present	active,middle
aṅg	1	primary	benedictive	active
aṅg	1	primary	future	active
aṅg	1	primary	imperative	active,passive
aṅg	1	primary	imperfect	active,passive
aṅg	1	primary	optative	active,passive
aṅg	1	primary	perfect	active
aṅg	1	primary	periphrastic_future	active
aṅg	1	primary	present	active,passive
aṅka	11	primary	future	active,middle
aṅka	11	primary	imperative	active,passive
aṅka	11	primary	imperfect	active,passive
aṅka	11	primary	optative	active,passive
aṅka	11	primary	periphrastic_future	active
aṅka	11	primary	present	active,passive
aṅkha	11	primary	future	active,middle
aṅkha	11	primary	imperative	active,passive
aṅkha	11	primary	imperfect	active,passive
aṅkha	11	primary	optative	active,passive
aṅkha	11	primary	periphrastic_future	active
aṅkha	11	primary	present	active,passive
aṭ	1	desiderative	future	active
aṭ	1	desiderative	imperative	active,passive
aṭ	1	desiderative	imperfect	active,passive
aṭ	1	desiderative	optative	active,passive
aṭ	1	desiderative	periphrastic_future	active
aṭ	1	desiderative	present	active,passive
aṭ	1	intensive	imperative	middle
aṭ	1	intensive	imperfect	middle
aṭ	1	intensive	optative	middle
aṭ	1	intensive	present	middle
aṭ	1	primary	benedictive	active
aṭ	1	primary	future	active,middle
aṭ	1	primary	imperative	active,middle,passive
aṭ	1	primary	imperfect	active,middle,passive
aṭ	1	primary	optative	active,middle,passive
aṭ	1	primary	perfect	active,middle
aṭ	1	primary	periphrastic_future	active
aṭ	1	primary	present	active,middle,passive
badhira	11	primary	future	active,middle
badhira	11	primary	imperative	active,passive
badhira	11	primary	imperfect	active,passive
badhira	11	primary	optative	active,passive
badhira	11	primary	periphrastic_future	active
badhira	11	primary	present	active,passive
bal	1	primary	benedictive	active
bal	1	primary	future	active
bal	1	primary	imperative	active,passive
bal	1	primary	imperfect	active,passive
bal	1	primary	optative	active,passive
bal	1	primary	perfect	active
bal	1	primary	periphrastic_future	active
bal	1	primary	present	active,passive
bandh	4	primary	aorist	active,middle
bandh	9	causative	future	active,middle
bandh	9	causative	imperative	active,middle,passive
bandh	9	causative	imperfect	active,middle,passive
bandh	9	causative	optative	active,middle,passive
bandh	9	causative	periphrastic_future	active
bandh	9	causative	present	active,middle,passive
bandh	9	primary	benedictive	active
bandh	9	primary	conditional	active,middle
bandh	9	primary	future	active,middle
bandh	9	primary	imperative	active,middle,passive
bandh	9	primary	imperfect	active,middle,passive
bandh	9	primary	optative	active,middle,passive
bandh	9	primary	perfect	active,middle
bandh	9	primary	periphrastic_future	active
bandh	9	primary	present	active,middle,passive
baṃh	1	causative	future	active,middle
baṃh	1	causative	imperative	active,middle,passive
baṃh	1	causative	imperfect	active,middle,passive
baṃh	1	causative	optative	active,middle,passive
baṃh	1	causative	periphrastic_future	active
baṃh	1	causative	present	active,middle,passive
baṃh	1	primary	benedictive	middle
baṃh	1	primary	future	middle
baṃh	1	primary	imperative	middle
baṃh	1	primary	imperfect	middle
baṃh	1	primary	optative	middle
baṃh	1	primary	perfect	middle
baṃh	1	primary	periphrastic_future	active
baṃh	1	primary	present	middle
baṃh	5	primary	aorist	middle
bhaj	1	primary	imperative	active,middle
bhaj	1	primary	imperfect	active,middle
bhaj	1	primary	optative	active,middle
bhaj	1	primary	present	active,middle
bhaj	4	causative	future	active,middle
bhaj	4	causative	imperative	active,middle,passive
bhaj	4	causative	imperfect	active,middle,passive
bhaj	4	causative	optative	active,middle,passive
bhaj	4	causative	periphrastic_future	active
bhaj	4	causative	present	active,middle,passive
bhaj	4	desiderative	future	middle
bhaj	4	desiderative	imperative	middle,passive
bhaj	4	desiderative	imperfect	middle,passive
bhaj	4	desiderative	optative	middle,passive
bhaj	4	desiderative	periphrastic_future	active
bhaj	4	desiderative	present	middle,passive
bhaj	4	primary	aorist	active,middle
bhaj	4	primary	benedictive	active,middle
bhaj	4	primary	future	active,middle
bhaj	4	primary	imperative	passive
bhaj	4	primary	imperfect	passive
bhaj	4	primary	optative	passive
bhaj	4	primary	perfect	active,middle
bhaj	4	primary	periphrastic_future	active
bhaj	4	primary	present	passive
bhakṣ	1	causative	future	active,middle
bhakṣ	1	causative	imperative	active,middle
bhakṣ	1	causative	imperfect	active,middle
bhakṣ	1	causative	optative	active,middle
bhakṣ	1	causative	periphrastic_future	active
bhakṣ	1	causative	present	active,middle
bhakṣ	1	primary	benedictive	active
bhakṣ	1	primary	future	active,middle
bhakṣ	1	primary	imperative	active,middle,passive
bhakṣ	1	primary	imperfect	active,middle,passive
bhakṣ	1	primary	optative	active,middle,passive
bhakṣ	1	primary	perfect	active,middle
bhakṣ	1	primary	periphrastic_future	active
bhakṣ	1	primary	present	active,middle,passive
bhand	1	primary	benedictive	active
bhand	1	primary	future	middle
bhand	1	primary	imperative	middle,passive
bhand	1	primary	imperfect	middle,passive
bhand	1	primary	optative	middle,passive
bhand	1	primary	perfect	middle
bhand	1	primary	periphrastic_future	active
bhand	1	primary	present	middle,passive
bharts	1	primary	benedictive	active
bharts	1	primary	future	active,middle
bharts	1	primary	imperative	active,passive
bharts	1	primary	imperfect	active,passive
bharts	1	primary	optative	active,passive
bharts	1	primary	perfect	active,middle
bharts	1	primary	periphrastic_future	active
bharts	1	primary	present	active,passive
bharts	10	primary	imperative	active,middle
bharts	10	primary	imperfect	active,middle
bharts	10	primary	optative	active,middle
bharts	10	primary	present	active,middle
bhas	3	primary	benedictive	active
bhas	3	primary	future	active
bhas	3	primary	imperative	active,passive
bhas	3	primary	imperfect	active,passive
bhas	3	primary	optative	active,passive
bhas	3	primary	perfect	active
bhas	3	primary	periphrastic_future	active
bhas	3	primary	present	active,passive
bhañj	4	primary	aorist	active
bhañj	7	causative	future	active,middle
bhañj	7	causative	imperative	active,middle,passive
bhañj	7	causative	imperfect	active,middle,passive
bhañj	7	causative	optative	active,middle,passive
bhañj	7	causative	periphrastic_future	active
bhañj	7	causative	present	active,middle,passive
bhañj	7	primary	benedictive	active
bhañj	7	primary	future	active
bhañj	7	primary	imperative	active,passive
bhañj	7	primary	imperfect	active,passive
bhañj	7	primary	optative	active,passive
bhañj	7	primary	perfect	active
bhañj	7	primary	periphrastic_future	active
bhañj	7	primary	present	active,passive
bhaṇ	1	primary	benedictive	active
bhaṇ	1	primary	conditional	active
bhaṇ	1	primary	future	active
bhaṇ	1	primary	imperative	active,passive
bhaṇ	1	primary	imperfect	active,passive
bhaṇ	1	primary	optative	active,passive
bhaṇ	1	primary	perfect	active
bhaṇ	1	primary	periphrastic_future	active
bhaṇ	1	primary	present	active,passive
bhaṇḍ	1	primary	benedictive	active
bhaṇḍ	1	primary	future	middle
bhaṇḍ	1	primary	imperative	middle,passive
bhaṇḍ	1	primary	imperfect	middle,passive
bhaṇḍ	1	primary	optative	middle,passive
bhaṇḍ	1	primary	perfect	middle
bhaṇḍ	1	primary	periphrastic_future	active
bhaṇḍ	1	primary	present	middle,passive
bhaṣ	1	primary	benedictive	active
bhaṣ	1	primary	future	active
bhaṣ	1	primary	imperative	active,passive
bhaṣ	1	primary	imperfect	active,passive
bhaṣ	1	primary	optative	active,passive
bhaṣ	1	primary	perfect	active
bhaṣ	1	primary	periphrastic_future	active
bhaṣ	1	primary	present	active,passive
bhid	1	primary	aorist	active,passive
bhid	1	primary	injunctive	active,passive
bhid	2	primary	aorist	active,middle
bhid	4	causative	future	active,middle
bhid	4	causative	imperative	active,middle,passive
bhid	4	causative	imperfect	active,middle,passive
bhid	4	causative	optative	active,middle,passive
bhid	4	causative	periphrastic_future	active
bhid	4	causative	present	active,middle,passive
bhid	4	desiderative	future	active,middle
bhid	4	desiderative	imperative	active,middle,passive
bhid	4	desiderative	imperfect	active,middle,passive
bhid	4	desiderative	optative	active,middle,passive
bhid	4	desiderative	periphrastic_future	active
bhid	4	desiderative	present	active,middle,passive
bhid	4	primary	aorist	active,middle
bhid	4	primary	benedictive	active
bhid	4	primary	conditional	active,middle
bhid	4	primary	future	active,middle
bhid	4	primary	imperative	passive
bhid	4	primary	imperfect	passive
bhid	4	primary	optative	passive
bhid	4	primary	perfect	active,middle
bhid	4	primary	periphrastic_future	active
bhid	4	primary	present	passive
bhid	7	primary	imperative	active,middle
bhid	7	primary	imperfect	active,middle
bhid	7	primary	optative	active,middle
bhid	7	primary	present	active,middle
bhiṣaj	11	primary	future	active,middle
bhiṣaj	11	primary	imperative	active
bhiṣaj	11	primary	imperfect	active
bhiṣaj	11	primary	optative	active
bhiṣaj	11	primary	periphrastic_future	active
bhiṣaj	11	primary	present	active
bhram	1	causative	future	active,middle
bhram	1	causative	imperative	active,middle,passive
bhram	1	causative	imperfect	active,middle,passive
bhram	1	causative	optative	active,middle,passive
bhram	1	causative	periphrastic_future	active
bhram	1	causative	present	active,middle,passive
bhram	1	intensive	imperative	active,middle
bhram	1	intensive	imperfect	active,middle
bhram	1	intensive	optative	active,middle
bhram	1	intensive	present	active,middle
bhram	1	primary	benedictive	active
bhram	1	primary	future	active
bhram	1	primary	imperative	active,passive
bhram	1	primary	imperfect	active,passive
bhram	1	primary	optative	active,passive
bhram	1	primary	perfect	active
bhram	1	primary	periphrastic_future	active
bhram	1	primary	present	active,passive
bhram	4	primary	imperative	active
bhram	4	primary	imperfect	active
bhram	4	primary	optative	active
bhram	4	primary	present	active
bhraṃś	1	causative	future	active,middle
bhraṃś	1	causative	imperative	active,middle,passive
bhraṃś	1	causative	imperfect	active,middle,passive
bhraṃś	1	causative	optative	active,middle,passive
bhraṃś	1	causative	periphrastic_future	active
bhraṃś	1	causative	present	active,middle,passive
bhraṃś	1	primary	benedictive	active
bhraṃś	1	primary	future	active,middle
bhraṃś	1	primary	imperative	middle,passive
bhraṃś	1	primary	imperfect	middle,passive
bhraṃś	1	primary	optative	middle,passive
bhraṃś	1	primary	perfect	active,middle
bhraṃś	1	primary	periphrastic_future	active
bhraṃś	1	primary	present	middle,passive
bhraṃś	4	primary	imperative	active
bhraṃś	4	primary	imperfect	active
bhraṃś	4	primary	optative	active
bhraṃś	4	primary	present	active
bhrāj	1	causative	future	active,middle
bhrāj	1	causative	imperative	active,middle
bhrāj	1	causative	imperfect	active,middle
bhrāj	1	causative	optative	active,middle
bhrāj	1	causative	periphrastic_future	active
bhrāj	1	causative	present	active,middle
bhrāj	1	primary	benedictive	active
bhrāj	1	primary	future	middle
bhrāj	1	primary	imperative	middle,passive
bhrāj	1	primary	imperfect	middle,passive
bhrāj	1	primary	optative	middle,passive
bhrāj	1	primary	perfect	middle
bhrāj	1	primary	periphrastic_future	active
bhrāj	1	primary	present	middle,passive
bhuj	5	primary	aorist	middle
bhuj	6	primary	aorist	active
bhuj	6	primary	imperative	active
bhuj	6	primary	imperfect	active
bhuj	6	primary	optative	active
bhuj	6	primary	present	active
bhuj	7	causative	future	active,middle
bhuj	7	causative	imperative	active,middle,passive
bhuj	7	causative	imperfect	active,middle,passive
bhuj	7	causative	optative	active,middle,passive
bhuj	7	causative	periphrastic_future	active
bhuj	7	causative	present	active,middle,passive
bhuj	7	desiderative	future	active
bhuj	7	desiderative	imperative	active,passive
bhuj	7	desiderative	imperfect	active,passive
bhuj	7	desiderative	optative	active,passive
bhuj	7	desiderative	periphrastic_future	active
bhuj	7	desiderative	present	active,passive
bhuj	7	primary	benedictive	active,middle
bhuj	7	primary	future	active,middle
bhuj	7	primary	imperative	active,middle,passive
bhuj	7	primary	imperfect	active,middle,passive
bhuj	7	primary	optative	active,middle,passive
bhuj	7	primary	perfect	active,middle
bhuj	7	primary	periphrastic_future	active
bhuj	7	primary	present	active,middle,passive
bhā	2	primary	benedictive	active
bhā	2	primary	future	active
bhā	2	primary	imperative	active,passive
bhā	2	primary	imperfect	active,passive
bhā	2	primary	optative	active,passive
bhā	2	primary	perfect	active
bhā	2	primary	periphrastic_future	active
bhā	2	primary	present	active,passive
bhā	6	primary	aorist	active
bhām	1	causative	future	active,middle
bhām	1	causative	imperative	active,middle
bhām	1	causative	imperfect	active,middle
bhām	1	causative	optative	active,middle
bhām	1	causative	periphrastic_future	active
bhām	1	causative	present	active,middle
bhām	1	intensive	imperative	middle
bhām	1	intensive	imperfect	middle
bhām	1	intensive	optative	middle
bhām	1	intensive	present	middle
bhām	1	primary	benedictive	active
bhām	1	primary	future	middle
bhām	1	primary	imperative	middle,passive
bhām	1	primary	imperfect	middle,passive
bhām	1	primary	optative	middle,passive
bhām	1	primary	perfect	middle
bhām	1	primary	periphrastic_future	active
bhām	1	primary	present	middle,passive
bhāryā	11	primary	future	active,middle
bhāryā	11	primary	imperative	active
bhāryā	11	primary	imperfect	active
bhāryā	11	primary	optative	active
bhāryā	11	primary	periphrastic_future	active
bhāryā	11	primary	present	active
bhās	1	causative	future	active,middle
bhās	1	causative	imperative	active,middle
bhās	1	causative	imperfect	active,middle
bhās	1	causative	optative	active,middle
bhās	1	causative	periphrastic_future	active
bhās	1	causative	present	active,middle
bhās	1	primary	benedictive	active
bhās	1	primary	future	active,middle
bhās	1	primary	imperative	active,middle,passive
bhās	1	primary	imperfect	active,middle,passive
bhās	1	primary	optative	active,middle,passive
bhās	1	primary	perfect	active,middle
bhās	1	primary	periphrastic_future	active
bhās	1	primary	present	active,middle,passive
bhāṣ	1	causative	future	active,middle
bhāṣ	1	causative	imperative	active,middle
bhāṣ	1	causative	imperfect	active,middle
bhāṣ	1	causative	optative	active,middle
bhāṣ	1	causative	periphrastic_future	active
bhāṣ	1	causative	present	active,middle
bhāṣ	1	primary	aorist	passive
bhāṣ	1	primary	benedictive	active
bhāṣ	1	primary	future	middle
bhāṣ	1	primary	imperative	middle,passive
bhāṣ	1	primary	imperfect	middle,passive
bhāṣ	1	primary	optative	middle,passive
bhāṣ	1	primary	perfect	middle
bhāṣ	1	primary	periphrastic_future	active
bhāṣ	1	primary	present	middle,passive
bhāṣ	5	primary	aorist	middle
bhī	3	causative	future	active,middle
bhī	3	causative	imperative	active,middle,passive
bhī	3	causative	imperfect	active,middle,passive
bhī	3	causative	optative	active,middle,passive
bhī	3	causative	periphrastic_future	active
bhī	3	causative	present	active,middle,passive
bhī	3	primary	benedictive	active
bhī	3	primary	conditional	active
bhī	3	primary	future	active
bhī	3	primary	imperative	active,passive
bhī	3	primary	imperfect	active,passive
bhī	3	primary	optative	active,passive
bhī	3	primary	perfect	active
bhī	3	primary	periphrastic_future	active
bhī	3	primary	present	active,passive
bhī	4	primary	injunctive	active,middle
bhū	1	causative	future	active,middle
bhū	1	causative	imperative	active,middle,passive
bhū	1	causative	imperfect	active,middle,passive
bhū	1	causative	optative	active,middle,passive
bhū	1	causative	periphrastic_future	active
bhū	1	causative	present	active,middle,passive
bhū	1	desiderative	future	active,middle
bhū	1	desiderative	imperative	active,middle,passive
bhū	1	desiderative	imperfect	active,middle,passive
bhū	1	desiderative	optative	active,middle,passive
bhū	1	desiderative	periphrastic_future	active
bhū	1	desiderative	present	active,middle,passive
bhū	1	intensive	imperative	active,middle
bhū	1	intensive	imperfect	active,middle
bhū	1	intensive	optative	active,middle
bhū	1	intensive	present	active,middle
bhū	1	primary	aorist	active,passive
bhū	1	primary	benedictive	active,middle
bhū	1	primary	future	active,middle
bhū	1	primary	imperative	active,middle,passive
bhū	1	primary	imperfect	active,middle,passive
bhū	1	primary	injunctive	active,passive
bhū	1	primary	optative	active,middle,passive
bhū	1	primary	perfect	active
bhū	1	primary	periphrastic_future	active
bhū	1	primary	present	active,middle,passive
bhū	1	primary	subjunctive	active
bhūsvarga	11	primary	future	active,middle
bhūsvarga	11	primary	imperative	middle
bhūsvarga	11	primary	imperfect	middle
bhūsvarga	11	primary	optative	middle
bhūsvarga	11	primary	periphrastic_future	active
bhūsvarga	11	primary	present	middle
bhūṣ	1	causative	future	active,middle
bhūṣ	1	causative	imperative	active,middle
bhūṣ	1	causative	imperfect	active,middle
bhūṣ	1	causative	optative	active,middle
bhūṣ	1	causative	periphrastic_future	active
bhūṣ	1	causative	present	active,middle
bhūṣ	1	primary	benedictive	active
bhūṣ	1	primary	future	active
bhūṣ	1	primary	imperative	active,passive
bhūṣ	1	primary	imperfect	active,passive
bhūṣ	1	primary	optative	active,passive
bhūṣ	1	primary	perfect	active
bhūṣ	1	primary	periphrastic_future	active
bhūṣ	1	primary	present	active,passive
bhṛ	1	primary	imperative	active,middle
bhṛ	1	primary	imperfect	active,middle
bhṛ	1	primary	optative	active,middle
bhṛ	1	primary	present	active,middle
bhṛ	3	causative	future	active,middle
bhṛ	3	causative	imperative	active,middle,passive
bhṛ	3	causative	imperfect	active,middle,passive
bhṛ	3	causative	optative	active,middle,passive
bhṛ	3	causative	periphrastic_future	active
bhṛ	3	causative	present	active,middle,passive
bhṛ	3	intensive	imperative	active
bhṛ	3	intensive	imperfect	active
bhṛ	3	intensive	optative	active
bhṛ	3	intensive	present	active
bhṛ	3	primary	aorist	active,middle
bhṛ	3	primary	benedictive	active
bhṛ	3	primary	conditional	active,middle
bhṛ	3	primary	future	active,middle
bhṛ	3	primary	imperative	active,middle,passive
bhṛ	3	primary	imperfect	active,middle,passive
bhṛ	3	primary	optative	active,middle,passive
bhṛ	3	primary	perfect	active,middle
bhṛ	3	primary	periphrastic_future	active
bhṛ	3	primary	present	active,middle,passive
bhṛjj	6	primary	benedictive	active
bhṛjj	6	primary	future	active,middle
bhṛjj	6	primary	imperative	active,middle,passive
bhṛjj	6	primary	imperfect	active,middle,passive
bhṛjj	6	primary	optative	active,middle,passive
bhṛjj	6	primary	perfect	active,middle
bhṛjj	6	primary	periphrastic_future	active
bhṛjj	6	primary	present	active,middle,passive
bhṛtya	11	primary	future	active,middle
bhṛtya	11	primary	imperative	middle
bhṛtya	11	primary	imperfect	middle
bhṛtya	11	primary	optative	middle
bhṛtya	11	primary	periphrastic_future	active
bhṛtya	11	primary	present	middle
bhṛśa	11	primary	future	active,middle
bhṛśa	11	primary	imperative	middle
bhṛśa	11	primary	imperfect	middle
bhṛśa	11	primary	optative	middle
bhṛśa	11	primary	periphrastic_future	active
bhṛśa	11	primary	present	middle
brū	2	primary	benedictive	active
brū	2	primary	imperative	active,middle
brū	2	primary	imperfect	active,middle
brū	2	primary	optative	active,middle
brū	2	primary	present	active,middle
brū	6	primary	imperative	active,middle
brū	6	primary	imperfect	active,middle
brū	6	primary	optative	active,middle
brū	6	primary	present	active,middle
budh	1	causative	future	active,middle
budh	1	causative	imperative	active,middle,passive
budh	1	causative	imperfect	active,middle,passive
budh	1	causative	optative	active,middle,passive
budh	1	causative	periphrastic_future	active
budh	1	causative	present	active,middle,passive
budh	1	desiderative	future	active,middle
budh	1	desiderative	imperative	active,middle,passive
budh	1	desiderative	imperfect	active,middle,passive
budh	1	desiderative	optative	active,middle,passive
budh	1	desiderative	periphrastic_future	active
budh	1	desiderative	present	active,middle,passive
budh	1	intensive	imperative	active
budh	1	intensive	imperfect	active
budh	1	intensive	optative	active
budh	1	intensive	present	active
budh	1	primary	aorist	passive
budh	1	primary	benedictive	active
budh	1	primary	conditional	active,middle
budh	1	primary	future	active,middle
budh	1	primary	imperative	active,passive
budh	1	primary	imperfect	active,passive
budh	1	primary	optative	active,passive
budh	1	primary	perfect	active,middle
budh	1	primary	periphrastic_future	active
budh	1	primary	present	active,passive
budh	5	primary	aorist	active,middle
budh	5	primary	injunctive	active,middle
bādh	1	causative	future	active,middle
bādh	1	causative	imperative	active,middle
bādh	1	causative	imperfect	active,middle
bādh	1	causative	optative	active,middle
bādh	1	causative	periphrastic_future	active
bādh	1	causative	present	active,middle
bādh	1	desiderative	future	middle
bādh	1	desiderative	imperative	middle,passive
bādh	1	desiderative	imperfect	middle,passive
bādh	1	desiderative	optative	middle,passive
bādh	1	desiderative	periphrastic_future	active
bādh	1	desiderative	present	middle,passive
bādh	1	primary	benedictive	active
bādh	1	primary	future	active,middle
bādh	1	primary	imperative	middle,passive
bādh	1	primary	imperfect	middle,passive
bādh	1	primary	optative	middle,passive
bādh	1	primary	perfect	middle
bādh	1	primary	periphrastic_future	active
bādh	1	primary	present	middle,passive
bādh	5	primary	aorist	active,middle
bādh	5	primary	injunctive	active,middle
bāṣpa	11	primary	future	active,middle
bāṣpa	11	primary	imperative	middle
bāṣpa	11	primary	imperfect	middle
bāṣpa	11	primary	optative	middle
bāṣpa	11	primary	periphrastic_future	active
bāṣpa	11	primary	present	middle
bṛh	1	causative	future	active,middle
bṛh	1	causative	imperative	active,middle,passive
bṛh	1	causative	imperfect	active,middle,passive
bṛh	1	causative	optative	active,middle,passive
bṛh	1	causative	periphrastic_future	active
bṛh	1	causative	present	active,middle,passive
bṛh	1	primary	benedictive	active
bṛh	1	primary	future	active
bṛh	1	primary	imperative	active,passive
bṛh	1	primary	imperfect	active,passive
bṛh	1	primary	optative	active,passive
bṛh	1	primary	perfect	active
bṛh	1	primary	periphrastic_future	active
bṛh	1	primary	present	active,passive
bṛh	6	primary	imperative	active
bṛh	6	primary	imperfect	active
bṛh	6	primary	optative	active
bṛh	6	primary	present	active
cakṣ	1	primary	imperative	active,middle
cakṣ	1	primary	imperfect	active,middle
cakṣ	1	primary	optative	active,middle
cakṣ	1	primary	present	active,middle
cakṣ	2	causative	future	active,middle
cakṣ	2	causative	imperative	active,middle
cakṣ	2	causative	imperfect	active,middle
cakṣ	2	causative	optative	active,middle
cakṣ	2	causative	periphrastic_future	active
cakṣ	2	causative	present	active,middle
cakṣ	2	primary	benedictive	active
cakṣ	2	primary	future	active,middle
cakṣ	2	primary	imperative	active,middle,passive
cakṣ	2	primary	imperfect	active,middle,passive
cakṣ	2	primary	optative	active,middle,passive
cakṣ	2	primary	perfect	active,middle
cakṣ	2	primary	periphrastic_future	active
cakṣ	2	primary	present	active,middle,passive
cal	1	causative	future	active,middle
cal	1	causative	imperative	active,middle,passive
cal	1	causative	imperfect	active,middle,passive
cal	1	causative	optative	active,middle,passive
cal	1	causative	periphrastic_future	active
cal	1	causative	present	active,middle,passive
cal	1	intensive	imperative	middle
cal	1	intensive	imperfect	middle
cal	1	intensive	optative	middle
cal	1	intensive	present	middle
cal	1	primary	benedictive	active
cal	1	primary	future	active
cal	1	primary	imperative	active,passive
cal	1	primary	imperfect	active,passive
cal	1	primary	optative	active,passive
cal	1	primary	perfect	active
cal	1	primary	periphrastic_future	active
cal	1	primary	present	active,passive
cam	1	primary	benedictive	active
cam	1	primary	future	active
cam	1	primary	imperative	active,passive
cam	1	primary	imperfect	active,passive
cam	1	primary	optative	active,passive
cam	1	primary	perfect	active
cam	1	primary	periphrastic_future	active
cam	1	primary	present	active,passive
cand	1	primary	benedictive	active
cand	1	primary	future	active
cand	1	primary	imperative	active,passive
cand	1	primary	imperfect	active,passive
cand	1	primary	optative	active,passive
cand	1	primary	perfect	active
cand	1	primary	periphrastic_future	active
cand	1	primary	present	active,passive
car	1	causative	future	active,middle
car	1	causative	imperative	active,middle,passive
car	1	causative	imperfect	active,middle,passive
car	1	causative	optative	active,middle,passive
car	1	causative	periphrastic_future	active
car	1	causative	present	active,middle,passive
car	1	desiderative	future	active
car	1	desiderative	imperative	active,passive
car	1	desiderative	imperfect	active,passive
car	1	desiderative	optative	active,passive
car	1	desiderative	periphrastic_future	active
car	1	desiderative	present	active,passive
car	1	intensive	imperative	active
car	1	intensive	imperfect	active
car	1	intensive	optative	active
car	1	intensive	present	active
car	1	primary	benedictive	active
car	1	primary	future	active,middle
car	1	primary	imperative	active,middle,passive
car	1	primary	imperfect	active,middle,passive
car	1	primary	optative	active,middle,passive
car	1	primary	perfect	active,middle
car	1	primary	periphrastic_future	active
car	1	primary	present	active,middle,passive
car	3	primary	aorist	active,middle
car	5	primary	aorist	active,middle
car	5	primary	injunctive	active,middle
carc	10	primary	future	active,middle
carc	10	primary	imperative	active,middle,passive
carc	10	primary	imperfect	active,middle,passive
carc	10	primary	optative	active,middle,passive
carc	10	primary	periphrastic_future	active
carc	10	primary	present	active,middle,passive
carv	1	primary	benedictive	active
carv	1	primary	future	active,middle
carv	1	primary	imperative	active,middle,passive
carv	1	primary	imperfect	active,middle,passive
carv	1	primary	optative	active,middle,passive
carv	1	primary	perfect	active,middle
carv	1	primary	periphrastic_future	active
carv	1	primary	present	active,middle,passive
carv	10	primary	imperative	active,middle
carv	10	primary	imperfect	active,middle
carv	10	primary	optative	active,middle
carv	10	primary	present	active,middle
cat	1	causative	future	active,middle
cat	1	causative	imperative	active,middle,passive
cat	1	causative	imperfect	active,middle,passive
cat	1	causative	optative	active,middle,passive
cat	1	causative	periphrastic_future	active
cat	1	causative	present	active,middle,passive
cat	1	primary	benedictive	active
cat	1	primary	future	active,middle
cat	1	primary	imperative	active,middle,passive
cat	1	primary	imperfect	active,middle,passive
cat	1	primary	optative	active,middle,passive
cat	1	primary	perfect	active,middle
cat	1	primary	periphrastic_future	active
cat	1	primary	present	active,middle,passive
cañc	1	primary	benedictive	active
cañc	1	primary	future	active,middle
cañc	1	primary	imperative	active,middle,passive
cañc	1	primary	imperfect	active,middle,passive
cañc	1	primary	optative	active,middle,passive
cañc	1	primary	perfect	active,middle
cañc	1	primary	periphrastic_future	active
cañc	1	primary	present	active,middle,passive
caṇḍa	11	primary	future	active,middle
caṇḍa	11	primary	imperative	middle,passive
caṇḍa	11	primary	imperfect	middle,passive
caṇḍa	11	primary	optative	middle,passive
caṇḍa	11	primary	periphrastic_future	active
caṇḍa	11	primary	present	middle,passive
caṭ	1	primary	benedictive	active
caṭ	1	primary	future	active
caṭ	1	primary	imperative	active,passive
caṭ	1	primary	imperfect	active,passive
caṭ	1	primary	optative	active,passive
caṭ	1	primary	perfect	active
caṭ	1	primary	periphrastic_future	active
caṭ	1	primary	present	active,passive
ceṣṭ	1	primary	imperative	active,middle
ceṣṭ	1	primary	imperfect	active,middle
ceṣṭ	1	primary	optative	active,middle
ceṣṭ	1	primary	present	active,middle
ceṣṭ	3	causative	future	active,middle
ceṣṭ	3	causative	imperative	active,middle
ceṣṭ	3	causative	imperfect	active,middle
ceṣṭ	3	causative	optative	active,middle
ceṣṭ	3	causative	periphrastic_future	active
ceṣṭ	3	causative	present	active,middle
ceṣṭ	3	primary	aorist	active,middle
ceṣṭ	3	primary	benedictive	active
ceṣṭ	3	primary	future	active,middle
ceṣṭ	3	primary	imperative	passive
ceṣṭ	3	primary	imperfect	passive
ceṣṭ	3	primary	optative	passive
ceṣṭ	3	primary	perfect	active,middle
ceṣṭ	3	primary	periphrastic_future	active
ceṣṭ	3	primary	present	passive
ceṣṭ	5	primary	aorist	active,middle
ceṣṭ	5	primary	injunctive	active,middle
chad	1	causative	future	active,middle
chad	1	causative	imperative	active,middle,passive
chad	1	causative	imperfect	active,middle,passive
chad	1	causative	optative	active,middle,passive
chad	1	causative	periphrastic_future	active
chad	1	causative	present	active,middle,passive
chad	1	primary	benedictive	active
chad	1	primary	future	active,middle
chad	1	primary	imperative	active,middle,passive
chad	1	primary	imperfect	active,middle,passive
chad	1	primary	optative	active,middle,passive
chad	1	primary	perfect	active,middle
chad	1	primary	periphrastic_future	active
chad	1	primary	present	active,middle,passive
chala	11	primary	future	active,middle
chala	11	primary	imperative	active,passive
chala	11	primary	imperfect	active,passive
chala	11	primary	optative	active,passive
chala	11	primary	periphrastic_future	active
chala	11	primary	present	active,passive
chand	1	causative	future	active,middle
chand	1	causative	imperative	active,middle
chand	1	causative	imperfect	active,middle
chand	1	causative	optative	active,middle
chand	1	causative	periphrastic_future	active
chand	1	causative	present	active,middle
chand	1	primary	benedictive	active
chand	1	primary	future	active,middle
chand	1	primary	imperative	active,middle,passive
chand	1	primary	imperfect	active,middle,passive
chand	1	primary	optative	active,middle,passive
chand	1	primary	perfect	active,middle
chand	1	primary	periphrastic_future	active
chand	1	primary	present	active,middle,passive
chid	1	primary	aorist	active,passive
chid	2	primary	aorist	active,middle
chid	4	causative	future	active,middle
chid	4	causative	imperative	active,middle,passive
chid	4	causative	imperfect	active,middle,passive
chid	4	causative	optative	active,middle,passive
chid	4	causative	periphrastic_future	active
chid	4	causative	present	active,middle,passive
chid	4	primary	aorist	active,middle
chid	4	primary	benedictive	active
chid	4	primary	future	active,middle
chid	4	primary	imperative	passive
chid	4	primary	imperfect	passive
chid	4	primary	injunctive	active,middle
chid	4	primary	optative	passive
chid	4	primary	perfect	active,middle
chid	4	primary	periphrastic_future	active
chid	4	primary	present	passive
chid	7	primary	imperative	active,middle
chid	7	primary	imperfect	active,middle
chid	7	primary	optative	active,middle
chid	7	primary	present	active,middle
chidra	11	primary	future	active,middle
chidra	11	primary	imperative	active,passive
chidra	11	primary	imperfect	active,passive
chidra	11	primary	optative	active,passive
chidra	11	primary	periphrastic_future	active
chidra	11	primary	present	active,passive
chṛd	1	causative	future	active,middle
chṛd	1	causative	imperative	active,middle,passive
chṛd	1	causative	imperfect	active,middle,passive
chṛd	1	causative	optative	active,middle,passive
chṛd	1	causative	periphrastic_future	active
chṛd	1	causative	present	active,middle,passive
chṛd	1	primary	benedictive	active
chṛd	1	primary	future	active
chṛd	1	primary	imperative	active,passive
chṛd	1	primary	imperfect	active,passive
chṛd	1	primary	optative	active,passive
chṛd	1	primary	perfect	active
chṛd	1	primary	periphrastic_future	active
chṛd	1	primary	present	active,passive
chṛd	7	primary	imperative	active
chṛd	7	primary	imperfect	active
chṛd	7	primary	optative	active
chṛd	7	primary	present	active
ci	1	causative	future	active,middle
ci	1	causative	imperative	active,middle,passive
ci	1	causative	imperfect	active,middle,passive
ci	1	causative	optative	active,middle,passive
ci	1	causative	periphrastic_future	active
ci	1	causative	present	active,middle,passive
ci	1	desiderative	future	active
ci	1	desiderative	imperative	active,passive
ci	1	desiderative	imperfect	active,passive
ci	1	desiderative	optative	active,passive
ci	1	desiderative	periphrastic_future	active
ci	1	desiderative	present	active,passive
ci	1	primary	aorist	active
ci	1	primary	benedictive	active
ci	1	primary	future	active,middle
ci	1	primary	imperative	passive
ci	1	primary	imperfect	passive
ci	1	primary	optative	passive
ci	1	primary	perfect	active,middle
ci	1	primary	periphrastic_future	active
ci	1	primary	present	passive
ci	4	primary	aorist	active,middle
ci	5	primary	imperative	active,middle
ci	5	primary	imperfect	active,middle
ci	5	primary	optative	active,middle
ci	5	primary	present	active,middle
cint	10	primary	future	active,middle
cint	10	primary	imperative	active,middle,passive
cint	10	primary	imperfect	active,middle,passive
cint	10	primary	optative	active,middle,passive
cint	10	primary	present	active,middle,passive
cira	11	primary	future	active,middle
cira	11	primary	imperative	active
cira	11	primary	imperfect	active
cira	11	primary	optative	active
cira	11	primary	periphrastic_future	active
cira	11	primary	present	active
cit	1	causative	future	active,middle
cit	1	causative	imperative	active,middle,passive
cit	1	causative	imperfect	active,middle,passive
cit	1	causative	optative	active,middle,passive
cit	1	causative	periphrastic_future	active
cit	1	causative	present	active,middle,passive
cit	1	desiderative	future	active
cit	1	desiderative	imperative	active,passive
cit	1	desiderative	imperfect	active,passive
cit	1	desiderative	optative	active,passive
cit	1	desiderative	periphrastic_future	active
cit	1	desiderative	present	active,passive
cit	1	intensive	present	middle
cit	1	primary	benedictive	active
cit	1	primary	future	active
cit	1	primary	imperative	active,passive
cit	1	primary	imperfect	active,passive
cit	1	primary	optative	active,passive
cit	1	primary	perfect	active,middle
cit	1	primary	periphrastic_future	active
cit	1	primary	present	active,passive
citra	11	primary	future	active,middle
citra	11	primary	imperative	middle
citra	11	primary	imperfect	middle
citra	11	primary	optative	middle
citra	11	primary	periphrastic_future	active
citra	11	primary	present	middle
cud	1	causative	future	active,middle
cud	1	causative	imperative	active,middle,passive
cud	1	causative	imperfect	active,middle,passive
cud	1	causative	optative	active,middle,passive
cud	1	causative	periphrastic_future	active
cud	1	causative	present	active,middle,passive
cud	1	causative	subjunctive	active
cud	1	primary	benedictive	active
cud	1	primary	imperative	active,middle,passive
cud	1	primary	imperfect	active,middle,passive
cud	1	primary	optative	active,middle,passive
cud	1	primary	perfect	active,middle
cud	1	primary	present	active,middle,passive
cumb	1	primary	benedictive	active
cumb	1	primary	future	active
cumb	1	primary	imperative	active,passive
cumb	1	primary	imperfect	active,passive
cumb	1	primary	optative	active,passive
cumb	1	primary	perfect	active
cumb	1	primary	periphrastic_future	active
cumb	1	primary	present	active,passive
cur	3	primary	aorist	active
cur	3	primary	future	active
cur	3	primary	imperative	passive
cur	3	primary	imperfect	passive
cur	3	primary	optative	passive
cur	3	primary	periphrastic_future	active
cur	3	primary	present	passive
cur	10	primary	imperative	active
cur	10	primary	imperfect	active
cur	10	primary	optative	active
cur	10	primary	present	active
cyu	1	primary	imperative	active,middle
cyu	1	primary	imperfect	active,middle
cyu	1	primary	optative	active,middle
cyu	1	primary	present	active,middle
cyu	3	causative	future	active,middle
cyu	3	causative	imperative	active,middle,passive
cyu	3	causative	imperfect	active,middle,passive
cyu	3	causative	optative	active,middle,passive
cyu	3	causative	periphrastic_future	active
cyu	3	causative	present	active,middle,passive
cyu	3	primary	aorist	active,middle
cyu	3	primary	benedictive	active
cyu	3	primary	future	active,middle
cyu	3	primary	imperative	passive
cyu	3	primary	imperfect	passive
cyu	3	primary	optative	passive
cyu	3	primary	perfect	active,middle
cyu	3	primary	periphrastic_future	active
cyu	3	primary	present	passive
cyu	4	primary	aorist	active,middle
cyut	1	primary	benedictive	active
cyut	1	primary	future	active
cyut	1	primary	imperative	active,passive
cyut	1	primary	imperfect	active,passive
cyut	1	primary	optative	active,passive
cyut	1	primary	perfect	active
cyut	1	primary	periphrastic_future	active
cyut	1	primary	present	active,passive
cūrṇa	11	primary	future	active,middle
cūrṇa	11	primary	imperative	active,passive
cūrṇa	11	primary	imperfect	active,passive
cūrṇa	11	primary	optative	active,passive
cūrṇa	11	primary	periphrastic_future	active
cūrṇa	11	primary	present	active,passive
cūṣ	1	primary	benedictive	active
cūṣ	1	primary	future	active,middle
cūṣ	1	primary	imperative	active,middle,passive
cūṣ	1	primary	imperfect	active,middle,passive
cūṣ	1	primary	optative	active,middle,passive
cūṣ	1	primary	perfect	active,middle
cūṣ	1	primary	periphrastic_future	active
cūṣ	1	primary	present	active,middle,passive
cṛt	6	causative	future	active,middle
cṛt	6	causative	imperative	active,middle,passive
cṛt	6	causative	imperfect	active,middle,passive
cṛt	6	causative	optative	active,middle,passive
cṛt	6	causative	periphrastic_future	active
cṛt	6	causative	present	active,middle,passive
cṛt	6	desiderative	future	active
cṛt	6	desiderative	imperative	active,passive
cṛt	6	desiderative	imperfect	active,passive
cṛt	6	desiderative	optative	active,passive
cṛt	6	desiderative	periphrastic_future	active
cṛt	6	desiderative	present	active,passive
cṛt	6	primary	benedictive	active
cṛt	6	primary	future	active
cṛt	6	primary	imperative	active,passive
cṛt	6	primary	imperfect	active,passive
cṛt	6	primary	optative	active,passive
cṛt	6	primary	perfect	active
cṛt	6	primary	periphrastic_future	active
cṛt	6	primary	present	active,passive
dabh	1	primary	benedictive	active
dabh	1	primary	future	active
dabh	1	primary	imperative	active,passive
dabh	1	primary	imperfect	active,passive
dabh	1	primary	optative	active,passive
dabh	1	primary	perfect	active
dabh	1	primary	periphrastic_future	active
dabh	1	primary	present	active,passive
dagh	5	primary	benedictive	active
dagh	5	primary	future	active
dagh	5	primary	imperative	active,passive
dagh	5	primary	imperfect	active,passive
dagh	5	primary	optative	active,passive
dagh	5	primary	perfect	active
dagh	5	primary	periphrastic_future	active
dagh	5	primary	present	active,passive
dah	1	primary	imperative	active
dah	1	primary	imperfect	active
dah	1	primary	optative	active
dah	1	primary	present	active
dah	3	primary	aorist	active,middle
dah	4	causative	future	active,middle
dah	4	causative	imperative	active,middle,passive
dah	4	causative	imperfect	active,middle,passive
dah	4	causative	optative	active,middle,passive
dah	4	causative	periphrastic_future	active
dah	4	causative	present	active,middle,passive
dah	4	intensive	imperative	active
dah	4	intensive	imperfect	active
dah	4	intensive	optative	active
dah	4	intensive	present	active
dah	4	primary	aorist	active,middle
dah	4	primary	benedictive	active
dah	4	primary	future	active
dah	4	primary	imperative	active,passive
dah	4	primary	imperfect	active,passive
dah	4	primary	optative	active,passive
dah	4	primary	perfect	active
dah	4	primary	periphrastic_future	active
dah	4	primary	present	active,passive
dakṣ	1	primary	benedictive	active
dakṣ	1	primary	future	middle
dakṣ	1	primary	imperative	middle,passive
dakṣ	1	primary	imperfect	middle,passive
dakṣ	1	primary	optative	middle,passive
dakṣ	1	primary	perfect	middle
dakṣ	1	primary	periphrastic_future	active
dakṣ	1	primary	present	middle,passive
dal	1	primary	benedictive	active
dal	1	primary	future	active
dal	1	primary	imperative	active,passive
dal	1	primary	imperfect	active,passive
dal	1	primary	optative	active,passive
dal	1	primary	perfect	active
dal	1	primary	periphrastic_future	active
dal	1	primary	present	active,passive
dam	4	causative	future	active,middle
dam	4	causative	imperative	active,middle
dam	4	causative	imperfect	active,middle
dam	4	causative	optative	active,middle
dam	4	causative	periphrastic_future	active
dam	4	causative	present	active,middle
dam	4	primary	benedictive	active
dam	4	primary	future	active
dam	4	primary	imperative	active,passive
dam	4	primary	imperfect	active,passive
dam	4	primary	optative	active,passive
dam	4	primary	perfect	active
dam	4	primary	periphrastic_future	active
dam	4	primary	present	active,passive
dantura	11	primary	future	active,middle
dantura	11	primary	imperative	active,passive
dantura	11	primary	imperfect	active,passive
dantura	11	primary	optative	active,passive
dantura	11	primary	periphrastic_future	active
dantura	11	primary	present	active,passive
das	1	primary	imperative	active
das	1	primary	imperfect	active
das	1	primary	optative	active
das	1	primary	present	active
das	2	causative	future	active,middle
das	2	causative	imperative	active,middle,passive
das	2	causative	imperfect	active,middle,passive
das	2	causative	optative	active,middle,passive
das	2	causative	periphrastic_future	active
das	2	causative	present	active,middle,passive
das	2	primary	aorist	active,middle
das	2	primary	benedictive	active
das	2	primary	future	active
das	2	primary	imperative	passive
das	2	primary	imperfect	passive
das	2	primary	optative	passive
das	2	primary	perfect	active
das	2	primary	periphrastic_future	active
das	2	primary	present	passive
das	4	primary	imperative	active
das	4	primary	imperfect	active
das	4	primary	optative	active
das	4	primary	present	active
day	1	primary	benedictive	active
day	1	primary	future	middle
day	1	primary	imperative	middle,passive
day	1	primary	imperfect	middle,passive
day	1	primary	optative	middle,passive
day	1	primary	perfect	middle
day	1	primary	periphrastic_future	active
day	1	primary	present	middle,passive
daṃś	1	intensive	imperative	middle
daṃś	1	intensive	imperfect	middle
daṃś	1	intensive	optative	middle
daṃś	1	intensive	present	middle
daṃś	1	primary	benedictive	active
daṃś	1	primary	future	active
daṃś	1	primary	imperative	active,passive
daṃś	1	primary	imperfect	active,passive
daṃś	1	primary	optative	active,passive
daṃś	1	primary	perfect	active
daṃś	1	primary	periphrastic_future	active
daṃś	1	primary	present	active,passive
daṇḍa	11	primary	future	active,middle
daṇḍa	11	primary	imperative	active,passive
daṇḍa	11	primary	imperfect	active,passive
daṇḍa	11	primary	optative	active,passive
daṇḍa	11	primary	periphrastic_future	active
daṇḍa	11	primary	present	active,passive
dev	1	causative	future	active,middle
dev	1	causative	imperative	active,middle
dev	1	causative	imperfect	active,middle
dev	1	causative	optative	active,middle
dev	1	causative	periphrastic_future	active
dev	1	causative	present	active,middle
dev	1	primary	benedictive	active
dev	1	primary	future	active,middle
dev	1	primary	imperative	active,middle,passive
dev	1	primary	imperfect	active,middle,passive
dev	1	primary	optative	active,middle,passive
dev	1	primary	perfect	active,middle
dev	1	primary	periphrastic_future	active
dev	1	primary	present	active,middle,passive
deva	11	primary	future	active,middle
deva	11	primary	imperative	active,passive
deva	11	primary	imperfect	active,passive
deva	11	primary	optative	active,passive
deva	11	primary	periphrastic_future	active
deva	11	primary	present	active,passive
dham	1	causative	future	active,middle
dham	1	causative	imperative	active,middle,passive
dham	1	causative	imperfect	active,middle,passive
dham	1	causative	optative	active,middle,passive
dham	1	causative	periphrastic_future	active
dham	1	causative	present	active,middle,passive
dham	1	primary	benedictive	active
dham	1	primary	future	active
dham	1	primary	imperative	active,passive
dham	1	primary	imperfect	active,passive
dham	1	primary	optative	active,passive
dham	1	primary	perfect	active
dham	1	primary	periphrastic_future	active
dham	1	primary	present	active,passive
dham	6	primary	aorist	active
dhana	11	primary	future	active,middle
dhana	11	primary	imperative	active
dhana	11	primary	imperfect	active
dhana	11	primary	optative	active
dhana	11	primary	periphrastic_future	active
dhana	11	primary	present	active
dhru	6	primary	benedictive	active
dhru	6	primary	future	active
dhru	6	primary	imperative	active,passive
dhru	6	primary	imperfect	active,passive
dhru	6	primary	optative	active,passive
dhru	6	primary	perfect	active
dhru	6	primary	periphrastic_future	active
dhru	6	primary	present	active,passive
dhukṣ	1	causative	future	active,middle
dhukṣ	1	causative	imperative	active,middle
dhukṣ	1	causative	imperfect	active,middle
dhukṣ	1	causative	optative	active,middle
dhukṣ	1	causative	periphrastic_future	active
dhukṣ	1	causative	present	active,middle
dhukṣ	1	primary	benedictive	active
dhukṣ	1	primary	future	middle
dhukṣ	1	primary	imperative	middle,passive
dhukṣ	1	primary	imperfect	middle,passive
dhukṣ	1	primary	optative	middle,passive
dhukṣ	1	primary	perfect	middle
dhukṣ	1	primary	periphrastic_future	active
dhukṣ	1	primary	present	middle,passive
dhvan	1	causative	future	active,middle
dhvan	1	causative	imperative	active,middle,passive
dhvan	1	causative	imperfect	active,middle,passive
dhvan	1	causative	optative	active,middle,passive
dhvan	1	causative	periphrastic_future	active
dhvan	1	causative	present	active,middle,passive
dhvan	1	primary	benedictive	active
dhvan	1	primary	future	active
dhvan	1	primary	imperative	active,passive
dhvan	1	primary	imperfect	active,passive
dhvan	1	primary	optative	active,passive
dhvan	1	primary	perfect	active
dhvan	1	primary	periphrastic_future	active
dhvan	1	primary	present	active,passive
dhvaṃs	1	causative	future	active,middle
dhvaṃs	1	causative	imperative	active,middle,passive
dhvaṃs	1	causative	imperfect	active,middle,passive
dhvaṃs	1	causative	optative	active,middle,passive
dhvaṃs	1	causative	periphrastic_future	active
dhvaṃs	1	causative	present	active,middle,passive
dhvaṃs	1	primary	benedictive	active
dhvaṃs	1	primary	future	active,middle
dhvaṃs	1	primary	imperative	active,middle,passive
dhvaṃs	1	primary	imperfect	active,middle,passive
dhvaṃs	1	primary	optative	active,middle,passive
dhvaṃs	1	primary	perfect	active,middle
dhvaṃs	1	primary	periphrastic_future	active
dhvaṃs	1	primary	present	active,middle,passive
dhvāṅkṣ	1	primary	benedictive	active
dhvāṅkṣ	1	primary	future	active,middle
dhvāṅkṣ	1	primary	imperative	active,middle,passive
dhvāṅkṣ	1	primary	imperfect	active,middle,passive
dhvāṅkṣ	1	primary	optative	active,middle,passive
dhvāṅkṣ	1	primary	perfect	active,middle
dhvāṅkṣ	1	primary	periphrastic_future	active
dhvāṅkṣ	1	primary	present	active,middle,passive
dhvṛ	1	primary	imperative	active
dhvṛ	1	primary	imperfect	active
dhvṛ	1	primary	optative	active
dhvṛ	1	primary	present	active
dhvṛ	4	causative	future	active,middle
dhvṛ	4	causative	imperative	active,middle,passive
dhvṛ	4	causative	imperfect	active,middle,passive
dhvṛ	4	causative	optative	active,middle,passive
dhvṛ	4	causative	periphrastic_future	active
dhvṛ	4	causative	present	active,middle,passive
dhvṛ	4	intensive	imperative	middle
dhvṛ	4	intensive	imperfect	middle
dhvṛ	4	intensive	optative	middle
dhvṛ	4	intensive	present	middle
dhvṛ	4	primary	aorist	active,middle
dhvṛ	4	primary	benedictive	active
dhvṛ	4	primary	future	active
dhvṛ	4	primary	imperative	passive
dhvṛ	4	primary	imperfect	passive
dhvṛ	4	primary	optative	passive
dhvṛ	4	primary	perfect	active
dhvṛ	4	primary	periphrastic_future	active
dhvṛ	4	primary	present	passive
dhyā	2	desiderative	future	middle
dhyā	2	desiderative	imperative	middle,passive
dhyā	2	desiderative	imperfect	middle,passive
dhyā	2	desiderative	optative	middle,passive
dhyā	2	desiderative	periphrastic_future	active
dhyā	2	desiderative	present	middle,passive
dhyā	2	primary	benedictive	active
dhyā	2	primary	future	active,middle
dhyā	2	primary	imperative	active,middle
dhyā	2	primary	imperfect	active,middle
dhyā	2	primary	optative	active,middle
dhyā	2	primary	perfect	active,middle
dhyā	2	primary	periphrastic_future	active
dhyā	2	primary	present	active,middle
dhyā	4	primary	aorist	active,middle
dhyā	4	primary	imperative	active,middle
dhyā	4	primary	imperfect	active,middle
dhyā	4	primary	optative	active,middle
dhyā	4	primary	present	active,middle
dhyā	5	primary	aorist	middle
dhyā	6	primary	aorist	active
dhā	1	causative	future	active,middle
dhā	1	causative	imperative	active,middle,passive
dhā	1	causative	imperfect	active,middle,passive
dhā	1	causative	optative	active,middle,passive
dhā	1	causative	periphrastic_future	active
dhā	1	causative	present	active,middle,passive
dhā	1	desiderative	future	active,middle
dhā	1	desiderative	imperative	active,middle,passive
dhā	1	desiderative	imperfect	active,middle,passive
dhā	1	desiderative	optative	active,middle,passive
dhā	1	desiderative	periphrastic_future	active
dhā	1	desiderative	present	active,middle,passive
dhā	1	primary	aorist	active,middle,passive
dhā	1	primary	benedictive	active,middle
dhā	1	primary	future	active,middle
dhā	1	primary	imperative	active,middle,passive
dhā	1	primary	imperfect	active,middle,passive
dhā	1	primary	optative	active,middle,passive
dhā	1	primary	perfect	active,middle
dhā	1	primary	periphrastic_future	active
dhā	1	primary	present	active,middle,passive
dhā	3	primary	imperative	active,middle
dhā	3	primary	imperfect	active,middle
dhā	3	primary	optative	active,middle
dhā	3	primary	present	active,middle
dhā	4	primary	aorist	active,middle
dhā	4	primary	imperative	active
dhā	4	primary	imperfect	active
dhā	4	primary	injunctive	active,middle
dhā	4	primary	optative	active
dhā	4	primary	present	active
dhāv	1	primary	benedictive	active
dhāv	1	primary	future	active,middle
dhāv	1	primary	imperative	active,middle,passive
dhāv	1	primary	imperfect	active,middle,passive
dhāv	1	primary	optative	active,middle,passive
dhāv	1	primary	perfect	active,middle
dhāv	1	primary	periphrastic_future	active
dhāv	1	primary	present	active,middle,passive
dhīra	11	primary	future	active,middle
dhīra	11	primary	imperative	active,passive
dhīra	11	primary	imperfect	active,passive
dhīra	11	primary	optative	active,passive
dhīra	11	primary	periphrastic_future	active
dhīra	11	primary	present	active,passive
dhū	5	causative	future	active,middle
dhū	5	causative	imperative	active,middle,passive
dhū	5	causative	imperfect	active,middle,passive
dhū	5	causative	optative	active,middle,passive
dhū	5	causative	periphrastic_future	active
dhū	5	causative	present	active,middle,passive
dhū	5	primary	benedictive	active
dhū	5	primary	future	active,middle
dhū	5	primary	imperative	active,middle,passive
dhū	5	primary	imperfect	active,middle,passive
dhū	5	primary	optative	active,middle,passive
dhū	5	primary	perfect	active,middle
dhū	5	primary	periphrastic_future	active
dhū	5	primary	present	active,middle,passive
dhūma	11	primary	future	active,middle
dhūma	11	primary	imperative	middle
dhūma	11	primary	imperfect	middle
dhūma	11	primary	optative	middle
dhūma	11	primary	periphrastic_future	active
dhūma	11	primary	present	middle
dhṛ	1	primary	imperative	active,middle
dhṛ	1	primary	imperfect	active,middle
dhṛ	1	primary	optative	active,middle
dhṛ	1	primary	present	active,middle
dhṛ	3	causative	future	active,middle
dhṛ	3	causative	imperative	active,middle,passive
dhṛ	3	causative	imperfect	active,middle,passive
dhṛ	3	causative	optative	active,middle,passive
dhṛ	3	causative	periphrastic_future	active
dhṛ	3	causative	present	active,middle,passive
dhṛ	3	desiderative	future	active,middle
dhṛ	3	desiderative	imperative	active,middle,passive
dhṛ	3	desiderative	imperfect	active,middle,passive
dhṛ	3	desiderative	optative	active,middle,passive
dhṛ	3	desiderative	periphrastic_future	active
dhṛ	3	desiderative	present	active,middle,passive
dhṛ	3	intensive	imperative	active
dhṛ	3	intensive	imperfect	active
dhṛ	3	intensive	optative	active
dhṛ	3	intensive	present	active
dhṛ	3	primary	aorist	active,middle
dhṛ	3	primary	benedictive	active
dhṛ	3	primary	future	active,middle
dhṛ	3	primary	imperative	passive
dhṛ	3	primary	imperfect	passive
dhṛ	3	primary	optative	passive
dhṛ	3	primary	perfect	active,middle
dhṛ	3	primary	periphrastic_future	active
dhṛ	3	primary	present	passive
dhṛṣ	1	causative	future	active,middle
dhṛṣ	1	causative	imperative	active,middle,passive
dhṛṣ	1	causative	imperfect	active,middle,passive
dhṛṣ	1	causative	optative	active,middle,passive
dhṛṣ	1	causative	periphrastic_future	active
dhṛṣ	1	causative	present	active,middle,passive
dhṛṣ	1	primary	benedictive	active
dhṛṣ	1	primary	future	active,middle
dhṛṣ	1	primary	imperative	active,middle,passive
dhṛṣ	1	primary	imperfect	active,middle,passive
dhṛṣ	1	primary	optative	active,middle,passive
dhṛṣ	1	primary	perfect	active,middle
dhṛṣ	1	primary	periphrastic_future	active
dhṛṣ	1	primary	present	active,middle,passive
dhṛṣ	5	primary	imperative	active
dhṛṣ	5	primary	imperfect	active
dhṛṣ	5	primary	optative	active
dhṛṣ	5	primary	present	active
dih	2	causative	future	active,middle
dih	2	causative	imperative	active,middle,passive
dih	2	causative	imperfect	active,middle,passive
dih	2	causative	optative	active,middle,passive
dih	2	causative	periphrastic_future	active
dih	2	causative	present	active,middle,passive
dih	2	primary	benedictive	active
dih	2	primary	future	active,middle
dih	2	primary	imperative	active,middle,passive
dih	2	primary	imperfect	active,middle,passive
dih	2	primary	optative	active,middle,passive
dih	2	primary	perfect	active,middle
dih	2	primary	periphrastic_future	active
dih	2	primary	present	active,middle,passive
dih	3	primary	aorist	active,middle
dih	7	primary	aorist	active,middle
diś	3	primary	aorist	active,middle
diś	6	primary	imperative	active,middle
diś	6	primary	imperfect	active,middle
diś	6	primary	optative	active,middle
diś	6	primary	present	active,middle
diś	7	causative	future	active,middle
diś	7	causative	imperative	active,middle,passive
diś	7	causative	imperfect	active,middle,passive
diś	7	causative	optative	active,middle,passive
diś	7	causative	periphrastic_future	active
diś	7	causative	present	active,middle,passive
diś	7	desiderative	future	active
diś	7	desiderative	imperative	active,passive
diś	7	desiderative	imperfect	active,passive
diś	7	desiderative	optative	active,passive
diś	7	desiderative	periphrastic_future	active
diś	7	desiderative	present	active,passive
diś	7	primary	aorist	active,middle
diś	7	primary	benedictive	active
diś	7	primary	future	active,middle
diś	7	primary	imperative	passive
diś	7	primary	imperfect	passive
diś	7	primary	optative	passive
diś	7	primary	perfect	active,middle
diś	7	primary	periphrastic_future	active
diś	7	primary	present	passive
dola	11	primary	future	active,middle
dola	11	primary	imperative	active,passive
dola	11	primary	imperfect	active,passive
dola	11	primary	optative	active,passive
dola	11	primary	periphrastic_future	active
dola	11	primary	present	active,passive
dram	1	intensive	imperative	middle
dram	1	intensive	imperfect	middle
dram	1	intensive	optative	middle
dram	1	intensive	present	middle
dram	1	primary	benedictive	active
dram	1	primary	future	active,middle
dram	1	primary	imperative	active,middle,passive
dram	1	primary	imperfect	active,middle,passive
dram	1	primary	optative	active,middle,passive
dram	1	primary	perfect	active,middle
dram	1	primary	periphrastic_future	active
dram	1	primary	present	active,middle,passive
dravat	11	primary	future	active,middle
dravat	11	primary	imperative	active
dravat	11	primary	imperfect	active
dravat	11	primary	optative	active
dravat	11	primary	periphrastic_future	active
dravat	11	primary	present	active
dru	1	primary	imperative	active
dru	1	primary	imperfect	active
dru	1	primary	optative	active
dru	1	primary	present	active
dru	3	causative	future	active,middle
dru	3	causative	imperative	active,middle,passive
dru	3	causative	imperfect	active,middle,passive
dru	3	causative	optative	active,middle,passive
dru	3	causative	periphrastic_future	active
dru	3	causative	present	active,middle,passive
dru	3	desiderative	future	active
dru	3	desiderative	imperative	active,passive
dru	3	desiderative	imperfect	active,passive
dru	3	desiderative	optative	active,passive
dru	3	desiderative	periphrastic_future	active
dru	3	desiderative	present	active,passive
dru	3	primary	aorist	active,middle
dru	3	primary	benedictive	active
dru	3	primary	future	active
dru	3	primary	perfect	active
dru	3	primary	periphrastic_future	active
druh	4	causative	future	active,middle
druh	4	causative	imperative	active,middle,passive
druh	4	causative	imperfect	active,middle,passive
druh	4	causative	optative	active,middle,passive
druh	4	causative	periphrastic_future	active
druh	4	causative	present	active,middle,passive
druh	4	primary	benedictive	active
druh	4	primary	future	active
druh	4	primary	imperative	active,passive
druh	4	primary	imperfect	active,passive
druh	4	primary	optative	active,passive
druh	4	primary	perfect	active
druh	4	primary	periphrastic_future	active
druh	4	primary	present	active,passive
drā	2	causative	future	active,middle
drā	2	causative	imperative	active,middle,passive
drā	2	causative	imperfect	active,middle,passive
drā	2	causative	optative	active,middle,passive
drā	2	causative	periphrastic_future	active
drā	2	causative	present	active,middle,passive
drā	2	intensive	imperative	active
drā	2	intensive	imperfect	active
drā	2	intensive	optative	active
drā	2	intensive	present	active
drā	2	primary	benedictive	active
drā	2	primary	future	active,middle
drā	2	primary	imperative	active,passive
drā	2	primary	imperfect	active,passive
drā	2	primary	optative	active,passive
drā	2	primary	perfect	active,middle
drā	2	primary	periphrastic_future	active
drā	2	primary	present	active,passive
drā	4	primary	aorist	active,middle
drā	4	primary	imperative	middle
drā	4	primary	imperfect	middle
drā	4	primary	optative	middle
drā	4	primary	present	middle
drāgh	1	causative	future	active,middle
drāgh	1	causative	imperative	active,middle,passive
drāgh	1	causative	imperfect	active,middle,passive
drāgh	1	causative	optative	active,middle,passive
drāgh	1	causative	periphrastic_future	active
drāgh	1	causative	present	active,middle,passive
drāgh	1	primary	benedictive	active
drāgh	1	primary	future	active,middle
drāgh	1	primary	imperative	active,middle,passive
drāgh	1	primary	imperfect	active,middle,passive
drāgh	1	primary	optative	active,middle,passive
drāgh	1	primary	perfect	active,middle
drāgh	1	primary	periphrastic_future	active
drāgh	1	primary	present	active,middle,passive
du	5	causative	future	active,middle
du	5	causative	imperative	active,middle,passive
du	5	causative	imperfect	active,middle,passive
du	5	causative	optative	active,middle,passive
du	5	causative	periphrastic_future	active
du	5	causative	present	active,middle,passive
du	5	desiderative	future	active
du	5	desiderative	imperative	active,passive
du	5	desiderative	imperfect	active,passive
du	5	desiderative	optative	active,passive
du	5	desiderative	periphrastic_future	active
du	5	desiderative	present	active,passive
du	5	primary	benedictive	active
du	5	primary	future	active
du	5	primary	imperative	active,passive
du	5	primary	imperfect	active,passive
du	5	primary	optative	active,passive
du	5	primary	perfect	active
du	5	primary	periphrastic_future	active
du	5	primary	present	active,passive
duh	1	primary	aorist	passive
duh	2	causative	future	active,middle
duh	2	causative	imperative	active,middle,passive
duh	2	causative	imperfect	active,middle,passive
duh	2	causative	optative	active,middle,passive
duh	2	causative	periphrastic_future	active
duh	2	causative	present	active,middle,passive
duh	2	desiderative	future	active
duh	2	desiderative	imperative	active,passive
duh	2	desiderative	imperfect	active,passive
duh	2	desiderative	optative	active,passive
duh	2	desiderative	periphrastic_future	active
duh	2	desiderative	present	active,passive
duh	2	primary	benedictive	active
duh	2	primary	future	active,middle
duh	2	primary	imperative	active,middle,passive
duh	2	primary	imperfect	active,middle,passive
duh	2	primary	optative	active,middle,passive
duh	2	primary	perfect	active,middle
duh	2	primary	periphrastic_future	active
duh	2	primary	present	active,middle,passive
duh	4	primary	imperative	active
duh	4	primary	imperfect	active
duh	4	primary	optative	active
duh	4	primary	present	active
duh	7	primary	aorist	active,middle
durdina	11	primary	future	active,middle
durdina	11	primary	imperative	middle
durdina	11	primary	imperfect	middle
durdina	11	primary	optative	middle
durdina	11	primary	periphrastic_future	active
durdina	11	primary	present	middle
duḥkha	11	primary	future	active,middle
duḥkha	11	primary	imperative	active,middle
duḥkha	11	primary	imperfect	active,middle
duḥkha	11	primary	optative	active,middle
duḥkha	11	primary	periphrastic_future	active
duḥkha	11	primary	present	active,middle
duṣ	3	causative	aorist	active,middle
duṣ	4	causative	future	active,middle
duṣ	4	causative	imperative	active,middle,passive
duṣ	4	causative	imperfect	active,middle,passive
duṣ	4	causative	optative	active,middle,passive
duṣ	4	causative	periphrastic_future	active
duṣ	4	causative	present	active,middle,passive
duṣ	4	primary	benedictive	active
duṣ	4	primary	future	active
duṣ	4	primary	imperative	active,passive
duṣ	4	primary	imperfect	active,passive
duṣ	4	primary	optative	active,passive
duṣ	4	primary	perfect	active
duṣ	4	primary	periphrastic_future	active
duṣ	4	primary	present	active,passive
dviṣ	1	primary	aorist	passive
dviṣ	2	primary	imperative	active,middle
dviṣ	2	primary	imperfect	active,middle
dviṣ	2	primary	optative	active,middle
dviṣ	2	primary	present	active,middle
dviṣ	6	primary	imperative	active,middle
dviṣ	6	primary	imperfect	active,middle
dviṣ	6	primary	optative	active,middle
dviṣ	6	primary	present	active,middle
dviṣ	7	causative	future	active,middle
dviṣ	7	causative	imperative	active,middle,passive
dviṣ	7	causative	imperfect	active,middle,passive
dviṣ	7	causative	optative	active,middle,passive
dviṣ	7	causative	periphrastic_future	active
dviṣ	7	causative	present	active,middle,passive
dviṣ	7	desiderative	future	active,middle
dviṣ	7	desiderative	imperative	active,middle,passive
dviṣ	7	desiderative	imperfect	active,middle,passive
dviṣ	7	desiderative	optative	active,middle,passive
dviṣ	7	desiderative	periphrastic_future	active
dviṣ	7	desiderative	present	active,middle,passive
dviṣ	7	intensive	imperative	active
dviṣ	7	intensive	imperfect	active
dviṣ	7	intensive	optative	active
dviṣ	7	intensive	present	active
dviṣ	7	primary	aorist	active,middle
dviṣ	7	primary	benedictive	active
dviṣ	7	primary	future	active,middle
dviṣ	7	primary	imperative	passive
dviṣ	7	primary	imperfect	passive
dviṣ	7	primary	optative	passive
dviṣ	7	primary	perfect	active,middle
dviṣ	7	primary	periphrastic_future	active
dviṣ	7	primary	present	passive
dyut	1	primary	imperative	active,middle
dyut	1	primary	imperfect	active,middle
dyut	1	primary	optative	active,middle
dyut	1	primary	present	active,middle
dyut	2	primary	aorist	active,middle
dyut	3	causative	future	active,middle
dyut	3	causative	imperative	active,middle,passive
dyut	3	causative	imperfect	active,middle,passive
dyut	3	causative	optative	active,middle,passive
dyut	3	causative	periphrastic_future	active
dyut	3	causative	present	active,middle,passive
dyut	3	primary	aorist	active
dyut	3	primary	benedictive	active
dyut	3	primary	future	active,middle
dyut	3	primary	perfect	active,middle
dyut	3	primary	periphrastic_future	active
dā	1	primary	aorist	active,passive
dā	1	primary	imperative	active,middle
dā	1	primary	imperfect	active,middle
dā	1	primary	optative	active,middle
dā	1	primary	present	active,middle
dā	2	primary	imperative	active
dā	2	primary	imperfect	active
dā	2	primary	optative	active
dā	2	primary	present	active
dā	3	causative	aorist	active,middle
dā	3	causative	future	active,middle
dā	3	causative	imperative	active,middle,passive
dā	3	causative	imperfect	active,middle,passive
dā	3	causative	optative	active,middle,passive
dā	3	causative	periphrastic_future	active
dā	3	causative	present	active,middle,passive
dā	3	desiderative	future	active
dā	3	desiderative	imperative	active,passive
dā	3	desiderative	imperfect	active,passive
dā	3	desiderative	optative	active,passive
dā	3	desiderative	periphrastic_future	active
dā	3	desiderative	present	active,passive
dā	3	primary	benedictive	active,middle
dā	3	primary	conditional	active,middle
dā	3	primary	future	active,middle
dā	3	primary	imperative	active,middle,passive
dā	3	primary	imperfect	active,middle,passive
dā	3	primary	optative	active,middle,passive
dā	3	primary	perfect	active,middle
dā	3	primary	periphrastic_future	active
dā	3	primary	present	active,middle,passive
dā	4	primary	aorist	active,middle
dā	4	primary	imperative	active
dā	4	primary	imperfect	active
dā	4	primary	injunctive	active,middle
dā	4	primary	optative	active
dā	4	primary	present	active
dāś	1	causative	future	active,middle
dāś	1	causative	imperative	active,middle
dāś	1	causative	imperfect	active,middle
dāś	1	causative	optative	active,middle
dāś	1	causative	periphrastic_future	active
dāś	1	causative	present	active,middle
dāś	1	primary	benedictive	active
dāś	1	primary	future	active,middle
dāś	1	primary	imperative	active,middle,passive
dāś	1	primary	imperfect	active,middle,passive
dāś	1	primary	optative	active,middle,passive
dāś	1	primary	perfect	active,middle
dāś	1	primary	periphrastic_future	active
dāś	1	primary	present	active,middle,passive
dīkṣ	1	causative	future	active,middle
dīkṣ	1	causative	imperative	active,middle
dīkṣ	1	causative	imperfect	active,middle
dīkṣ	1	causative	optative	active,middle
dīkṣ	1	causative	periphrastic_future	active
dīkṣ	1	causative	present	active,middle
dīkṣ	1	primary	benedictive	active
dīkṣ	1	primary	future	middle
dīkṣ	1	primary	imperative	middle,passive
dīkṣ	1	primary	imperfect	middle,passive
dīkṣ	1	primary	optative	middle,passive
dīkṣ	1	primary	perfect	middle
dīkṣ	1	primary	periphrastic_future	active
dīkṣ	1	primary	present	middle,passive
dīp	1	primary	aorist	passive
dīp	3	causative	aorist	active,middle
dīp	3	causative	future	active,middle
dīp	3	causative	imperative	active,middle
dīp	3	causative	imperfect	active,middle
dīp	3	causative	optative	active,middle
dīp	3	causative	periphrastic_future	active
dīp	3	causative	present	active,middle
dīp	3	intensive	imperative	middle
dīp	3	intensive	imperfect	middle
dīp	3	intensive	optative	middle
dīp	3	intensive	present	middle
dīp	3	primary	aorist	active,middle
dīp	3	primary	benedictive	active
dīp	3	primary	future	active,middle
dīp	3	primary	imperative	passive
dīp	3	primary	imperfect	passive
dīp	3	primary	optative	passive
dīp	3	primary	perfect	active,middle
dīp	3	primary	periphrastic_future	active
dīp	3	primary	present	passive
dīp	4	primary	imperative	active
dīp	4	primary	imperfect	active
dīp	4	primary	optative	active
dīp	4	primary	present	active
dīp	5	primary	aorist	active,middle
dīp	5	primary	injunctive	active,middle
dīv	4	causative	future	active,middle
dīv	4	causative	imperative	active,middle,passive
dīv	4	causative	imperfect	active,middle,passive
dīv	4	causative	optative	active,middle,passive
dīv	4	causative	periphrastic_future	active
dīv	4	causative	present	active,middle,passive
dīv	4	desiderative	future	active
dīv	4	desiderative	imperative	active,passive
dīv	4	desiderative	imperfect	active,passive
dīv	4	desiderative	optative	active,passive
dīv	4	desiderative	periphrastic_future	active
dīv	4	desiderative	present	active,passive
dīv	4	primary	benedictive	active
dīv	4	primary	future	active,middle
dīv	4	primary	imperative	active,passive
dīv	4	primary	imperfect	active,passive
dīv	4	primary	optative	active,passive
dīv	4	primary	perfect	active,middle
dīv	4	primary	periphrastic_future	active
dīv	4	primary	present	active,passive
dṛbh	6	causative	future	active,middle
dṛbh	6	causative	imperative	active,middle,passive
dṛbh	6	causative	imperfect	active,middle,passive
dṛbh	6	causative	optative	active,middle,passive
dṛbh	6	causative	periphrastic_future	active
dṛbh	6	causative	present	active,middle,passive
dṛbh	6	primary	benedictive	active
dṛbh	6	primary	future	active
dṛbh	6	primary	imperative	active,passive
dṛbh	6	primary	imperfect	active,passive
dṛbh	6	primary	optative	active,passive
dṛbh	6	primary	perfect	active
dṛbh	6	primary	periphrastic_future	active
dṛbh	6	primary	present	active,passive
dṛh	1	primary	benedictive	active
dṛh	1	primary	future	active
dṛh	1	primary	imperative	active,passive
dṛh	1	primary	imperfect	active,passive
dṛh	1	primary	optative	active,passive
dṛh	1	primary	perfect	active
dṛh	1	primary	periphrastic_future	active
dṛh	1	primary	present	active,passive
dṛp	4	causative	future	active,middle
dṛp	4	causative	imperative	active,middle,passive
dṛp	4	causative	imperfect	active,middle,passive
dṛp	4	causative	optative	active,middle,passive
dṛp	4	causative	periphrastic_future	active
dṛp	4	causative	present	active,middle,passive
dṛp	4	primary	benedictive	active
dṛp	4	primary	future	active
dṛp	4	primary	imperative	active,passive
dṛp	4	primary	imperfect	active,passive
dṛp	4	primary	optative	active,passive
dṛp	4	primary	perfect	active
dṛp	4	primary	periphrastic_future	active
dṛp	4	primary	present	active,passive
dṛś	1	primary	aorist	passive
dṛś	2	causative	future	active,middle
dṛś	2	causative	imperative	active,middle,passive
dṛś	2	causative	imperfect	active,middle,passive
dṛś	2	causative	optative	active,middle,passive
dṛś	2	causative	periphrastic_future	active
dṛś	2	causative	present	active,middle,passive
dṛś	2	desiderative	future	active,middle
dṛś	2	desiderative	imperative	active,middle,passive
dṛś	2	desiderative	imperfect	active,middle,passive
dṛś	2	desiderative	optative	active,middle,passive
dṛś	2	desiderative	periphrastic_future	active
dṛś	2	desiderative	present	active,middle,passive
dṛś	2	intensive	imperative	middle
dṛś	2	intensive	imperfect	middle
dṛś	2	intensive	optative	middle
dṛś	2	intensive	present	middle
dṛś	2	primary	aorist	active
dṛś	2	primary	benedictive	active
dṛś	2	primary	conditional	active,middle
dṛś	2	primary	future	active,middle
dṛś	2	primary	imperative	passive
dṛś	2	primary	imperfect	passive
dṛś	2	primary	optative	passive
dṛś	2	primary	perfect	active,middle
dṛś	2	primary	periphrastic_future	active
dṛś	2	primary	present	passive
dṛś	3	primary	aorist	active
dṛś	4	primary	aorist	active
dṝ	9	causative	future	active,middle
dṝ	9	causative	imperative	active,middle,passive
dṝ	9	causative	imperfect	active,middle,passive
dṝ	9	causative	optative	active,middle,passive
dṝ	9	causative	periphrastic_future	active
dṝ	9	causative	present	active,middle,passive
dṝ	9	primary	benedictive	active
dṝ	9	primary	future	active
dṝ	9	primary	imperative	active,passive
dṝ	9	primary	imperfect	active,passive
dṝ	9	primary	optative	active,passive
dṝ	9	primary	perfect	active
dṝ	9	primary	periphrastic_future	active
dṝ	9	primary	present	active,passive
edh	1	causative	future	active,middle
edh	1	causative	imperative	active,middle
edh	1	causative	imperfect	active,middle
edh	1	causative	optative	active,middle
edh	1	causative	periphrastic_future	active
edh	1	causative	present	active,middle
edh	1	primary	benedictive	active
edh	1	primary	future	middle
edh	1	primary	imperative	middle,passive
edh	1	primary	imperfect	middle,passive
edh	1	primary	optative	middle,passive
edh	1	primary	perfect	middle
edh	1	primary	periphrastic_future	active
edh	1	primary	present	middle,passive
ej	1	causative	future	active,middle
ej	1	causative	imperative	active,middle
ej	1	causative	imperfect	active,middle
ej	1	causative	optative	active,middle
ej	1	causative	periphrastic_future	active
ej	1	causative	present	active,middle
ej	1	primary	benedictive	active
ej	1	primary	future	active
ej	1	primary	imperative	active,passive
ej	1	primary	imperfect	active,passive
ej	1	primary	optative	active,passive
ej	1	primary	perfect	active
ej	1	primary	periphrastic_future	active
ej	1	primary	present	active,passive
gad	1	causative	future	active,middle
gad	1	causative	imperative	active,middle
gad	1	causative	imperfect	active,middle
gad	1	causative	optative	active,middle
gad	1	causative	periphrastic_future	active
gad	1	causative	present	active,middle
gad	1	desiderative	future	active
gad	1	desiderative	imperative	active,passive
gad	1	desiderative	imperfect	active,passive
gad	1	desiderative	optative	active,passive
gad	1	desiderative	periphrastic_future	active
gad	1	desiderative	present	active,passive
gad	1	intensive	imperative	middle
gad	1	intensive	imperfect	middle
gad	1	intensive	optative	middle
gad	1	intensive	present	middle
gad	1	primary	benedictive	active
gad	1	primary	future	active,middle
gad	1	primary	imperative	active,passive
gad	1	primary	imperfect	active,passive
gad	1	primary	optative	active,passive
gad	1	primary	perfect	active
gad	1	primary	periphrastic_future	active
gad	1	primary	present	active,passive
gadgada	11	primary	future	active,middle
gadgada	11	primary	imperative	active
gadgada	11	primary	imperfect	active
gadgada	11	primary	optative	active
gadgada	11	primary	periphrastic_future	active
gadgada	11	primary	present	active
gah	10	primary	future	active,middle
gah	10	primary	imperative	active,middle,passive
gah	10	primary	imperfect	active,middle,passive
gah	10	primary	optative	active,middle,passive
gah	10	primary	periphrastic_future	active
gah	10	primary	present	active,middle,passive
gahana	11	primary	future	active,middle
gahana	11	primary	imperative	middle
gahana	11	primary	imperfect	middle
gahana	11	primary	optative	middle
gahana	11	primary	periphrastic_future	active
gahana	11	primary	present	middle
gaj	1	primary	benedictive	active
gaj	1	primary	future	active
gaj	1	primary	imperative	active,passive
gaj	1	primary	imperfect	active,passive
gaj	1	primary	optative	active,passive
gaj	1	primary	perfect	active
gaj	1	primary	periphrastic_future	active
gaj	1	primary	present	active,passive
gal	1	causative	future	active,middle
gal	1	causative	imperative	active,middle,passive
gal	1	causative	imperfect	active,middle,passive
gal	1	causative	optative	active,middle,passive
gal	1	causative	periphrastic_future	active
gal	1	causative	present	active,middle,passive
gal	1	intensive	imperative	active
gal	1	intensive	imperfect	active
gal	1	intensive	optative	active
gal	1	intensive	present	active
gal	1	primary	benedictive	active
gal	1	primary	future	active
gal	1	primary	imperative	active,passive
gal	1	primary	imperfect	active,passive
gal	1	primary	optative	active,passive
gal	1	primary	perfect	active
gal	1	primary	periphrastic_future	active
gal	1	primary	present	active,passive
galbh	1	primary	benedictive	active
galbh	1	primary	future	middle
galbh	1	primary	imperative	middle,passive
galbh	1	primary	imperfect	middle,passive
galbh	1	primary	optative	middle,passive
galbh	1	primary	perfect	middle
galbh	1	primary	periphrastic_future	active
galbh	1	primary	present	middle,passive
gam	1	causative	future	active,middle
gam	1	causative	imperative	active,middle
gam	1	causative	imperfect	active,middle
gam	1	causative	optative	active,middle
gam	1	causative	periphrastic_future	active
gam	1	causative	present	active,middle
gam	1	desiderative	future	active,middle
gam	1	desiderative	imperative	active,middle,passive
gam	1	desiderative	imperfect	active,middle,passive
gam	1	desiderative	optative	active,middle,passive
gam	1	desiderative	periphrastic_future	active
gam	1	desiderative	present	active,middle,passive
gam	1	intensive	imperative	middle
gam	1	intensive	imperfect	middle
gam	1	intensive	optative	middle
gam	1	intensive	present	middle
gam	1	primary	aorist	active,middle,passive
gam	1	primary	benedictive	active
gam	1	primary	conditional	active,middle
gam	1	primary	future	active,middle
gam	1	primary	imperative	active,middle,passive
gam	1	primary	imperfect	active,middle,passive
gam	1	primary	injunctive	active,middle,passive
gam	1	primary	optative	active,middle,passive
gam	1	primary	perfect	active,middle
gam	1	primary	periphrastic_future	active
gam	1	primary	present	active,middle,passive
gam	1	primary	subjunctive	active
gam	2	primary	aorist	active,middle
gam	2	primary	injunctive	active,middle
gam	3	primary	aorist	active,middle
gam	3	primary	injunctive	active,middle
gard	1	primary	benedictive	active
gard	1	primary	future	active
gard	1	primary	imperative	active,passive
gard	1	primary	imperfect	active,passive
gard	1	primary	optative	active,passive
gard	1	primary	perfect	active
gard	1	primary	periphrastic_future	active
gard	1	primary	present	active,passive
gardabha	11	primary	future	active,middle
gardabha	11	primary	imperative	active,passive
gardabha	11	primary	imperfect	active,passive
gardabha	11	primary	optative	active,passive
gardabha	11	primary	periphrastic_future	active
gardabha	11	primary	present	active,passive
garh	1	primary	benedictive	active
garh	1	primary	future	active,middle
garh	1	primary	imperative	active,middle,passive
garh	1	primary	imperfect	active,middle,passive
garh	1	primary	optative	active,middle,passive
garh	1	primary	perfect	active,middle
garh	1	primary	periphrastic_future	active
garh	1	primary	present	active,middle,passive
garh	5	primary	aorist	middle
garh	10	primary	imperative	active,middle
garh	10	primary	imperfect	active,middle
garh	10	primary	optative	active,middle
garh	10	primary	present	active,middle
garj	1	primary	benedictive	active
garj	1	primary	future	active
garj	1	primary	imperative	active,passive
garj	1	primary	imperfect	active,passive
garj	1	primary	optative	active,passive
garj	1	primary	perfect	active
garj	1	primary	periphrastic_future	active
garj	1	primary	present	active,passive
garva	11	primary	future	active,middle
garva	11	primary	imperative	active,middle,passive
garva	11	primary	imperfect	active,middle,passive
garva	11	primary	optative	active,middle,passive
garva	11	primary	periphrastic_future	active
garva	11	primary	present	active,middle,passive
gaveṣ	1	primary	benedictive	active
gaveṣ	1	primary	future	active,middle
gaveṣ	1	primary	imperative	middle,passive
gaveṣ	1	primary	imperfect	middle,passive
gaveṣ	1	primary	optative	middle,passive
gaveṣ	1	primary	perfect	active,middle
gaveṣ	1	primary	periphrastic_future	active
gaveṣ	1	primary	present	middle,passive
gaveṣ	10	primary	imperative	active,middle
gaveṣ	10	primary	imperfect	active,middle
gaveṣ	10	primary	optative	active,middle
gaveṣ	10	primary	present	active,middle
gaṇ	3	primary	aorist	active,middle
gaṇ	10	primary	future	active,middle
gaṇ	10	primary	imperative	active,middle,passive
gaṇ	10	primary	imperfect	active,middle,passive
gaṇ	10	primary	optative	active,middle,passive
gaṇ	10	primary	periphrastic_future	active
gaṇ	10	primary	present	active,middle,passive
ghas	2	desiderative	future	active
ghas	2	desiderative	imperative	active,passive
ghas	2	desiderative	imperfect	active,passive
ghas	2	desiderative	optative	active,passive
ghas	2	desiderative	periphrastic_future	active
ghas	2	desiderative	present	active,passive
ghas	2	primary	aorist	active,middle
ghas	2	primary	benedictive	active
ghas	2	primary	future	active
ghas	2	primary	injunctive	active,middle
ghas	2	primary	perfect	active
ghas	2	primary	periphrastic_future	active
ghaṭ	1	causative	future	active,middle
ghaṭ	1	causative	imperative	active,middle,passive
ghaṭ	1	causative	imperfect	active,middle,passive
ghaṭ	1	causative	optative	active,middle,passive
ghaṭ	1	causative	periphrastic_future	active
ghaṭ	1	causative	present	active,middle,passive
ghaṭ	1	intensive	imperative	active
ghaṭ	1	intensive	imperfect	active
ghaṭ	1	intensive	optative	active
ghaṭ	1	intensive	present	active
ghaṭ	1	primary	benedictive	active
ghaṭ	1	primary	future	middle
ghaṭ	1	primary	imperative	middle,passive
ghaṭ	1	primary	imperfect	middle,passive
ghaṭ	1	primary	optative	middle,passive
ghaṭ	1	primary	perfect	middle
ghaṭ	1	primary	periphrastic_future	active
ghaṭ	1	primary	present	middle,passive
ghaṭṭ	1	causative	future	active,middle
ghaṭṭ	1	causative	imperative	active,middle
ghaṭṭ	1	causative	imperfect	active,middle
ghaṭṭ	1	causative	optative	active,middle
ghaṭṭ	1	causative	periphrastic_future	active
ghaṭṭ	1	causative	present	active,middle
ghaṭṭ	1	primary	benedictive	active
ghaṭṭ	1	primary	future	active,middle
ghaṭṭ	1	primary	imperative	middle,passive
ghaṭṭ	1	primary	imperfect	middle,passive
ghaṭṭ	1	primary	optative	middle,passive
ghaṭṭ	1	primary	perfect	active,middle
ghaṭṭ	1	primary	periphrastic_future	active
ghaṭṭ	1	primary	present	middle,passive
ghrā	1	causative	future	active,middle
ghrā	1	causative	imperative	active,middle,passive
ghrā	1	causative	imperfect	active,middle,passive
ghrā	1	causative	optative	active,middle,passive
ghrā	1	causative	periphrastic_future	active
ghrā	1	causative	present	active,middle,passive
ghrā	1	primary	benedictive	active
ghrā	1	primary	future	active
ghrā	1	primary	imperative	active,passive
ghrā	1	primary	imperfect	active,passive
ghrā	1	primary	optative	active,passive
ghrā	1	primary	perfect	active
ghrā	1	primary	periphrastic_future	active
ghrā	1	primary	present	active,passive
ghuṣ	1	primary	imperative	active
ghuṣ	1	primary	imperfect	active
ghuṣ	1	primary	optative	active
ghuṣ	1	primary	present	active
ghuṣ	2	causative	future	active,middle
ghuṣ	2	causative	imperative	active,middle,passive
ghuṣ	2	causative	imperfect	active,middle,passive
ghuṣ	2	causative	optative	active,middle,passive
ghuṣ	2	causative	periphrastic_future	active
ghuṣ	2	causative	present	active,middle,passive
ghuṣ	2	primary	aorist	active,middle
ghuṣ	2	primary	benedictive	active
ghuṣ	2	primary	future	active
ghuṣ	2	primary	imperative	passive
ghuṣ	2	primary	imperfect	passive
ghuṣ	2	primary	optative	passive
ghuṣ	2	primary	perfect	active
ghuṣ	2	primary	periphrastic_future	active
ghuṣ	2	primary	present	passive
ghuṣ	3	primary	aorist	active,middle
ghuṣ	5	primary	aorist	active,middle
ghuṭ	1	primary	imperative	active,middle
ghuṭ	1	primary	imperfect	active,middle
ghuṭ	1	primary	optative	active,middle
ghuṭ	1	primary	present	active,middle
ghuṭ	6	primary	benedictive	active
ghuṭ	6	primary	future	active,middle
ghuṭ	6	primary	imperative	active,middle,passive
ghuṭ	6	primary	imperfect	active,middle,passive
ghuṭ	6	primary	optative	active,middle,passive
ghuṭ	6	primary	perfect	active,middle
ghuṭ	6	primary	periphrastic_future	active
ghuṭ	6	primary	present	active,middle,passive
ghūrṇ	1	primary	imperative	middle
ghūrṇ	1	primary	imperfect	middle
ghūrṇ	1	primary	optative	middle
ghūrṇ	1	primary	present	middle
ghūrṇ	6	primary	benedictive	active
ghūrṇ	6	primary	future	active,middle
ghūrṇ	6	primary	imperative	active,passive
ghūrṇ	6	primary	imperfect	active,passive
ghūrṇ	6	primary	optative	active,passive
ghūrṇ	6	primary	perfect	active,middle
ghūrṇ	6	primary	periphrastic_future	active
ghūrṇ	6	primary	present	active,passive
ghṛ	1	causative	future	active,middle
ghṛ	1	causative	imperative	active,middle,passive
ghṛ	1	causative	imperfect	active,middle,passive
ghṛ	1	causative	optative	active,middle,passive
ghṛ	1	causative	periphrastic_future	active
ghṛ	1	causative	present	active,middle,passive
ghṛ	1	primary	benedictive	active
ghṛ	1	primary	future	active
ghṛ	1	primary	imperative	active,passive
ghṛ	1	primary	imperfect	active,passive
ghṛ	1	primary	optative	active,passive
ghṛ	1	primary	perfect	active
ghṛ	1	primary	periphrastic_future	active
ghṛ	1	primary	present	active,passive
ghṛ	3	primary	imperative	active
ghṛ	3	primary	imperfect	active
ghṛ	3	primary	optative	active
ghṛ	3	primary	present	active
ghṛ	4	primary	aorist	active
ghṛṣ	1	primary	benedictive	active
ghṛṣ	1	primary	future	active
ghṛṣ	1	primary	imperative	active,passive
ghṛṣ	1	primary	imperfect	active,passive
ghṛṣ	1	primary	optative	active,passive
ghṛṣ	1	primary	perfect	active
ghṛṣ	1	primary	periphrastic_future	active
ghṛṣ	1	primary	present	active,passive
glah	1	primary	benedictive	active
glah	1	primary	future	middle
glah	1	primary	imperative	middle,passive
glah	1	primary	imperfect	middle,passive
glah	1	primary	optative	middle,passive
glah	1	primary	perfect	middle
glah	1	primary	periphrastic_future	active
glah	1	primary	present	middle,passive
glā	4	causative	future	active,middle
glā	4	causative	imperative	active,middle,passive
glā	4	causative	imperfect	active,middle,passive
glā	4	causative	optative	active,middle,passive
glā	4	causative	periphrastic_future	active
glā	4	causative	present	active,middle,passive
glā	4	primary	benedictive	active
glā	4	primary	future	active,middle
glā	4	primary	imperative	active,middle
glā	4	primary	imperfect	active,middle
glā	4	primary	optative	active,middle
glā	4	primary	perfect	active,middle
glā	4	primary	periphrastic_future	active
glā	4	primary	present	active,middle
go	11	primary	future	active,middle
go	11	primary	imperative	active
go	11	primary	imperfect	active
go	11	primary	optative	active
go	11	primary	periphrastic_future	active
go	11	primary	present	active
gocara	11	primary	future	active,middle
gocara	11	primary	imperative	active,passive
gocara	11	primary	imperfect	active,passive
gocara	11	primary	optative	active,passive
gocara	11	primary	periphrastic_future	active
gocara	11	primary	present	active,passive
gomaya	11	primary	future	active,middle
gomaya	11	primary	imperative	active,middle,passive
gomaya	11	primary	imperfect	active,middle,passive
gomaya	11	primary	optative	active,middle,passive
gomaya	11	primary	periphrastic_future	active
gomaya	11	primary	present	active,middle,passive
gopā	11	primary	future	active,middle
gopā	11	primary	imperative	active
gopā	11	primary	imperfect	active
gopā	11	primary	optative	active
gopā	11	primary	periphrastic_future	active
gopā	11	primary	present	active
grah	3	primary	aorist	active,middle
grah	5	primary	aorist	active,middle
grah	5	primary	injunctive	active,middle
grah	9	causative	future	active,middle
grah	9	causative	imperative	active,middle,passive
grah	9	causative	imperfect	active,middle,passive
grah	9	causative	optative	active,middle,passive
grah	9	causative	periphrastic_future	active
grah	9	causative	present	active,middle,passive
grah	9	desiderative	future	active
grah	9	desiderative	imperative	active,passive
grah	9	desiderative	imperfect	active,passive
grah	9	desiderative	optative	active,passive
grah	9	desiderative	periphrastic_future	active
grah	9	desiderative	present	active,passive
grah	9	primary	benedictive	active
grah	9	primary	conditional	active,middle
grah	9	primary	future	active,middle
grah	9	primary	imperative	active,middle,passive
grah	9	primary	imperfect	active,middle,passive
grah	9	primary	optative	active,middle,passive
grah	9	primary	perfect	active,middle
grah	9	primary	periphrastic_future	active
grah	9	primary	present	active,middle,passive
granth	9	primary	benedictive	active
granth	9	primary	future	active
granth	9	primary	imperative	active,passive
granth	9	primary	imperfect	active,passive
granth	9	primary	optative	active,passive
granth	9	primary	perfect	active
granth	9	primary	periphrastic_future	active
granth	9	primary	present	active,passive
gras	1	primary	benedictive	active
gras	1	primary	future	active,middle
gras	1	primary	imperative	active,middle,passive
gras	1	primary	imperfect	active,middle,passive
gras	1	primary	optative	active,middle,passive
gras	1	primary	perfect	active,middle
gras	1	primary	periphrastic_future	active
gras	1	primary	present	active,middle,passive
guh	1	causative	future	active,middle
guh	1	causative	imperative	active,middle,passive
guh	1	causative	imperfect	active,middle,passive
guh	1	causative	optative	active,middle,passive
guh	1	causative	periphrastic_future	active
guh	1	causative	present	active,middle,passive
guh	1	primary	benedictive	active
guh	1	primary	future	active,middle
guh	1	primary	imperative	active,middle,passive
guh	1	primary	imperfect	active,middle,passive
guh	1	primary	optative	active,middle,passive
guh	1	primary	perfect	active,middle
guh	1	primary	periphrastic_future	active
guh	1	primary	present	active,middle,passive
guh	7	primary	aorist	active,middle
gumph	6	primary	benedictive	active
gumph	6	primary	future	active
gumph	6	primary	imperative	active,passive
gumph	6	primary	imperfect	active,passive
gumph	6	primary	optative	active,passive
gumph	6	primary	perfect	active
gumph	6	primary	periphrastic_future	active
gumph	6	primary	present	active,passive
gup	3	primary	aorist	active
gup	4	primary	aorist	active
gup	5	causative	future	active,middle
gup	5	causative	imperative	active,middle,passive
gup	5	causative	imperfect	active,middle,passive
gup	5	causative	optative	active,middle,passive
gup	5	causative	periphrastic_future	active
gup	5	causative	present	active,middle,passive
gup	5	desiderative	future	middle
gup	5	desiderative	imperative	middle,passive
gup	5	desiderative	imperfect	middle,passive
gup	5	desiderative	optative	middle,passive
gup	5	desiderative	periphrastic_future	active
gup	5	desiderative	present	middle,passive
gup	5	primary	aorist	active
gup	5	primary	benedictive	active
gup	5	primary	future	active
gup	5	primary	imperative	passive
gup	5	primary	imperfect	passive
gup	5	primary	injunctive	active
gup	5	primary	optative	passive
gup	5	primary	perfect	active
gup	5	primary	periphrastic_future	active
gup	5	primary	present	passive
gur	1	primary	aorist	passive
gur	5	primary	aorist	middle
gur	6	primary	benedictive	middle
gur	6	primary	conditional	middle
gur	6	primary	future	middle
gur	6	primary	imperative	middle,passive
gur	6	primary	imperfect	middle,passive
gur	6	primary	optative	middle,passive
gur	6	primary	perfect	middle
gur	6	primary	periphrastic_future	active
gur	6	primary	present	middle,passive
guñj	1	primary	benedictive	active
guñj	1	primary	future	active
guñj	1	primary	imperative	active,passive
guñj	1	primary	imperfect	active,passive
guñj	1	primary	optative	active,passive
guñj	1	primary	perfect	active
guñj	1	primary	periphrastic_future	active
guñj	1	primary	present	active,passive
guṇa	11	primary	future	active,middle
guṇa	11	primary	imperative	active,passive
guṇa	11	primary	imperfect	active,passive
guṇa	11	primary	optative	active,passive
guṇa	11	primary	periphrastic_future	active
guṇa	11	primary	present	active,passive
guṇḍ	10	primary	future	active,middle
guṇḍ	10	primary	imperative	active,middle,passive
guṇḍ	10	primary	imperfect	active,middle,passive
guṇḍ	10	primary	optative	active,middle,passive
guṇḍ	10	primary	periphrastic_future	active
guṇḍ	10	primary	present	active,middle,passive
guṇṭh	10	primary	future	active
guṇṭh	10	primary	imperative	active,passive
guṇṭh	10	primary	imperfect	active,passive
guṇṭh	10	primary	optative	active,passive
guṇṭh	10	primary	periphrastic_future	active
guṇṭh	10	primary	present	active,passive
gā	1	desiderative	future	active
gā	1	desiderative	imperative	active,passive
gā	1	desiderative	imperfect	active,passive
gā	1	desiderative	optative	active,passive
gā	1	desiderative	periphrastic_future	active
gā	1	desiderative	present	active,passive
gā	1	intensive	imperative	middle
gā	1	intensive	imperfect	middle
gā	1	intensive	optative	middle
gā	1	intensive	present	middle
gā	1	primary	aorist	active,passive
gā	1	primary	benedictive	active
gā	1	primary	future	active
gā	1	primary	imperative	active,passive
gā	1	primary	imperfect	active,passive
gā	1	primary	injunctive	active,passive
gā	1	primary	optative	active,passive
gā	1	primary	perfect	active
gā	1	primary	periphrastic_future	active
gā	1	primary	present	active,passive
gā	3	primary	imperative	active
gā	3	primary	imperfect	active
gā	3	primary	optative	active
gā	3	primary	present	active
gāh	1	primary	imperative	active,middle
gāh	1	primary	imperfect	active,middle
gāh	1	primary	optative	active,middle
gāh	1	primary	present	active,middle
gāh	3	primary	aorist	active,middle
gāh	4	primary	aorist	middle
gāh	4	primary	benedictive	active
gāh	4	primary	future	active,middle
gāh	4	primary	imperative	passive
gāh	4	primary	imperfect	passive
gāh	4	primary	optative	passive
gāh	4	primary	perfect	active,middle
gāh	4	primary	periphrastic_future	active
gāh	4	primary	present	passive
gāh	5	primary	aorist	middle
gṛdh	2	causative	future	active,middle
gṛdh	2	causative	imperative	active,middle,passive
gṛdh	2	causative	imperfect	active,middle,passive
gṛdh	2	causative	optative	active,middle,passive
gṛdh	2	causative	periphrastic_future	active
gṛdh	2	causative	present	active,middle,passive
gṛdh	2	primary	aorist	active,middle
gṛdh	2	primary	benedictive	active
gṛdh	2	primary	future	active
gṛdh	2	primary	imperative	passive
gṛdh	2	primary	imperfect	passive
gṛdh	2	primary	injunctive	active,middle
gṛdh	2	primary	optative	passive
gṛdh	2	primary	perfect	active
gṛdh	2	primary	periphrastic_future	active
gṛdh	2	primary	present	passive
gṛdh	4	primary	imperative	active
gṛdh	4	primary	imperfect	active
gṛdh	4	primary	optative	active
gṛdh	4	primary	present	active
gṝ	6	causative	future	active,middle
gṝ	6	causative	imperative	active,middle,passive
gṝ	6	causative	imperfect	active,middle,passive
gṝ	6	causative	optative	active,middle,passive
gṝ	6	causative	periphrastic_future	active
gṝ	6	causative	present	active,middle,passive
gṝ	6	desiderative	future	active
gṝ	6	desiderative	imperative	active,passive
gṝ	6	desiderative	imperfect	active,passive
gṝ	6	desiderative	optative	active,passive
gṝ	6	desiderative	periphrastic_future	active
gṝ	6	desiderative	present	active,passive
gṝ	6	intensive	imperative	middle
gṝ	6	intensive	imperfect	middle
gṝ	6	intensive	optative	middle
gṝ	6	intensive	present	middle
gṝ	6	primary	benedictive	active
gṝ	6	primary	future	active,middle
gṝ	6	primary	imperative	active,middle,passive
gṝ	6	primary	imperfect	active,middle,passive
gṝ	6	primary	optative	active,middle,passive
gṝ	6	primary	perfect	active,middle
gṝ	6	primary	periphrastic_future	active
gṝ	6	primary	present	active,middle,passive
gṝ	9	primary	imperative	active
gṝ	9	primary	imperfect	active
gṝ	9	primary	optative	active
gṝ	9	primary	present	active
had	1	primary	benedictive	active
had	1	primary	future	active,middle
had	1	primary	imperative	active,middle,passive
had	1	primary	imperfect	active,middle,passive
had	1	primary	optative	active,middle,passive
had	1	primary	perfect	active,middle
had	1	primary	periphrastic_future	active
had	1	primary	present	active,middle,passive
hala	11	primary	future	active,middle
hala	11	primary	imperative	active,passive
hala	11	primary	imperfect	active,passive
hala	11	primary	optative	active,passive
hala	11	primary	periphrastic_future	active
hala	11	primary	present	active,passive
han	2	causative	future	active,middle
han	2	causative	imperative	active,middle,passive
han	2	causative	imperfect	active,middle,passive
han	2	causative	optative	active,middle,passive
han	2	causative	periphrastic_future	active
han	2	causative	present	active,middle,passive
han	2	desiderative	future	active,middle
han	2	desiderative	imperative	active,middle,passive
han	2	desiderative	imperfect	active,middle,passive
han	2	desiderative	optative	active,middle,passive
han	2	desiderative	periphrastic_future	active
han	2	desiderative	present	active,middle,passive
han	2	intensive	imperative	active,middle
han	2	intensive	imperfect	active,middle
han	2	intensive	optative	active,middle
han	2	intensive	present	active,middle
han	2	primary	benedictive	active
han	2	primary	future	active,middle
han	2	primary	imperative	active,middle,passive
han	2	primary	imperfect	active,middle,passive
han	2	primary	optative	active,middle,passive
han	2	primary	perfect	active,middle
han	2	primary	periphrastic_future	active
han	2	primary	present	active,middle,passive
has	1	causative	future	active,middle
has	1	causative	imperative	active,middle,passive
has	1	causative	imperfect	active,middle,passive
has	1	causative	optative	active,middle,passive
has	1	causative	periphrastic_future	active
has	1	causative	present	active,middle,passive
has	1	primary	aorist	active,passive
has	1	primary	benedictive	active
has	1	primary	future	active,middle
has	1	primary	imperative	active,middle,passive
has	1	primary	imperfect	active,middle,passive
has	1	primary	optative	active,middle,passive
has	1	primary	perfect	active,middle
has	1	primary	periphrastic_future	active
has	1	primary	present	active,middle,passive
haṭh	1	primary	benedictive	active
haṭh	1	primary	future	active
haṭh	1	primary	imperative	active,passive
haṭh	1	primary	imperfect	active,passive
haṭh	1	primary	optative	active,passive
haṭh	1	primary	perfect	active
haṭh	1	primary	periphrastic_future	active
haṭh	1	primary	present	active,passive
hi	5	primary	benedictive	active
hi	5	primary	future	active
hi	5	primary	imperative	active,passive
hi	5	primary	imperfect	active,passive
hi	5	primary	optative	active,passive
hi	5	primary	perfect	active
hi	5	primary	periphrastic_future	active
hi	5	primary	present	active,passive
hikk	1	primary	benedictive	active
hikk	1	primary	future	active,middle
hikk	1	primary	imperative	active,middle,passive
hikk	1	primary	imperfect	active,middle,passive
hikk	1	primary	optative	active,middle,passive
hikk	1	primary	perfect	active,middle
hikk	1	primary	periphrastic_future	active
hikk	1	primary	present	active,middle,passive
hiṃs	1	primary	aorist	passive
hiṃs	1	primary	imperative	active
hiṃs	1	primary	imperfect	active
hiṃs	1	primary	optative	active
hiṃs	1	primary	present	active
hiṃs	5	primary	aorist	active,middle
hiṃs	5	primary	injunctive	active,middle
hiṃs	7	causative	future	active,middle
hiṃs	7	causative	imperative	active,middle
hiṃs	7	causative	imperfect	active,middle
hiṃs	7	causative	optative	active,middle
hiṃs	7	causative	periphrastic_future	active
hiṃs	7	causative	present	active,middle
hiṃs	7	desiderative	future	active
hiṃs	7	desiderative	imperative	active,passive
hiṃs	7	desiderative	imperfect	active,passive
hiṃs	7	desiderative	optative	active,passive
hiṃs	7	desiderative	periphrastic_future	active
hiṃs	7	desiderative	present	active,passive
hiṃs	7	primary	benedictive	active
hiṃs	7	primary	future	active
hiṃs	7	primary	imperative	active,passive
hiṃs	7	primary	imperfect	active,passive
hiṃs	7	primary	optative	active,passive
hiṃs	7	primary	perfect	active
hiṃs	7	primary	periphrastic_future	active
hiṃs	7	primary	present	active,passive
hlād	1	primary	imperative	middle
hlād	1	primary	imperfect	middle
hlād	1	primary	optative	middle
hlād	1	primary	present	middle
hlād	3	causative	aorist	active,middle
hlād	3	causative	future	active,middle
hlād	3	causative	imperative	active,middle
hlād	3	causative	imperfect	active,middle
hlād	3	causative	optative	active,middle
hlād	3	causative	periphrastic_future	active
hlād	3	causative	present	active,middle
hlād	3	primary	benedictive	active
hlād	3	primary	future	middle
hlād	3	primary	imperative	passive
hlād	3	primary	imperfect	passive
hlād	3	primary	optative	passive
hlād	3	primary	perfect	middle
hlād	3	primary	periphrastic_future	active
hlād	3	primary	present	passive
hnu	2	primary	benedictive	active
hnu	2	primary	future	middle
hnu	2	primary	imperative	middle,passive
hnu	2	primary	imperfect	middle,passive
hnu	2	primary	optative	middle,passive
hnu	2	primary	perfect	middle
hnu	2	primary	periphrastic_future	active
hnu	2	primary	present	middle,passive
hras	1	primary	imperative	active
hras	1	primary	imperfect	active
hras	1	primary	optative	active
hras	1	primary	present	active
hras	3	causative	aorist	active,middle
hras	3	causative	future	active,middle
hras	3	causative	imperative	active,middle,passive
hras	3	causative	imperfect	active,middle,passive
hras	3	causative	optative	active,middle,passive
hras	3	causative	periphrastic_future	active
hras	3	causative	present	active,middle,passive
hras	3	primary	benedictive	active
hras	3	primary	future	active
hras	3	primary	imperative	passive
hras	3	primary	imperfect	passive
hras	3	primary	optative	passive
hras	3	primary	perfect	active
hras	3	primary	periphrastic_future	active
hras	3	primary	present	passive
hrād	1	causative	future	active,middle
hrād	1	causative	imperative	active,middle
hrād	1	causative	imperfect	active,middle
hrād	1	causative	optative	active,middle
hrād	1	causative	periphrastic_future	active
hrād	1	causative	present	active,middle
hrād	1	primary	benedictive	active
hrād	1	primary	future	middle
hrād	1	primary	imperative	middle,passive
hrād	1	primary	imperfect	middle,passive
hrād	1	primary	optative	middle,passive
hrād	1	primary	perfect	middle
hrād	1	primary	periphrastic_future	active
hrād	1	primary	present	middle,passive
hrī	3	causative	future	active,middle
hrī	3	causative	imperative	active,middle,passive
hrī	3	causative	imperfect	active,middle,passive
hrī	3	causative	optative	active,middle,passive
hrī	3	causative	periphrastic_future	active
hrī	3	causative	present	active,middle,passive
hrī	3	primary	benedictive	active
hrī	3	primary	future	active
hrī	3	primary	imperative	active
hrī	3	primary	imperfect	active
hrī	3	primary	optative	active
hrī	3	primary	perfect	active
hrī	3	primary	periphrastic_future	active
hrī	3	primary	present	active
hu	1	primary	aorist	passive
hu	3	desiderative	future	active
hu	3	desiderative	imperative	active,passive
hu	3	desiderative	imperfect	active,passive
hu	3	desiderative	optative	active,passive
hu	3	desiderative	periphrastic_future	active
hu	3	desiderative	present	active,passive
hu	3	intensive	imperative	active
hu	3	intensive	imperfect	active
hu	3	intensive	optative	active
hu	3	intensive	present	active
hu	3	primary	benedictive	active
hu	3	primary	conditional	active,middle
hu	3	primary	future	active,middle
hu	3	primary	imperative	active,middle,passive
hu	3	primary	imperfect	active,middle,passive
hu	3	primary	optative	active,middle,passive
hu	3	primary	perfect	active,middle
hu	3	primary	periphrastic_future	active
hu	3	primary	present	active,middle,passive
hu	4	primary	aorist	active,middle
huṇḍ	1	primary	benedictive	active
huṇḍ	1	primary	future	middle
huṇḍ	1	primary	imperative	middle,passive
huṇḍ	1	primary	imperfect	middle,passive
huṇḍ	1	primary	optative	middle,passive
huṇḍ	1	primary	perfect	middle
huṇḍ	1	primary	periphrastic_future	active
huṇḍ	1	primary	present	middle,passive
hval	1	causative	future	active,middle
hval	1	causative	imperative	active,middle,passive
hval	1	causative	imperfect	active,middle,passive
hval	1	causative	optative	active,middle,passive
hval	1	causative	periphrastic_future	active
hval	1	causative	present	active,middle,passive
hval	1	primary	benedictive	active
hval	1	primary	future	active
hval	1	primary	imperative	active,passive
hval	1	primary	imperfect	active,passive
hval	1	primary	optative	active,passive
hval	1	primary	perfect	active
hval	1	primary	periphrastic_future	active
hval	1	primary	present	active,passive
hvṛ	1	causative	future	active,middle
hvṛ	1	causative	imperative	active,middle,passive
hvṛ	1	causative	imperfect	active,middle,passive
hvṛ	1	causative	optative	active,middle,passive
hvṛ	1	causative	periphrastic_future	active
hvṛ	1	causative	present	active,middle,passive
hvṛ	1	primary	benedictive	active
hvṛ	1	primary	future	active,middle
hvṛ	1	primary	imperative	active,middle,passive
hvṛ	1	primary	imperfect	active,middle,passive
hvṛ	1	primary	optative	active,middle,passive
hvṛ	1	primary	perfect	active,middle
hvṛ	1	primary	periphrastic_future	active
hvṛ	1	primary	present	active,middle,passive
hā	1	primary	aorist	active,passive
hā	3	causative	future	active,middle
hā	3	causative	imperative	active,middle,passive
hā	3	causative	imperfect	active,middle,passive
hā	3	causative	optative	active,middle,passive
hā	3	causative	periphrastic_future	active
hā	3	causative	present	active,middle,passive
hā	3	desiderative	future	active
hā	3	desiderative	imperative	active,passive
hā	3	desiderative	imperfect	active,passive
hā	3	desiderative	optative	active,passive
hā	3	desiderative	periphrastic_future	active
hā	3	desiderative	present	active,passive
hā	3	primary	aorist	active
hā	3	primary	benedictive	active
hā	3	primary	conditional	active
hā	3	primary	future	active,middle
hā	3	primary	imperative	active,middle,passive
hā	3	primary	imperfect	active,middle,passive
hā	3	primary	optative	active,middle,passive
hā	3	primary	perfect	active,middle
hā	3	primary	periphrastic_future	active
hā	3	primary	present	active,middle,passive
hā	4	primary	aorist	active,middle
hū	1	causative	future	active,middle
hū	1	causative	imperative	active,middle,passive
hū	1	causative	imperfect	active,middle,passive
hū	1	causative	optative	active,middle,passive
hū	1	causative	periphrastic_future	active
hū	1	causative	present	active,middle,passive
hū	1	primary	benedictive	active
hū	1	primary	future	active,middle
hū	1	primary	imperative	active,middle,passive
hū	1	primary	imperfect	active,middle,passive
hū	1	primary	optative	active,middle,passive
hū	1	primary	perfect	active,middle
hū	1	primary	periphrastic_future	active
hū	1	primary	present	active,middle,passive
hū	2	primary	aorist	active,middle
hṛ	1	primary	imperative	active,middle
hṛ	1	primary	imperfect	active,middle
hṛ	1	primary	optative	active,middle
hṛ	1	primary	present	active,middle
hṛ	3	causative	future	active,middle
hṛ	3	causative	imperative	active,middle,passive
hṛ	3	causative	imperfect	active,middle,passive
hṛ	3	causative	optative	active,middle,passive
hṛ	3	causative	periphrastic_future	active
hṛ	3	causative	present	active,middle,passive
hṛ	3	desiderative	future	active
hṛ	3	desiderative	imperative	active,passive
hṛ	3	desiderative	imperfect	active,passive
hṛ	3	desiderative	optative	active,passive
hṛ	3	desiderative	periphrastic_future	active
hṛ	3	desiderative	present	active,passive
hṛ	3	intensive	imperative	active
hṛ	3	intensive	imperfect	active
hṛ	3	intensive	optative	active
hṛ	3	intensive	present	active
hṛ	3	primary	benedictive	active
hṛ	3	primary	future	active,middle
hṛ	3	primary	imperative	active,middle,passive
hṛ	3	primary	imperfect	active,middle,passive
hṛ	3	primary	optative	active,middle,passive
hṛ	3	primary	perfect	active,middle
hṛ	3	primary	periphrastic_future	active
hṛ	3	primary	present	active,middle,passive
hṛ	9	primary	imperative	middle
hṛ	9	primary	imperfect	middle
hṛ	9	primary	optative	middle
hṛ	9	primary	present	middle
hṛṣ	1	causative	future	active,middle
hṛṣ	1	causative	imperative	active,middle,passive
hṛṣ	1	causative	imperfect	active,middle,passive
hṛṣ	1	causative	optative	active,middle,passive
hṛṣ	1	causative	periphrastic_future	active
hṛṣ	1	causative	present	active,middle,passive
hṛṣ	1	primary	benedictive	active
hṛṣ	1	primary	future	active
hṛṣ	1	primary	imperative	active,passive
hṛṣ	1	primary	imperfect	active,passive
hṛṣ	1	primary	optative	active,passive
hṛṣ	1	primary	perfect	active
hṛṣ	1	primary	periphrastic_future	active
hṛṣ	1	primary	present	active,passive
hṛṣ	4	primary	imperative	active
hṛṣ	4	primary	imperfect	active
hṛṣ	4	primary	optative	active
hṛṣ	4	primary	present	active
i	1	causative	future	active,middle
i	1	causative	imperative	active,middle,passive
i	1	causative	imperfect	active,middle,passive
i	1	causative	optative	active,middle,passive
i	1	causative	periphrastic_future	active
i	1	causative	present	active,middle,passive
i	1	primary	benedictive	active
i	1	primary	conditional	active,middle
i	1	primary	future	active,middle
i	1	primary	imperative	active,middle
i	1	primary	imperfect	active,middle
i	1	primary	optative	active,middle
i	1	primary	perfect	active,middle
i	1	primary	periphrastic_future	active
i	1	primary	present	active,middle
i	1	primary	subjunctive	active
i	2	primary	imperative	active,middle
i	2	primary	imperfect	active,middle
i	2	primary	optative	active,middle
i	2	primary	present	active,middle
i	4	primary	imperative	middle
i	4	primary	imperfect	middle
i	4	primary	optative	middle
i	4	primary	present	middle
i	5	primary	aorist	middle
i	5	primary	imperative	active
i	5	primary	imperfect	active
i	5	primary	optative	active
i	5	primary	present	active
il	6	causative	future	active,middle
il	6	causative	imperative	active,middle,passive
il	6	causative	imperfect	active,middle
il	6	causative	optative	active,middle,passive
il	6	causative	periphrastic_future	active
il	6	causative	present	active,middle,passive
il	6	primary	benedictive	active
il	6	primary	future	active
il	6	primary	imperative	active,passive
il	6	primary	imperfect	active,passive
il	6	primary	optative	active,passive
il	6	primary	perfect	active
il	6	primary	periphrastic_future	active
il	6	primary	present	active,passive
in	5	primary	benedictive	active
in	5	primary	future	active
in	5	primary	imperative	active,passive
in	5	primary	imperfect	active,passive
in	5	primary	optative	active,passive
in	5	primary	perfect	active
in	5	primary	periphrastic_future	active
in	5	primary	present	active,passive
ind	1	primary	benedictive	active
ind	1	primary	future	active
ind	1	primary	imperative	active,passive
ind	1	primary	imperfect	active,passive
ind	1	primary	optative	active,passive
ind	1	primary	periphrastic_future	active
ind	1	primary	present	active,passive
indh	7	primary	benedictive	active
indh	7	primary	future	middle
indh	7	primary	imperative	middle,passive
indh	7	primary	imperfect	middle,passive
indh	7	primary	optative	middle,passive
indh	7	primary	periphrastic_future	active
indh	7	primary	present	middle,passive
inv	1	primary	benedictive	active
inv	1	primary	future	active
inv	1	primary	imperative	active,passive
inv	1	primary	imperfect	active,passive
inv	1	primary	optative	active,passive
inv	1	primary	periphrastic_future	active
inv	1	primary	present	active,passive
iras	11	primary	future	active,middle
iras	11	primary	imperative	active
iras	11	primary	imperfect	active
iras	11	primary	optative	active
iras	11	primary	periphrastic_future	active
iras	11	primary	present	active
iṅg	1	causative	future	active,middle
iṅg	1	causative	imperative	active,middle
iṅg	1	causative	imperfect	active,middle
iṅg	1	causative	optative	active,middle
iṅg	1	causative	periphrastic_future	active
iṅg	1	causative	present	active,middle
iṅg	1	primary	benedictive	active
iṅg	1	primary	imperative	active,passive
iṅg	1	primary	imperfect	active,passive
iṅg	1	primary	optative	active,passive
iṅg	1	primary	perfect	active
iṅg	1	primary	present	active,passive
iṣ	1	primary	imperative	active,middle
iṣ	1	primary	imperfect	active,middle
iṣ	1	primary	optative	active,middle
iṣ	1	primary	present	active,middle
iṣ	4	primary	imperative	active
iṣ	4	primary	imperfect	active
iṣ	4	primary	optative	active
iṣ	4	primary	present	active
iṣ	5	primary	aorist	active,middle
iṣ	5	primary	injunctive	active,middle
iṣ	6	causative	future	active,middle
iṣ	6	causative	imperative	active,middle,passive
iṣ	6	causative	imperfect	active,middle
iṣ	6	causative	optative	active,middle,passive
iṣ	6	causative	periphrastic_future	active
iṣ	6	causative	present	active,middle,passive
iṣ	6	primary	benedictive	active
iṣ	6	primary	future	active,middle
iṣ	6	primary	imperative	active,middle,passive
iṣ	6	primary	imperfect	active,middle,passive
iṣ	6	primary	optative	active,middle,passive
iṣ	6	primary	perfect	active,middle
iṣ	6	primary	periphrastic_future	active
iṣ	6	primary	present	active,middle,passive
iṣ	6	primary	subjunctive	active
iṣ	9	primary	imperative	active
iṣ	9	primary	imperfect	active
iṣ	9	primary	optative	active
iṣ	9	primary	present	active
iṣa	11	primary	future	active,middle
iṣa	11	primary	imperative	active,middle,passive
iṣa	11	primary	imperfect	active,middle,passive
iṣa	11	primary	optative	active,middle,passive
iṣa	11	primary	periphrastic_future	active
iṣa	11	primary	present	active,middle,passive
iṣudhi	11	primary	future	active,middle
iṣudhi	11	primary	imperative	active
iṣudhi	11	primary	imperfect	active
iṣudhi	11	primary	optative	active
iṣudhi	11	primary	periphrastic_future	active
iṣudhi	11	primary	present	active
jabh	1	primary	benedictive	active
jabh	1	primary	future	active,middle
jabh	1	primary	imperative	active,middle,passive
jabh	1	primary	imperfect	active,middle,passive
jabh	1	primary	optative	active,middle,passive
jabh	1	primary	perfect	active,middle
jabh	1	primary	periphrastic_future	active
jabh	1	primary	present	active,middle,passive
jala	11	primary	future	active,middle
jala	11	primary	imperative	middle
jala	11	primary	imperfect	middle
jala	11	primary	optative	middle
jala	11	primary	periphrastic_future	active
jala	11	primary	present	middle
jalp	1	primary	benedictive	active
jalp	1	primary	future	active
jalp	1	primary	imperative	active,passive
jalp	1	primary	imperfect	active,passive
jalp	1	primary	optative	active,passive
jalp	1	primary	perfect	active
jalp	1	primary	periphrastic_future	active
jalp	1	primary	present	active,passive
jalp	5	primary	aorist	active,middle
jalp	5	primary	injunctive	active,middle
jam	1	primary	benedictive	active
jam	1	primary	future	active
jam	1	primary	imperative	active,passive
jam	1	primary	imperfect	active,passive
jam	1	primary	optative	active,passive
jam	1	primary	perfect	active
jam	1	primary	periphrastic_future	active
jam	1	primary	present	active,passive
jan	1	causative	future	active,middle
jan	1	causative	imperative	active,middle
jan	1	causative	imperfect	active,middle
jan	1	causative	optative	active,middle
jan	1	causative	periphrastic_future	active
jan	1	causative	present	active,middle
jan	1	causative	subjunctive	active
jan	1	desiderative	future	middle
jan	1	desiderative	imperative	middle,passive
jan	1	desiderative	imperfect	middle,passive
jan	1	desiderative	optative	middle,passive
jan	1	desiderative	periphrastic_future	active
jan	1	desiderative	present	middle,passive
jan	1	primary	aorist	active,middle,passive
jan	1	primary	benedictive	active,middle
jan	1	primary	future	active,middle
jan	1	primary	imperative	active,middle,passive
jan	1	primary	imperfect	active,middle,passive
jan	1	primary	optative	active,middle,passive
jan	1	primary	perfect	active,middle
jan	1	primary	periphrastic_future	active
jan	1	primary	present	active,middle,passive
jan	3	primary	aorist	active,middle
jan	4	primary	imperative	middle
jan	4	primary	imperfect	middle
jan	4	primary	optative	middle
jan	4	primary	present	middle
jan	5	primary	aorist	middle
jan	5	primary	injunctive	middle
jap	1	causative	future	active,middle
jap	1	causative	imperative	active,middle,passive
jap	1	causative	imperfect	active,middle,passive
jap	1	causative	optative	active,middle,passive
jap	1	causative	periphrastic_future	active
jap	1	causative	present	active,middle,passive
jap	1	primary	benedictive	active
jap	1	primary	future	active
jap	1	primary	imperative	active,passive
jap	1	primary	imperfect	active,passive
jap	1	primary	optative	active,passive
jap	1	primary	perfect	active
jap	1	primary	periphrastic_future	active
jap	1	primary	present	active,passive
jap	5	primary	aorist	active,middle
jas	4	causative	future	active,middle
jas	4	causative	imperative	active,middle,passive
jas	4	causative	imperfect	active,middle,passive
jas	4	causative	optative	active,middle,passive
jas	4	causative	periphrastic_future	active
jas	4	causative	present	active,middle,passive
jas	4	primary	benedictive	active
jas	4	primary	future	active
jas	4	primary	imperative	active,passive
jas	4	primary	imperfect	active,passive
jas	4	primary	optative	active,passive
jas	4	primary	perfect	active
jas	4	primary	periphrastic_future	active
jas	4	primary	present	active,passive
ji	1	causative	future	active,middle
ji	1	causative	imperative	active,middle,passive
ji	1	causative	imperfect	active,middle,passive
ji	1	causative	optative	active,middle,passive
ji	1	causative	periphrastic_future	active
ji	1	causative	present	active,middle,passive
ji	1	desiderative	future	active,middle
ji	1	desiderative	imperative	active,middle,passive
ji	1	desiderative	imperfect	active,middle,passive
ji	1	desiderative	optative	active,middle,passive
ji	1	desiderative	periphrastic_future	active
ji	1	desiderative	present	active,middle,passive
ji	1	primary	benedictive	active
ji	1	primary	conditional	active,middle
ji	1	primary	future	active,middle
ji	1	primary	imperative	active,middle,passive
ji	1	primary	imperfect	active,middle,passive
ji	1	primary	optative	active,middle,passive
ji	1	primary	perfect	active,middle
ji	1	primary	periphrastic_future	active
ji	1	primary	present	active,middle,passive
ji	3	primary	aorist	active,middle
ji	4	primary	aorist	active,middle
jihma	11	primary	future	active,middle
jihma	11	primary	imperative	active,middle
jihma	11	primary	imperfect	active,middle
jihma	11	primary	optative	active,middle
jihma	11	primary	periphrastic_future	active
jihma	11	primary	present	active,middle
jinv	1	primary	benedictive	active
jinv	1	primary	future	active
jinv	1	primary	imperative	active,passive
jinv	1	primary	imperfect	active,passive
jinv	1	primary	optative	active,passive
jinv	1	primary	perfect	active
jinv	1	primary	periphrastic_future	active
jinv	1	primary	present	active,passive
juṣ	6	causative	future	active,middle
juṣ	6	causative	imperative	active,middle,passive
juṣ	6	causative	imperfect	active,middle,passive
juṣ	6	causative	optative	active,middle,passive
juṣ	6	causative	periphrastic_future	active
juṣ	6	causative	present	active,middle,passive
juṣ	6	primary	benedictive	active
juṣ	6	primary	future	middle
juṣ	6	primary	imperative	middle,passive
juṣ	6	primary	imperfect	middle,passive
juṣ	6	primary	optative	middle,passive
juṣ	6	primary	perfect	middle
juṣ	6	primary	periphrastic_future	active
juṣ	6	primary	present	middle,passive
jval	1	causative	future	active,middle
jval	1	causative	imperative	active,middle,passive
jval	1	causative	imperfect	active,middle,passive
jval	1	causative	optative	active,middle,passive
jval	1	causative	periphrastic_future	active
jval	1	causative	present	active,middle,passive
jval	1	intensive	imperative	middle
jval	1	intensive	imperfect	middle
jval	1	intensive	optative	middle
jval	1	intensive	present	middle
jval	1	primary	benedictive	active
jval	1	primary	future	active
jval	1	primary	imperative	active,passive
jval	1	primary	imperfect	active,passive
jval	1	primary	optative	active,passive
jval	1	primary	perfect	active
jval	1	primary	periphrastic_future	active
jval	1	primary	present	active,passive
jvar	1	primary	benedictive	active
jvar	1	primary	future	active
jvar	1	primary	imperative	active,passive
jvar	1	primary	imperfect	active,passive
jvar	1	primary	optative	active,passive
jvar	1	primary	perfect	active
jvar	1	primary	periphrastic_future	active
jvar	1	primary	present	active,passive
jyut	1	causative	future	active,middle
jyut	1	causative	imperative	active,middle,passive
jyut	1	causative	imperfect	active,middle,passive
jyut	1	causative	optative	active,middle,passive
jyut	1	causative	periphrastic_future	active
jyut	1	causative	present	active,middle,passive
jyut	1	primary	benedictive	active
jyut	1	primary	future	active,middle
jyut	1	primary	imperative	active,middle,passive
jyut	1	primary	imperfect	active,middle,passive
jyut	1	primary	optative	active,middle,passive
jyut	1	primary	perfect	active,middle
jyut	1	primary	periphrastic_future	active
jyut	1	primary	present	active,middle,passive
jyā	9	causative	future	active,middle
jyā	9	causative	imperative	active,middle,passive
jyā	9	causative	imperfect	active,middle,passive
jyā	9	causative	optative	active,middle,passive
jyā	9	causative	periphrastic_future	active
jyā	9	causative	present	active,middle,passive
jyā	9	primary	benedictive	active
jyā	9	primary	future	active,middle
jyā	9	primary	imperative	active,passive
jyā	9	primary	imperfect	active,passive
jyā	9	primary	optative	active,passive
jyā	9	primary	perfect	active,middle
jyā	9	primary	periphrastic_future	active
jyā	9	primary	present	active,passive
jñā	1	primary	aorist	active,passive
jñā	3	causative	aorist	active,middle
jñā	5	primary	aorist	middle
jñā	6	primary	aorist	active
jñā	9	causative	conditional	active,middle
jñā	9	causative	future	active,middle
jñā	9	causative	imperative	active,middle,passive
jñā	9	causative	imperfect	active,middle,passive
jñā	9	causative	optative	active,middle,passive
jñā	9	causative	periphrastic_future	active
jñā	9	causative	present	active,middle,passive
jñā	9	desiderative	future	active,middle
jñā	9	desiderative	imperative	active,middle,passive
jñā	9	desiderative	imperfect	active,middle,passive
jñā	9	desiderative	optative	active,middle,passive
jñā	9	desiderative	periphrastic_future	active
jñā	9	desiderative	present	active,middle,passive
jñā	9	primary	benedictive	active,middle
jñā	9	primary	conditional	active,middle
jñā	9	primary	future	active,middle
jñā	9	primary	imperative	active,middle,passive
jñā	9	primary	imperfect	active,middle,passive
jñā	9	primary	optative	active,middle,passive
jñā	9	primary	perfect	active,middle
jñā	9	primary	periphrastic_future	active
jñā	9	primary	present	active,middle,passive
jāgṛ	1	primary	aorist	passive
jāgṛ	2	causative	future	active,middle
jāgṛ	2	causative	imperative	active,middle
jāgṛ	2	causative	imperfect	active,middle
jāgṛ	2	causative	optative	active,middle
jāgṛ	2	causative	periphrastic_future	active
jāgṛ	2	causative	present	active,middle
jāgṛ	2	primary	benedictive	active
jāgṛ	2	primary	future	active
jāgṛ	2	primary	imperative	active,passive
jāgṛ	2	primary	imperfect	active,passive
jāgṛ	2	primary	optative	active,passive
jāgṛ	2	primary	perfect	active
jāgṛ	2	primary	periphrastic_future	active
jāgṛ	2	primary	present	active,passive
jāgṛ	5	primary	aorist	active
jāgṛ	5	primary	injunctive	active
jīv	1	causative	future	active,middle
jīv	1	causative	imperative	active,middle
jīv	1	causative	imperfect	active,middle
jīv	1	causative	optative	active,middle
jīv	1	causative	periphrastic_future	active
jīv	1	causative	present	active,middle
jīv	1	desiderative	future	active
jīv	1	desiderative	imperative	active,passive
jīv	1	desiderative	imperfect	active,passive
jīv	1	desiderative	optative	active,passive
jīv	1	desiderative	periphrastic_future	active
jīv	1	desiderative	present	active,passive
jīv	1	primary	benedictive	active
jīv	1	primary	conditional	active
jīv	1	primary	future	active
jīv	1	primary	imperative	active,passive
jīv	1	primary	imperfect	active,passive
jīv	1	primary	optative	active,passive
jīv	1	primary	perfect	active
jīv	1	primary	periphrastic_future	active
jīv	1	primary	present	active,passive
jū	1	causative	future	active,middle
jū	1	causative	imperative	active,middle,passive
jū	1	causative	imperfect	active,middle,passive
jū	1	causative	optative	active,middle,passive
jū	1	causative	periphrastic_future	active
jū	1	causative	present	active,middle,passive
jū	1	primary	benedictive	active
jū	1	primary	future	active,middle
jū	1	primary	imperative	active,middle,passive
jū	1	primary	imperfect	active,middle,passive
jū	1	primary	optative	active,middle,passive
jū	1	primary	perfect	active,middle
jū	1	primary	periphrastic_future	active
jū	1	primary	present	active,middle,passive
jṛmbh	1	primary	benedictive	active
jṛmbh	1	primary	future	middle
jṛmbh	1	primary	imperative	middle,passive
jṛmbh	1	primary	imperfect	middle,passive
jṛmbh	1	primary	optative	middle,passive
jṛmbh	1	primary	perfect	middle
jṛmbh	1	primary	periphrastic_future	active
jṛmbh	1	primary	present	middle,passive
jṝ	1	causative	future	active,middle
jṝ	1	causative	imperative	active,middle,passive
jṝ	1	causative	imperfect	active,middle,passive
jṝ	1	causative	optative	active,middle,passive
jṝ	1	causative	periphrastic_future	active
jṝ	1	causative	present	active,middle,passive
jṝ	1	primary	benedictive	active
jṝ	1	primary	future	active,middle
jṝ	1	primary	imperative	active,middle,passive
jṝ	1	primary	imperfect	active,middle,passive
jṝ	1	primary	optative	active,middle,passive
jṝ	1	primary	perfect	active,middle
jṝ	1	primary	periphrastic_future	active
jṝ	1	primary	present	active,middle,passive
jṝ	4	primary	imperative	active
jṝ	4	primary	imperfect	active
jṝ	4	primary	optative	active
jṝ	4	primary	present	active
kadartha	11	primary	future	active,middle
kadartha	11	primary	imperative	active,passive
kadartha	11	primary	imperfect	active,passive
kadartha	11	primary	optative	active,passive
kadartha	11	primary	periphrastic_future	active
kadartha	11	primary	present	active,passive
kal	10	causative	future	active,middle
kal	10	causative	imperative	active,middle,passive
kal	10	causative	imperfect	active,middle,passive
kal	10	causative	optative	active,middle,passive
kal	10	causative	periphrastic_future	active
kal	10	causative	present	active,middle,passive
kal	10	primary	future	active,middle
kal	10	primary	imperative	active,middle,passive
kal	10	primary	imperfect	active,middle,passive
kal	10	primary	optative	active,middle,passive
kal	10	primary	periphrastic_future	active
kal	10	primary	present	active,middle,passive
kalaha	11	primary	future	active,middle
kalaha	11	primary	imperative	middle
kalaha	11	primary	imperfect	middle
kalaha	11	primary	optative	middle
kalaha	11	primary	periphrastic_future	active
kalaha	11	primary	present	middle
kalaṅka	11	primary	future	active,middle
kalaṅka	11	primary	imperative	active,passive
kalaṅka	11	primary	imperfect	active,passive
kalaṅka	11	primary	optative	active,passive
kalaṅka	11	primary	periphrastic_future	active
kalaṅka	11	primary	present	active,passive
kaluṣa	11	primary	future	active,middle
kaluṣa	11	primary	imperative	active,middle,passive
kaluṣa	11	primary	imperfect	active,middle,passive
kaluṣa	11	primary	optative	active,middle,passive
kaluṣa	11	primary	periphrastic_future	active
kaluṣa	11	primary	present	active,middle,passive
kam	3	causative	future	active,middle
kam	3	causative	imperative	active,middle,passive
kam	3	causative	imperfect	active,middle,passive
kam	3	causative	optative	active,middle,passive
kam	3	causative	periphrastic_future	active
kam	3	causative	present	active,middle,passive
kam	3	primary	aorist	middle
kam	3	primary	benedictive	active
kam	3	primary	future	middle
kam	3	primary	perfect	middle
kam	3	primary	periphrastic_future	active
kamp	1	causative	future	active,middle
kamp	1	causative	imperative	active,middle
kamp	1	causative	imperfect	active,middle
kamp	1	causative	optative	active,middle
kamp	1	causative	periphrastic_future	active
kamp	1	causative	present	active,middle
kamp	1	primary	benedictive	active
kamp	1	primary	future	middle
kamp	1	primary	imperative	middle,passive
kamp	1	primary	imperfect	middle,passive
kamp	1	primary	optative	middle,passive
kamp	1	primary	perfect	middle
kamp	1	primary	periphrastic_future	active
kamp	1	primary	present	middle,passive
kamp	3	primary	aorist	active
kamp	5	primary	aorist	middle
kamp	5	primary	injunctive	middle
kan	5	primary	aorist	active
kan	5	primary	injunctive	active
kan	5	primary	perfect	active,middle
kanduka	11	primary	future	active,middle
kanduka	11	primary	imperative	middle
kanduka	11	primary	imperfect	middle
kanduka	11	primary	optative	middle
kanduka	11	primary	periphrastic_future	active
kanduka	11	primary	present	middle
kartṛ	11	primary	future	active,middle
kartṛ	11	primary	imperative	active
kartṛ	11	primary	imperfect	active
kartṛ	11	primary	optative	active
kartṛ	11	primary	periphrastic_future	active
kartṛ	11	primary	present	active
karuṇa	11	primary	future	active,middle
karuṇa	11	primary	imperative	middle
karuṇa	11	primary	imperfect	middle
karuṇa	11	primary	optative	middle
karuṇa	11	primary	periphrastic_future	active
karuṇa	11	primary	present	middle
karṇa	11	primary	future	active,middle
karṇa	11	primary	imperative	active,passive
karṇa	11	primary	imperfect	active,passive
karṇa	11	primary	optative	active,passive
karṇa	11	primary	periphrastic_future	active
karṇa	11	primary	present	active,passive
kas	1	causative	future	active,middle
kas	1	causative	imperative	active,middle,passive
kas	1	causative	imperfect	active,middle,passive
kas	1	causative	optative	active,middle,passive
kas	1	causative	periphrastic_future	active
kas	1	causative	present	active,middle,passive
kas	1	primary	benedictive	active
kas	1	primary	future	active
kas	1	primary	imperative	active,passive
kas	1	primary	imperfect	active,passive
kas	1	primary	optative	active,passive
kas	1	primary	perfect	active
kas	1	primary	periphrastic_future	active
kas	1	primary	present	active,passive
kath	3	primary	aorist	active,middle
kath	10	primary	future	active,middle
kath	10	primary	imperative	active,middle,passive
kath	10	primary	imperfect	active,middle,passive
kath	10	primary	optative	active,middle,passive
kath	10	primary	periphrastic_future	active
kath	10	primary	present	active,middle,passive
katth	1	primary	benedictive	active
katth	1	primary	future	middle
katth	1	primary	imperative	middle,passive
katth	1	primary	imperfect	middle,passive
katth	1	primary	optative	middle,passive
katth	1	primary	perfect	middle
katth	1	primary	periphrastic_future	active
katth	1	primary	present	middle,passive
kavala	11	primary	future	active,middle
kavala	11	primary	imperative	active,passive
kavala	11	primary	imperfect	active,passive
kavala	11	primary	optative	active,passive
kavala	11	primary	periphrastic_future	active
kavala	11	primary	present	active,passive
kavi	11	primary	future	active,middle
kavi	11	primary	imperative	active
kavi	11	primary	imperfect	active
kavi	11	primary	optative	active
kavi	11	primary	periphrastic_future	active
kavi	11	primary	present	active
kañc	1	primary	benedictive	active
kañc	1	primary	future	middle
kañc	1	primary	imperative	middle,passive
kañc	1	primary	imperfect	middle,passive
kañc	1	primary	optative	middle,passive
kañc	1	primary	perfect	middle
kañc	1	primary	periphrastic_future	active
kañc	1	primary	present	middle,passive
kaṇ	1	causative	future	active,middle
kaṇ	1	causative	imperative	active,middle,passive
kaṇ	1	causative	imperfect	active,middle,passive
kaṇ	1	causative	optative	active,middle,passive
kaṇ	1	causative	periphrastic_future	active
kaṇ	1	causative	present	active,middle,passive
kaṇ	1	primary	benedictive	active
kaṇ	1	primary	future	active,middle
kaṇ	1	primary	imperative	active,middle,passive
kaṇ	1	primary	imperfect	active,middle,passive
kaṇ	1	primary	optative	active,middle,passive
kaṇ	1	primary	perfect	active,middle
kaṇ	1	primary	periphrastic_future	active
kaṇ	1	primary	present	active,middle,passive
kaṇva	11	primary	future	active,middle
kaṇva	11	primary	imperative	middle
kaṇva	11	primary	imperfect	middle
kaṇva	11	primary	optative	middle
kaṇva	11	primary	periphrastic_future	active
kaṇva	11	primary	present	middle
kaṇḍ	10	primary	future	active,middle
kaṇḍ	10	primary	imperative	active,passive
kaṇḍ	10	primary	imperfect	active,passive
kaṇḍ	10	primary	optative	active,passive
kaṇḍ	10	primary	periphrastic_future	active
kaṇḍ	10	primary	present	active,passive
kaṇḍu	11	primary	future	active,middle
kaṇḍu	11	primary	imperative	active,middle
kaṇḍu	11	primary	imperfect	active,middle
kaṇḍu	11	primary	optative	active,middle
kaṇḍu	11	primary	periphrastic_future	active
kaṇḍu	11	primary	present	active,middle
kaṣ	1	causative	future	active,middle
kaṣ	1	causative	imperative	active,middle,passive
kaṣ	1	causative	imperfect	active,middle,passive
kaṣ	1	causative	optative	active,middle,passive
kaṣ	1	causative	periphrastic_future	active
kaṣ	1	causative	present	active,middle,passive
kaṣ	1	primary	benedictive	active
kaṣ	1	primary	future	active,middle
kaṣ	1	primary	imperative	active,middle,passive
kaṣ	1	primary	imperfect	active,middle,passive
kaṣ	1	primary	optative	active,middle,passive
kaṣ	1	primary	perfect	active,middle
kaṣ	1	primary	periphrastic_future	active
kaṣ	1	primary	present	active,middle,passive
kaṣṭa	11	primary	future	active,middle
kaṣṭa	11	primary	imperative	middle
kaṣṭa	11	primary	imperfect	middle
kaṣṭa	11	primary	optative	middle
kaṣṭa	11	primary	periphrastic_future	active
kaṣṭa	11	primary	present	middle
kaṭhora	11	primary	future	active,middle
kaṭhora	11	primary	imperative	active,passive
kaṭhora	11	primary	imperfect	active,passive
kaṭhora	11	primary	optative	active,passive
kaṭhora	11	primary	periphrastic_future	active
kaṭhora	11	primary	present	active,passive
kelā	11	primary	future	active,middle
kelā	11	primary	imperative	active
kelā	11	primary	imperfect	active
kelā	11	primary	optative	active
kelā	11	primary	periphrastic_future	active
kelā	11	primary	present	active
khan	1	primary	imperative	active,middle
khan	1	primary	imperfect	active,middle
khan	1	primary	optative	active,middle
khan	1	primary	present	active,middle
khan	4	causative	future	active,middle
khan	4	causative	imperative	active,middle,passive
khan	4	causative	imperfect	active,middle,passive
khan	4	causative	optative	active,middle,passive
khan	4	causative	periphrastic_future	active
khan	4	causative	present	active,middle,passive
khan	4	primary	aorist	active,middle
khan	4	primary	benedictive	active
khan	4	primary	future	active,middle
khan	4	primary	imperative	passive
khan	4	primary	imperfect	passive
khan	4	primary	optative	passive
khan	4	primary	perfect	active,middle
khan	4	primary	periphrastic_future	active
khan	4	primary	present	passive
khan	5	primary	aorist	active,middle
khan	5	primary	injunctive	active,middle
khañj	1	primary	benedictive	active
khañj	1	primary	future	active
khañj	1	primary	imperative	active,passive
khañj	1	primary	imperfect	active,passive
khañj	1	primary	optative	active,passive
khañj	1	primary	perfect	active
khañj	1	primary	periphrastic_future	active
khañj	1	primary	present	active,passive
khaḍa	11	primary	future	active,middle
khaḍa	11	primary	imperative	active,passive
khaḍa	11	primary	imperfect	active,passive
khaḍa	11	primary	optative	active,passive
khaḍa	11	primary	periphrastic_future	active
khaḍa	11	primary	present	active,passive
khaṇḍ	1	primary	benedictive	active
khaṇḍ	1	primary	future	active,middle
khaṇḍ	1	primary	imperative	active,middle,passive
khaṇḍ	1	primary	imperfect	active,middle,passive
khaṇḍ	1	primary	optative	active,middle,passive
khaṇḍ	1	primary	perfect	active,middle
khaṇḍ	1	primary	periphrastic_future	active
khaṇḍ	1	primary	present	active,middle,passive
khaṇḍ	10	primary	imperative	active,middle
khaṇḍ	10	primary	imperfect	active,middle
khaṇḍ	10	primary	optative	active,middle
khaṇḍ	10	primary	present	active,middle
khel	1	causative	future	active,middle
khel	1	causative	imperative	active,middle
khel	1	causative	imperfect	active,middle
khel	1	causative	optative	active,middle
khel	1	causative	periphrastic_future	active
khel	1	causative	present	active,middle
khel	1	primary	benedictive	active
khel	1	primary	future	active
khel	1	primary	imperative	active,passive
khel	1	primary	imperfect	active,passive
khel	1	primary	optative	active,passive
khel	1	primary	perfect	active
khel	1	primary	periphrastic_future	active
khel	1	primary	present	active,passive
khela	11	primary	future	active,middle
khela	11	primary	imperative	active
khela	11	primary	imperfect	active
khela	11	primary	optative	active
khela	11	primary	periphrastic_future	active
khela	11	primary	present	active
khid	6	causative	future	active,middle
khid	6	causative	imperative	active,middle,passive
khid	6	causative	imperfect	active,middle,passive
khid	6	causative	optative	active,middle,passive
khid	6	causative	periphrastic_future	active
khid	6	causative	present	active,middle,passive
khid	6	primary	benedictive	active
khid	6	primary	future	active
khid	6	primary	imperative	active,passive
khid	6	primary	imperfect	active,passive
khid	6	primary	optative	active,passive
khid	6	primary	perfect	active
khid	6	primary	periphrastic_future	active
khid	6	primary	present	active,passive
khyā	2	causative	future	active,middle
khyā	2	causative	imperative	active,middle,passive
khyā	2	causative	imperfect	active,middle,passive
khyā	2	causative	optative	active,middle,passive
khyā	2	causative	periphrastic_future	active
khyā	2	causative	present	active,middle,passive
khyā	2	desiderative	future	active
khyā	2	desiderative	imperative	active,passive
khyā	2	desiderative	imperfect	active,passive
khyā	2	desiderative	optative	active,passive
khyā	2	desiderative	periphrastic_future	active
khyā	2	desiderative	present	active,passive
khyā	2	primary	aorist	active
khyā	2	primary	benedictive	active
khyā	2	primary	future	active,middle
khyā	2	primary	imperative	active,passive
khyā	2	primary	imperfect	active,passive
khyā	2	primary	optative	active,passive
khyā	2	primary	perfect	active
khyā	2	primary	periphrastic_future	active
khyā	2	primary	present	active,passive
khād	1	primary	benedictive	active
khād	1	primary	future	active,middle
khād	1	primary	imperative	active,middle,passive
khād	1	primary	imperfect	active,middle,passive
khād	1	primary	optative	active,middle,passive
khād	1	primary	perfect	active,middle
khād	1	primary	periphrastic_future	active
khād	1	primary	present	active,middle,passive
klam	4	causative	future	active,middle
klam	4	causative	imperative	active,middle,passive
klam	4	causative	imperfect	active,middle,passive
klam	4	causative	optative	active,middle,passive
klam	4	causative	periphrastic_future	active
klam	4	causative	present	active,middle,passive
klam	4	primary	benedictive	active
klam	4	primary	future	active
klam	4	primary	imperative	active,passive
klam	4	primary	imperfect	active,passive
klam	4	primary	optative	active,passive
klam	4	primary	perfect	active
klam	4	primary	periphrastic_future	active
klam	4	primary	present	active,passive
klav	1	primary	benedictive	active
klav	1	primary	future	middle
klav	1	primary	imperative	middle,passive
klav	1	primary	imperfect	middle,passive
klav	1	primary	optative	middle,passive
klav	1	primary	perfect	middle
klav	1	primary	periphrastic_future	active
klav	1	primary	present	middle,passive
klid	3	primary	aorist	active
klid	4	causative	future	active,middle
klid	4	causative	imperative	active,middle,passive
klid	4	causative	imperfect	active,middle,passive
klid	4	causative	optative	active,middle,passive
klid	4	causative	periphrastic_future	active
klid	4	causative	present	active,middle,passive
klid	4	primary	benedictive	active
klid	4	primary	future	active
klid	4	primary	imperative	active,passive
klid	4	primary	imperfect	active,passive
klid	4	primary	optative	active,passive
klid	4	primary	perfect	active
klid	4	primary	periphrastic_future	active
klid	4	primary	present	active,passive
kliś	4	primary	imperative	active
kliś	4	primary	imperfect	active
kliś	4	primary	optative	active
kliś	4	primary	present	active
kliś	5	primary	aorist	active,middle
kliś	7	causative	future	active,middle
kliś	7	causative	imperative	active,middle,passive
kliś	7	causative	imperfect	active,middle,passive
kliś	7	causative	optative	active,middle,passive
kliś	7	causative	periphrastic_future	active
kliś	7	causative	present	active,middle,passive
kliś	7	primary	aorist	active
kliś	7	primary	benedictive	active
kliś	7	primary	future	active
kliś	7	primary	imperative	passive
kliś	7	primary	imperfect	passive
kliś	7	primary	optative	passive
kliś	7	primary	perfect	active
kliś	7	primary	periphrastic_future	active
kliś	7	primary	present	passive
kliś	9	primary	imperative	active
kliś	9	primary	imperfect	active
kliś	9	primary	optative	active
kliś	9	primary	present	active
klība	1	primary	benedictive	active
klība	1	primary	future	active,middle
klība	1	primary	imperative	middle,passive
klība	1	primary	imperfect	middle,passive
klība	1	primary	optative	middle,passive
klība	1	primary	perfect	active,middle
klība	1	primary	periphrastic_future	active
klība	1	primary	present	middle,passive
klība	11	primary	imperative	middle
klība	11	primary	imperfect	middle
klība	11	primary	optative	middle
klība	11	primary	present	middle
knū	1	causative	future	active,middle
knū	1	causative	imperative	active,middle,passive
knū	1	causative	imperfect	active,middle,passive
knū	1	causative	optative	active,middle,passive
knū	1	causative	periphrastic_future	active
knū	1	causative	present	active,middle,passive
knū	1	primary	benedictive	active
knū	1	primary	future	active,middle
knū	1	primary	imperative	middle
knū	1	primary	imperfect	middle
knū	1	primary	optative	middle
knū	1	primary	perfect	middle
knū	1	primary	periphrastic_future	active
knū	1	primary	present	middle
kram	1	causative	future	active,middle
kram	1	causative	imperative	active,middle,passive
kram	1	causative	imperfect	active,middle,passive
kram	1	causative	optative	active,middle,passive
kram	1	causative	periphrastic_future	active
kram	1	causative	present	active,middle,passive
kram	1	intensive	imperative	active,middle
kram	1	intensive	imperfect	active,middle
kram	1	intensive	optative	active,middle
kram	1	intensive	present	active,middle
kram	1	primary	aorist	active,passive
kram	1	primary	benedictive	active
kram	1	primary	future	active,middle
kram	1	primary	imperative	active,middle,passive
kram	1	primary	imperfect	active,middle,passive
kram	1	primary	optative	active,middle,passive
kram	1	primary	perfect	active,middle
kram	1	primary	periphrastic_future	active
kram	1	primary	present	active,middle,passive
kram	5	primary	aorist	active,middle
kram	5	primary	injunctive	active,middle
krand	1	primary	benedictive	active
krand	1	primary	future	active
krand	1	primary	imperative	active,passive
krand	1	primary	imperfect	active,passive
krand	1	primary	optative	active,passive
krand	1	primary	perfect	active
krand	1	primary	periphrastic_future	active
krand	1	primary	present	active,passive
krand	5	primary	aorist	active,middle
krand	5	primary	injunctive	active,middle
krudh	4	causative	future	active,middle
krudh	4	causative	imperative	active,middle,passive
krudh	4	causative	imperfect	active,middle,passive
krudh	4	causative	optative	active,middle,passive
krudh	4	causative	periphrastic_future	active
krudh	4	causative	present	active,middle,passive
krudh	4	primary	benedictive	active
krudh	4	primary	future	active,middle
krudh	4	primary	imperative	active,passive
krudh	4	primary	imperfect	active,passive
krudh	4	primary	optative	active,passive
krudh	4	primary	perfect	active,middle
krudh	4	primary	periphrastic_future	active
krudh	4	primary	present	active,passive
kruñc	1	primary	benedictive	active
kruñc	1	primary	future	active
kruñc	1	primary	imperative	active,passive
kruñc	1	primary	imperfect	active,passive
kruñc	1	primary	optative	active,passive
kruñc	1	primary	perfect	active
kruñc	1	primary	periphrastic_future	active
kruñc	1	primary	present	active,passive
kruś	1	primary	imperative	active
kruś	1	primary	imperfect	active
kruś	1	primary	optative	active
kruś	1	primary	present	active
kruś	7	primary	aorist	active
kruś	7	primary	benedictive	active
kruś	7	primary	future	active
kruś	7	primary	imperative	passive
kruś	7	primary	imperfect	passive
kruś	7	primary	optative	passive
kruś	7	primary	perfect	active
kruś	7	primary	periphrastic_future	active
kruś	7	primary	present	passive
krī	9	causative	future	active,middle
krī	9	causative	imperative	active,middle,passive
krī	9	causative	imperfect	active,middle,passive
krī	9	causative	optative	active,middle,passive
krī	9	causative	periphrastic_future	active
krī	9	causative	present	active,middle,passive
krī	9	desiderative	future	middle
krī	9	desiderative	imperative	middle,passive
krī	9	desiderative	imperfect	middle,passive
krī	9	desiderative	optative	middle,passive
krī	9	desiderative	periphrastic_future	active
krī	9	desiderative	present	middle,passive
krī	9	primary	benedictive	active
krī	9	primary	future	active,middle
krī	9	primary	imperative	active,middle,passive
krī	9	primary	imperfect	active,middle,passive
krī	9	primary	optative	active,middle,passive
krī	9	primary	perfect	active,middle
krī	9	primary	periphrastic_future	active
krī	9	primary	present	active,middle,passive
krīḍ	1	causative	future	active,middle
krīḍ	1	causative	imperative	active,middle,passive
krīḍ	1	causative	imperfect	active,middle,passive
krīḍ	1	causative	optative	active,middle,passive
krīḍ	1	causative	periphrastic_future	active
krīḍ	1	causative	present	active,middle,passive
krīḍ	1	primary	benedictive	active
krīḍ	1	primary	future	active,middle
krīḍ	1	primary	imperative	active,middle,passive
krīḍ	1	primary	imperfect	active,middle,passive
krīḍ	1	primary	optative	active,middle,passive
krīḍ	1	primary	perfect	active,middle
krīḍ	1	primary	periphrastic_future	active
krīḍ	1	primary	present	active,middle,passive
kuc	6	causative	future	active,middle
kuc	6	causative	imperative	active,middle,passive
kuc	6	causative	imperfect	active,middle,passive
kuc	6	causative	optative	active,middle,passive
kuc	6	causative	periphrastic_future	active
kuc	6	causative	present	active,middle,passive
kuc	6	primary	benedictive	active
kuc	6	primary	future	active
kuc	6	primary	imperative	active,passive
kuc	6	primary	imperfect	active,passive
kuc	6	primary	optative	active,passive
kuc	6	primary	perfect	active
kuc	6	primary	periphrastic_future	active
kuc	6	primary	present	active,passive
kuha	11	primary	future	active,middle
kuha	11	primary	imperative	middle,passive
kuha	11	primary	imperfect	middle,passive
kuha	11	primary	optative	middle,passive
kuha	11	primary	periphrastic_future	active
kuha	11	primary	present	middle,passive
kul	1	primary	benedictive	active
kul	1	primary	future	active
kul	1	primary	imperative	active,passive
kul	1	primary	imperfect	active,passive
kul	1	primary	optative	active,passive
kul	1	primary	perfect	active
kul	1	primary	periphrastic_future	active
kul	1	primary	present	active,passive
kulyā	11	primary	future	active,middle
kulyā	11	primary	imperative	middle
kulyā	11	primary	imperfect	middle
kulyā	11	primary	optative	middle
kulyā	11	primary	periphrastic_future	active
kulyā	11	primary	present	middle
kunth	1	primary	benedictive	active
kunth	1	primary	future	active
kunth	1	primary	imperative	active,passive
kunth	1	primary	imperfect	active,passive
kunth	1	primary	optative	active,passive
kunth	1	primary	perfect	active
kunth	1	primary	periphrastic_future	active
kunth	1	primary	present	active,passive
kup	4	causative	future	active,middle
kup	4	causative	imperative	active,middle,passive
kup	4	causative	imperfect	active,middle,passive
kup	4	causative	optative	active,middle,passive
kup	4	causative	periphrastic_future	active
kup	4	causative	present	active,middle,passive
kup	4	primary	benedictive	active
kup	4	primary	future	active
kup	4	primary	imperative	active,passive
kup	4	primary	imperfect	active,passive
kup	4	primary	optative	active,passive
kup	4	primary	perfect	active
kup	4	primary	periphrastic_future	active
kup	4	primary	present	active,passive
kuraṅga	11	primary	future	active,middle
kuraṅga	11	primary	imperative	middle
kuraṅga	11	primary	imperfect	middle
kuraṅga	11	primary	optative	middle
kuraṅga	11	primary	periphrastic_future	active
kuraṅga	11	primary	present	middle
kusuma	11	primary	future	active,middle
kusuma	11	primary	imperative	active,passive
kusuma	11	primary	imperfect	active,passive
kusuma	11	primary	optative	active,passive
kusuma	11	primary	periphrastic_future	active
kusuma	11	primary	present	active,passive
kuts	10	primary	future	active,middle
kuts	10	primary	imperative	active,middle,passive
kuts	10	primary	imperfect	active,middle,passive
kuts	10	primary	optative	active,middle,passive
kuts	10	primary	periphrastic_future	active
kuts	10	primary	present	active,middle,passive
kuñc	1	causative	future	active,middle
kuñc	1	causative	imperative	active,middle,passive
kuñc	1	causative	imperfect	active,middle,passive
kuñc	1	causative	optative	active,middle,passive
kuñc	1	causative	periphrastic_future	active
kuñc	1	causative	present	active,middle,passive
kuñc	1	primary	future	active,middle
kuñc	1	primary	imperative	middle
kuñc	1	primary	imperfect	middle
kuñc	1	primary	optative	middle
kuñc	1	primary	perfect	active,middle
kuñc	1	primary	periphrastic_future	active
kuñc	1	primary	present	middle
kuṇḍ	1	causative	future	active,middle
kuṇḍ	1	causative	imperative	active,middle
kuṇḍ	1	causative	imperfect	active,middle
kuṇḍ	1	causative	optative	active,middle
kuṇḍ	1	causative	periphrastic_future	active
kuṇḍ	1	causative	present	active,middle
kuṇḍ	1	primary	benedictive	active
kuṇḍ	1	primary	future	active,middle
kuṇḍ	1	primary	imperative	active,middle,passive
kuṇḍ	1	primary	imperfect	active,middle,passive
kuṇḍ	1	primary	optative	active,middle,passive
kuṇḍ	1	primary	perfect	active,middle
kuṇḍ	1	primary	periphrastic_future	active
kuṇḍ	1	primary	present	active,middle,passive
kuṇṭh	1	causative	future	active,middle
kuṇṭh	1	causative	imperative	active,middle
kuṇṭh	1	causative	imperfect	active,middle
kuṇṭh	1	causative	optative	active,middle
kuṇṭh	1	causative	periphrastic_future	active
kuṇṭh	1	causative	present	active,middle
kuṇṭh	1	primary	benedictive	active
kuṇṭh	1	primary	future	active
kuṇṭh	1	primary	imperative	active,passive
kuṇṭh	1	primary	imperfect	active,passive
kuṇṭh	1	primary	optative	active,passive
kuṇṭh	1	primary	perfect	active
kuṇṭh	1	primary	periphrastic_future	active
kuṇṭh	1	primary	present	active,passive
kuṣ	5	primary	aorist	active
kuṣ	6	primary	benedictive	active
kuṣ	6	primary	future	active
kuṣ	6	primary	imperative	active,passive
kuṣ	6	primary	imperfect	active,passive
kuṣ	6	primary	optative	active,passive
kuṣ	6	primary	perfect	active
kuṣ	6	primary	periphrastic_future	active
kuṣ	6	primary	present	active,passive
kuṣ	9	primary	imperative	active
kuṣ	9	primary	imperfect	active
kuṣ	9	primary	optative	active
kuṣ	9	primary	present	active
kuṭ	5	primary	aorist	active
kuṭ	6	causative	future	active,middle
kuṭ	6	causative	imperative	active,middle,passive
kuṭ	6	causative	imperfect	active,middle,passive
kuṭ	6	causative	optative	active,middle,passive
kuṭ	6	causative	periphrastic_future	active
kuṭ	6	causative	present	active,middle,passive
kuṭ	6	primary	benedictive	active
kuṭ	6	primary	conditional	active
kuṭ	6	primary	future	active
kuṭ	6	primary	imperative	active,passive
kuṭ	6	primary	imperfect	active,passive
kuṭ	6	primary	optative	active,passive
kuṭ	6	primary	perfect	active
kuṭ	6	primary	periphrastic_future	active
kuṭ	6	primary	present	active,passive
kuṭṭ	10	primary	future	active
kuṭṭ	10	primary	imperative	active,passive
kuṭṭ	10	primary	imperfect	active,passive
kuṭṭ	10	primary	optative	active,passive
kuṭṭ	10	primary	periphrastic_future	active
kuṭṭ	10	primary	present	active,passive
kvath	1	causative	future	active,middle
kvath	1	causative	imperative	active,middle,passive
kvath	1	causative	imperfect	active,middle,passive
kvath	1	causative	optative	active,middle,passive
kvath	1	causative	periphrastic_future	active
kvath	1	causative	present	active,middle,passive
kvath	1	primary	benedictive	active
kvath	1	primary	future	active
kvath	1	primary	imperative	active,passive
kvath	1	primary	imperfect	active,passive
kvath	1	primary	optative	active,passive
kvath	1	primary	perfect	active
kvath	1	primary	periphrastic_future	active
kvath	1	primary	present	active,passive
kvaṇ	1	causative	future	active,middle
kvaṇ	1	causative	imperative	active,middle
kvaṇ	1	causative	imperfect	active,middle
kvaṇ	1	causative	optative	active,middle
kvaṇ	1	causative	periphrastic_future	active
kvaṇ	1	causative	present	active,middle
kvaṇ	1	primary	benedictive	active
kvaṇ	1	primary	future	active,middle
kvaṇ	1	primary	imperative	active,middle,passive
kvaṇ	1	primary	imperfect	active,middle,passive
kvaṇ	1	primary	optative	active,middle,passive
kvaṇ	1	primary	perfect	active,middle
kvaṇ	1	primary	periphrastic_future	active
kvaṇ	1	primary	present	active,middle,passive
kās	1	primary	benedictive	active
kās	1	primary	future	middle
kās	1	primary	imperative	middle,passive
kās	1	primary	imperfect	middle,passive
kās	1	primary	optative	middle,passive
kās	1	primary	perfect	middle
kās	1	primary	periphrastic_future	active
kās	1	primary	present	middle,passive
kāś	1	causative	future	active,middle
kāś	1	causative	imperative	active,middle
kāś	1	causative	imperfect	active,middle
kāś	1	causative	optative	active,middle
kāś	1	causative	periphrastic_future	active
kāś	1	causative	present	active,middle
kāś	1	intensive	imperative	active,middle
kāś	1	intensive	imperfect	active,middle
kāś	1	intensive	optative	active,middle
kāś	1	intensive	present	active,middle
kāś	1	primary	aorist	passive
kāś	1	primary	benedictive	active
kāś	1	primary	future	middle
kāś	1	primary	imperative	middle,passive
kāś	1	primary	imperfect	middle,passive
kāś	1	primary	optative	middle,passive
kāś	1	primary	perfect	middle
kāś	1	primary	periphrastic_future	active
kāś	1	primary	present	middle,passive
kāṅkṣ	1	primary	benedictive	active
kāṅkṣ	1	primary	future	active,middle
kāṅkṣ	1	primary	imperative	active,middle,passive
kāṅkṣ	1	primary	imperfect	active,middle,passive
kāṅkṣ	1	primary	optative	active,middle,passive
kāṅkṣ	1	primary	perfect	active,middle
kāṅkṣ	1	primary	periphrastic_future	active
kāṅkṣ	1	primary	present	active,middle,passive
kīl	1	primary	benedictive	active
kīl	1	primary	future	active
kīl	1	primary	imperative	active,passive
kīl	1	primary	imperfect	active,passive
kīl	1	primary	optative	active,passive
kīl	1	primary	perfect	active
kīl	1	primary	periphrastic_future	active
kīl	1	primary	present	active,passive
kīrt	10	primary	future	active
kīrt	10	primary	imperative	active,passive
kīrt	10	primary	imperfect	active,passive
kīrt	10	primary	optative	active,passive
kīrt	10	primary	periphrastic_future	active
kīrt	10	primary	present	active,passive
kū	6	intensive	imperative	middle
kū	6	intensive	imperfect	middle
kū	6	intensive	optative	middle
kū	6	intensive	present	middle
kū	6	primary	benedictive	active
kū	6	primary	future	middle
kū	6	primary	imperative	middle
kū	6	primary	imperfect	middle
kū	6	primary	optative	middle
kū	6	primary	perfect	middle
kū	6	primary	periphrastic_future	active
kū	6	primary	present	middle
kūj	1	primary	benedictive	active
kūj	1	primary	future	active
kūj	1	primary	imperative	active,passive
kūj	1	primary	imperfect	active,passive
kūj	1	primary	optative	active,passive
kūj	1	primary	perfect	active
kūj	1	primary	periphrastic_future	active
kūj	1	primary	present	active,passive
kḷp	1	causative	future	active,middle
kḷp	1	causative	imperative	active,middle,passive
kḷp	1	causative	imperfect	active,middle,passive
kḷp	1	causative	optative	active,middle,passive
kḷp	1	causative	periphrastic_future	active
kḷp	1	causative	present	active,middle,passive
kḷp	1	primary	benedictive	active
kḷp	1	primary	future	middle
kḷp	1	primary	imperative	middle
kḷp	1	primary	imperfect	middle
kḷp	1	primary	optative	middle
kḷp	1	primary	perfect	middle
kḷp	1	primary	periphrastic_future	active
kḷp	1	primary	present	middle
kḷp	3	primary	aorist	active,middle
kṛ	1	causative	future	active,middle
kṛ	1	causative	imperative	active,middle,passive
kṛ	1	causative	imperfect	active,middle,passive
kṛ	1	causative	optative	active,middle,passive
kṛ	1	causative	periphrastic_future	active
kṛ	1	causative	present	active,middle,passive
kṛ	1	desiderative	future	active,middle
kṛ	1	desiderative	imperative	active,middle,passive
kṛ	1	desiderative	imperfect	active,middle,passive
kṛ	1	desiderative	optative	active,middle,passive
kṛ	1	desiderative	periphrastic_future	active
kṛ	1	desiderative	present	active,middle,passive
kṛ	1	intensive	imperative	active
kṛ	1	intensive	imperfect	active
kṛ	1	intensive	optative	active
kṛ	1	intensive	present	active
kṛ	1	primary	aorist	active,middle,passive
kṛ	1	primary	benedictive	active,middle
kṛ	1	primary	conditional	active,middle
kṛ	1	primary	future	active,middle
kṛ	1	primary	imperative	passive
kṛ	1	primary	imperfect	passive
kṛ	1	primary	injunctive	middle
kṛ	1	primary	optative	passive
kṛ	1	primary	perfect	active,middle
kṛ	1	primary	periphrastic_future	active
kṛ	1	primary	present	passive
kṛ	2	primary	imperative	active
kṛ	3	primary	aorist	active,middle
kṛ	3	primary	injunctive	active,middle
kṛ	4	primary	aorist	active,middle
kṛ	4	primary	injunctive	active,middle
kṛ	5	primary	aorist	active
kṛ	5	primary	imperative	active,middle
kṛ	5	primary	imperfect	active,middle
kṛ	5	primary	injunctive	active
kṛ	5	primary	optative	active,middle
kṛ	5	primary	present	active,middle
kṛ	8	primary	imperative	active,middle
kṛ	8	primary	imperfect	active,middle
kṛ	8	primary	optative	active,middle
kṛ	8	primary	present	active,middle
kṛcchra	11	primary	future	active,middle
kṛcchra	11	primary	imperative	middle
kṛcchra	11	primary	imperfect	middle
kṛcchra	11	primary	optative	middle
kṛcchra	11	primary	periphrastic_future	active
kṛcchra	11	primary	present	middle
kṛp	1	causative	future	active,middle
kṛp	1	causative	imperative	active,middle
kṛp	1	causative	imperfect	active,middle
kṛp	1	causative	optative	active,middle
kṛp	1	causative	periphrastic_future	active
kṛp	1	causative	present	active,middle
kṛp	1	primary	benedictive	active
kṛp	1	primary	future	middle
kṛp	1	primary	imperative	middle,passive
kṛp	1	primary	imperfect	middle,passive
kṛp	1	primary	optative	middle,passive
kṛp	1	primary	perfect	middle
kṛp	1	primary	periphrastic_future	active
kṛp	1	primary	present	middle,passive
kṛpaṇa	11	primary	future	active,middle
kṛpaṇa	11	primary	imperative	middle
kṛpaṇa	11	primary	imperfect	middle
kṛpaṇa	11	primary	optative	middle
kṛpaṇa	11	primary	periphrastic_future	active
kṛpaṇa	11	primary	present	middle
kṛt	1	primary	aorist	passive
kṛt	1	primary	benedictive	active
kṛt	1	primary	future	active
kṛt	1	primary	imperative	passive
kṛt	1	primary	imperfect	passive
kṛt	1	primary	optative	passive
kṛt	1	primary	perfect	active
kṛt	1	primary	periphrastic_future	active
kṛt	1	primary	present	passive
kṛt	2	primary	aorist	active,middle
kṛt	5	primary	aorist	active,middle
kṛt	5	primary	injunctive	active,middle
kṛt	6	primary	imperative	active
kṛt	6	primary	imperfect	active
kṛt	6	primary	optative	active
kṛt	6	primary	present	active
kṛś	4	causative	future	active,middle
kṛś	4	causative	imperative	active,middle,passive
kṛś	4	causative	imperfect	active,middle,passive
kṛś	4	causative	optative	active,middle,passive
kṛś	4	causative	periphrastic_future	active
kṛś	4	causative	present	active,middle,passive
kṛś	4	primary	benedictive	active
kṛś	4	primary	future	active
kṛś	4	primary	imperative	active,passive
kṛś	4	primary	imperfect	active,passive
kṛś	4	primary	optative	active,passive
kṛś	4	primary	perfect	active
kṛś	4	primary	periphrastic_future	active
kṛś	4	primary	present	active,passive
kṛṣ	1	causative	future	active,middle
kṛṣ	1	causative	imperative	active,middle,passive
kṛṣ	1	causative	imperfect	active,middle,passive
kṛṣ	1	causative	optative	active,middle,passive
kṛṣ	1	causative	periphrastic_future	active
kṛṣ	1	causative	present	active,middle,passive
kṛṣ	1	primary	benedictive	active
kṛṣ	1	primary	future	active,middle
kṛṣ	1	primary	imperative	active,middle,passive
kṛṣ	1	primary	imperfect	active,middle,passive
kṛṣ	1	primary	optative	active,middle,passive
kṛṣ	1	primary	perfect	active,middle
kṛṣ	1	primary	periphrastic_future	active
kṛṣ	1	primary	present	active,middle,passive
kṛṣ	3	primary	aorist	active,middle
kṛṣ	4	primary	aorist	active
kṛṣ	6	primary	imperative	active,middle
kṛṣ	6	primary	imperfect	active,middle
kṛṣ	6	primary	optative	active,middle
kṛṣ	6	primary	present	active,middle
kṛṣ	7	primary	aorist	active,middle
kṛṣṇa	11	primary	future	active,middle
kṛṣṇa	11	primary	imperative	active,middle,passive
kṛṣṇa	11	primary	imperfect	active,middle,passive
kṛṣṇa	11	primary	optative	active,middle,passive
kṛṣṇa	11	primary	periphrastic_future	active
kṛṣṇa	11	primary	present	active,middle,passive
kṝ	6	primary	benedictive	active
kṝ	6	primary	future	active,middle
kṝ	6	primary	imperative	active,middle,passive
kṝ	6	primary	imperfect	active,middle,passive
kṝ	6	primary	optative	active,middle,passive
kṝ	6	primary	perfect	active,middle
kṝ	6	primary	periphrastic_future	active
kṝ	6	primary	present	active,middle,passive
kṣad	1	primary	benedictive	active
kṣad	1	primary	future	middle
kṣad	1	primary	imperative	middle,passive
kṣad	1	primary	imperfect	middle,passive
kṣad	1	primary	optative	middle,passive
kṣad	1	primary	perfect	middle
kṣad	1	primary	periphrastic_future	active
kṣad	1	primary	present	middle,passive
kṣam	1	causative	future	active,middle
kṣam	1	causative	imperative	active,middle,passive
kṣam	1	causative	imperfect	active,middle,passive
kṣam	1	causative	optative	active,middle,passive
kṣam	1	causative	periphrastic_future	active
kṣam	1	causative	present	active,middle,passive
kṣam	1	primary	benedictive	active
kṣam	1	primary	future	active,middle
kṣam	1	primary	imperative	active,middle,passive
kṣam	1	primary	imperfect	active,middle,passive
kṣam	1	primary	optative	active,middle,passive
kṣam	1	primary	perfect	active,middle
kṣam	1	primary	periphrastic_future	active
kṣam	1	primary	present	active,middle,passive
kṣan	5	primary	aorist	active,middle
kṣan	5	primary	injunctive	active,middle
kṣan	8	primary	benedictive	active
kṣan	8	primary	future	active,middle
kṣan	8	primary	imperative	active,middle,passive
kṣan	8	primary	imperfect	active,middle,passive
kṣan	8	primary	optative	active,middle,passive
kṣan	8	primary	perfect	active,middle
kṣan	8	primary	periphrastic_future	active
kṣan	8	primary	present	active,middle,passive
kṣap	1	primary	benedictive	active
kṣap	1	primary	future	active,middle
kṣap	1	primary	imperative	active,middle,passive
kṣap	1	primary	imperfect	active,middle,passive
kṣap	1	primary	optative	active,middle,passive
kṣap	1	primary	perfect	active,middle
kṣap	1	primary	periphrastic_future	active
kṣap	1	primary	present	active,middle,passive
kṣar	1	primary	benedictive	active
kṣar	1	primary	future	active
kṣar	1	primary	imperative	active
kṣar	1	primary	imperfect	active
kṣar	1	primary	optative	active
kṣar	1	primary	perfect	active
kṣar	1	primary	periphrastic_future	active
kṣar	1	primary	present	active
kṣepa	11	primary	future	active,middle
kṣepa	11	primary	imperative	middle
kṣepa	11	primary	imperfect	middle
kṣepa	11	primary	optative	middle
kṣepa	11	primary	periphrastic_future	active
kṣepa	11	primary	present	middle
kṣi	1	primary	benedictive	active
kṣi	1	primary	future	active
kṣi	1	primary	imperative	active
kṣi	1	primary	imperfect	active
kṣi	1	primary	optative	active
kṣi	1	primary	perfect	active
kṣi	1	primary	periphrastic_future	active
kṣi	1	primary	present	active
kṣi	2	primary	imperative	active
kṣi	2	primary	imperfect	active
kṣi	2	primary	optative	active
kṣi	2	primary	present	active
kṣi	6	primary	imperative	active
kṣi	6	primary	imperfect	active
kṣi	6	primary	optative	active
kṣi	6	primary	present	active
kṣip	1	primary	aorist	passive
kṣip	6	causative	future	active,middle
kṣip	6	causative	imperative	active,middle,passive
kṣip	6	causative	imperfect	active,middle,passive
kṣip	6	causative	optative	active,middle,passive
kṣip	6	causative	periphrastic_future	active
kṣip	6	causative	present	active,middle,passive
kṣip	6	desiderative	future	active
kṣip	6	desiderative	imperative	active,passive
kṣip	6	desiderative	imperfect	active,passive
kṣip	6	desiderative	optative	active,passive
kṣip	6	desiderative	periphrastic_future	active
kṣip	6	desiderative	present	active,passive
kṣip	6	intensive	imperative	active
kṣip	6	intensive	imperfect	active
kṣip	6	intensive	optative	active
kṣip	6	intensive	present	active
kṣip	6	primary	benedictive	active
kṣip	6	primary	future	active,middle
kṣip	6	primary	imperative	active,middle,passive
kṣip	6	primary	imperfect	active,middle,passive
kṣip	6	primary	optative	active,middle,passive
kṣip	6	primary	perfect	active,middle
kṣip	6	primary	periphrastic_future	active
kṣip	6	primary	present	active,middle,passive
kṣu	2	desiderative	future	active
kṣu	2	desiderative	imperative	active,passive
kṣu	2	desiderative	imperfect	active,passive
kṣu	2	desiderative	optative	active,passive
kṣu	2	desiderative	periphrastic_future	active
kṣu	2	desiderative	present	active,passive
kṣu	2	primary	benedictive	active
kṣu	2	primary	future	active
kṣu	2	primary	imperative	active,passive
kṣu	2	primary	imperfect	active,passive
kṣu	2	primary	optative	active,passive
kṣu	2	primary	perfect	active
kṣu	2	primary	periphrastic_future	active
kṣu	2	primary	present	active,passive
kṣubh	4	primary	imperative	active,middle
kṣubh	4	primary	imperfect	active,middle
kṣubh	4	primary	optative	active,middle
kṣubh	4	primary	present	active,middle
kṣubh	9	causative	future	active,middle
kṣubh	9	causative	imperative	active,middle,passive
kṣubh	9	causative	imperfect	active,middle,passive
kṣubh	9	causative	optative	active,middle,passive
kṣubh	9	causative	periphrastic_future	active
kṣubh	9	causative	present	active,middle,passive
kṣubh	9	primary	benedictive	active
kṣubh	9	primary	future	active,middle
kṣubh	9	primary	imperative	active,middle
kṣubh	9	primary	imperfect	active,middle
kṣubh	9	primary	optative	active,middle
kṣubh	9	primary	perfect	active,middle
kṣubh	9	primary	periphrastic_future	active
kṣubh	9	primary	present	active,middle
kṣud	1	primary	imperative	active,middle
kṣud	1	primary	imperfect	active,middle
kṣud	1	primary	optative	active,middle
kṣud	1	primary	present	active,middle
kṣud	7	primary	benedictive	active
kṣud	7	primary	future	active,middle
kṣud	7	primary	imperative	active,middle,passive
kṣud	7	primary	imperfect	active,middle,passive
kṣud	7	primary	optative	active,middle,passive
kṣud	7	primary	perfect	active,middle
kṣud	7	primary	periphrastic_future	active
kṣud	7	primary	present	active,middle,passive
kṣudh	4	primary	benedictive	active
kṣudh	4	primary	future	active
kṣudh	4	primary	imperative	active,passive
kṣudh	4	primary	imperfect	active,passive
kṣudh	4	primary	optative	active,passive
kṣudh	4	primary	perfect	active
kṣudh	4	primary	periphrastic_future	active
kṣudh	4	primary	present	active,passive
kṣviḍ	1	causative	future	active,middle
kṣviḍ	1	causative	imperative	active,middle,passive
kṣviḍ	1	causative	imperfect	active,middle,passive
kṣviḍ	1	causative	optative	active,middle,passive
kṣviḍ	1	causative	periphrastic_future	active
kṣviḍ	1	causative	present	active,middle,passive
kṣviḍ	1	primary	benedictive	active
kṣviḍ	1	primary	future	active
kṣviḍ	1	primary	imperative	active,passive
kṣviḍ	1	primary	imperfect	active,passive
kṣviḍ	1	primary	optative	active,passive
kṣviḍ	1	primary	perfect	active
kṣviḍ	1	primary	periphrastic_future	active
kṣviḍ	1	primary	present	active,passive
kṣā	4	causative	future	active,middle
kṣā	4	causative	imperative	active,middle,passive
kṣā	4	causative	imperfect	active,middle,passive
kṣā	4	causative	optative	active,middle,passive
kṣā	4	causative	periphrastic_future	active
kṣā	4	causative	present	active,middle,passive
kṣā	4	primary	benedictive	active
kṣā	4	primary	imperative	active,passive
kṣā	4	primary	imperfect	active,passive
kṣā	4	primary	optative	active,passive
kṣā	4	primary	present	active,passive
kṣī	5	primary	imperative	active
kṣī	5	primary	imperfect	active
kṣī	5	primary	optative	active
kṣī	5	primary	present	active
kṣī	9	causative	future	active,middle
kṣī	9	causative	imperative	active,middle,passive
kṣī	9	causative	imperfect	active,middle,passive
kṣī	9	causative	optative	active,middle,passive
kṣī	9	causative	periphrastic_future	active
kṣī	9	causative	present	active,middle,passive
kṣī	9	primary	benedictive	active
kṣī	9	primary	future	active
kṣī	9	primary	imperative	active,passive
kṣī	9	primary	imperfect	active,passive
kṣī	9	primary	optative	active,passive
kṣī	9	primary	perfect	active
kṣī	9	primary	periphrastic_future	active
kṣī	9	primary	present	active,passive
kṣīra	11	primary	future	active,middle
kṣīra	11	primary	imperative	active
kṣīra	11	primary	imperfect	active
kṣīra	11	primary	optative	active
kṣīra	11	primary	periphrastic_future	active
kṣīra	11	primary	present	active
kṣṇu	2	primary	benedictive	active
kṣṇu	2	primary	future	active,middle
kṣṇu	2	primary	imperative	active,middle,passive
kṣṇu	2	primary	imperfect	active,middle,passive
kṣṇu	2	primary	optative	active,middle,passive
kṣṇu	2	primary	perfect	active,middle
kṣṇu	2	primary	periphrastic_future	active
kṣṇu	2	primary	present	active,middle,passive
labh	1	primary	imperative	active,middle
labh	1	primary	imperfect	active,middle
labh	1	primary	optative	active,middle
labh	1	primary	present	active,middle
labh	4	causative	future	active,middle
labh	4	causative	imperative	active,middle,passive
labh	4	causative	imperfect	active,middle,passive
labh	4	causative	optative	active,middle,passive
labh	4	causative	periphrastic_future	active
labh	4	causative	present	active,middle,passive
labh	4	desiderative	future	middle
labh	4	desiderative	imperative	middle,passive
labh	4	desiderative	imperfect	middle,passive
labh	4	desiderative	optative	middle,passive
labh	4	desiderative	periphrastic_future	active
labh	4	desiderative	present	middle,passive
labh	4	primary	aorist	active,middle
labh	4	primary	benedictive	active
labh	4	primary	future	active,middle
labh	4	primary	imperative	passive
labh	4	primary	imperfect	passive
labh	4	primary	injunctive	active,middle
labh	4	primary	optative	passive
labh	4	primary	perfect	active,middle
labh	4	primary	periphrastic_future	active
labh	4	primary	present	passive
lag	1	primary	benedictive	active
lag	1	primary	future	active
lag	1	primary	imperative	active,passive
lag	1	primary	imperfect	active,passive
lag	1	primary	optative	active,passive
lag	1	primary	perfect	active
lag	1	primary	periphrastic_future	active
lag	1	primary	present	active,passive
lagh	11	primary	future	active,middle
lagh	11	primary	imperative	active,passive
lagh	11	primary	imperfect	active,passive
lagh	11	primary	optative	active,passive
lagh	11	primary	periphrastic_future	active
lagh	11	primary	present	active,passive
lajj	6	causative	future	active,middle
lajj	6	causative	imperative	active,middle
lajj	6	causative	imperfect	active,middle
lajj	6	causative	optative	active,middle
lajj	6	causative	periphrastic_future	active
lajj	6	causative	present	active,middle
lajj	6	primary	benedictive	active
lajj	6	primary	future	middle
lajj	6	primary	imperative	middle,passive
lajj	6	primary	imperfect	middle,passive
lajj	6	primary	optative	middle,passive
lajj	6	primary	perfect	middle
lajj	6	primary	periphrastic_future	active
lajj	6	primary	present	middle,passive
lakṣ	1	causative	future	active,middle
lakṣ	1	causative	imperative	active,middle
lakṣ	1	causative	imperfect	active,middle
lakṣ	1	causative	optative	active,middle
lakṣ	1	causative	periphrastic_future	active
lakṣ	1	causative	present	active,middle
lakṣ	1	primary	benedictive	active
lakṣ	1	primary	future	active,middle
lakṣ	1	primary	imperative	active,middle,passive
lakṣ	1	primary	imperfect	active,middle,passive
lakṣ	1	primary	optative	active,middle,passive
lakṣ	1	primary	perfect	active,middle
lakṣ	1	primary	periphrastic_future	active
lakṣ	1	primary	present	active,middle,passive
lal	1	causative	future	active,middle
lal	1	causative	imperative	active,middle,passive
lal	1	causative	imperfect	active,middle,passive
lal	1	causative	optative	active,middle,passive
lal	1	causative	periphrastic_future	active
lal	1	causative	present	active,middle,passive
lal	1	primary	benedictive	active
lal	1	primary	future	active
lal	1	primary	imperative	active,passive
lal	1	primary	imperfect	active,passive
lal	1	primary	optative	active,passive
lal	1	primary	perfect	active
lal	1	primary	periphrastic_future	active
lal	1	primary	present	active,passive
lamb	1	primary	benedictive	active
lamb	1	primary	future	middle
lamb	1	primary	imperative	middle,passive
lamb	1	primary	imperfect	middle,passive
lamb	1	primary	optative	middle,passive
lamb	1	primary	perfect	middle
lamb	1	primary	periphrastic_future	active
lamb	1	primary	present	middle,passive
lap	1	causative	future	active,middle
lap	1	causative	imperative	active,middle,passive
lap	1	causative	imperfect	active,middle,passive
lap	1	causative	optative	active,middle,passive
lap	1	causative	periphrastic_future	active
lap	1	causative	present	active,middle,passive
lap	1	primary	benedictive	active
lap	1	primary	future	active
lap	1	primary	imperative	active,passive
lap	1	primary	imperfect	active,passive
lap	1	primary	optative	active,passive
lap	1	primary	perfect	active
lap	1	primary	periphrastic_future	active
lap	1	primary	present	active,passive
las	1	causative	future	active,middle
las	1	causative	imperative	active,middle,passive
las	1	causative	imperfect	active,middle,passive
las	1	causative	optative	active,middle,passive
las	1	causative	periphrastic_future	active
las	1	causative	present	active,middle,passive
las	1	primary	benedictive	active
las	1	primary	future	active
las	1	primary	imperative	active,passive
las	1	primary	imperfect	active,passive
las	1	primary	optative	active,passive
las	1	primary	perfect	active
las	1	primary	periphrastic_future	active
las	1	primary	present	active,passive
lavaṇa	11	primary	future	active,middle
lavaṇa	11	primary	imperative	active,passive
lavaṇa	11	primary	imperfect	active,passive
lavaṇa	11	primary	optative	active,passive
lavaṇa	11	primary	periphrastic_future	active
lavaṇa	11	primary	present	active,passive
laṅg	1	primary	benedictive	active
laṅg	1	primary	future	active
laṅg	1	primary	imperative	active,passive
laṅg	1	primary	imperfect	active,passive
laṅg	1	primary	optative	active,passive
laṅg	1	primary	perfect	active
laṅg	1	primary	periphrastic_future	active
laṅg	1	primary	present	active,passive
laṅgh	1	causative	future	active,middle
laṅgh	1	causative	imperative	active,middle
laṅgh	1	causative	imperfect	active,middle
laṅgh	1	causative	optative	active,middle
laṅgh	1	causative	periphrastic_future	active
laṅgh	1	causative	present	active,middle
laṅgh	1	primary	benedictive	active
laṅgh	1	primary	future	active,middle
laṅgh	1	primary	imperative	active,middle,passive
laṅgh	1	primary	imperfect	active,middle,passive
laṅgh	1	primary	optative	active,middle,passive
laṅgh	1	primary	perfect	active,middle
laṅgh	1	primary	periphrastic_future	active
laṅgh	1	primary	present	active,middle,passive
laṣ	1	causative	future	active,middle
laṣ	1	causative	imperative	active,middle,passive
laṣ	1	causative	imperfect	active,middle,passive
laṣ	1	causative	optative	active,middle,passive
laṣ	1	causative	periphrastic_future	active
laṣ	1	causative	present	active,middle,passive
laṣ	1	desiderative	future	active
laṣ	1	desiderative	imperative	active,passive
laṣ	1	desiderative	imperfect	active,passive
laṣ	1	desiderative	optative	active,passive
laṣ	1	desiderative	periphrastic_future	active
laṣ	1	desiderative	present	active,passive
laṣ	1	intensive	imperative	middle
laṣ	1	intensive	imperfect	middle
laṣ	1	intensive	optative	middle
laṣ	1	intensive	present	middle
laṣ	1	primary	benedictive	active
laṣ	1	primary	future	active,middle
laṣ	1	primary	imperative	active,middle,passive
laṣ	1	primary	imperfect	active,middle,passive
laṣ	1	primary	optative	active,middle,passive
laṣ	1	primary	perfect	active,middle
laṣ	1	primary	periphrastic_future	active
laṣ	1	primary	present	active,middle,passive
laṣ	4	primary	imperative	active
laṣ	4	primary	imperfect	active
laṣ	4	primary	optative	active
laṣ	4	primary	present	active
lelā	10	primary	future	active,middle
lelā	10	primary	imperative	active,middle
lelā	10	primary	imperfect	active,middle
lelā	10	primary	optative	active,middle
lelā	10	primary	periphrastic_future	active
lelā	10	primary	present	active,middle
lih	2	primary	imperative	active,middle
lih	2	primary	imperfect	active,middle
lih	2	primary	optative	active,middle
lih	2	primary	present	active,middle
lih	7	causative	future	active,middle
lih	7	causative	imperative	active,middle,passive
lih	7	causative	imperfect	active,middle,passive
lih	7	causative	optative	active,middle,passive
lih	7	causative	periphrastic_future	active
lih	7	causative	present	active,middle,passive
lih	7	intensive	imperative	middle
lih	7	intensive	imperfect	middle
lih	7	intensive	optative	middle
lih	7	intensive	present	middle
lih	7	primary	aorist	active,middle
lih	7	primary	benedictive	active
lih	7	primary	future	active,middle
lih	7	primary	imperative	passive
lih	7	primary	imperfect	passive
lih	7	primary	optative	passive
lih	7	primary	perfect	active,middle
lih	7	primary	periphrastic_future	active
lih	7	primary	present	passive
likh	6	causative	future	active,middle
likh	6	causative	imperative	active,middle,passive
likh	6	causative	imperfect	active,middle,passive
likh	6	causative	optative	active,middle,passive
likh	6	causative	periphrastic_future	active
likh	6	causative	present	active,middle,passive
likh	6	desiderative	future	active
likh	6	desiderative	imperative	active,passive
likh	6	desiderative	imperfect	active,passive
likh	6	desiderative	optative	active,passive
likh	6	desiderative	periphrastic_future	active
likh	6	desiderative	present	active,passive
likh	6	primary	benedictive	active
likh	6	primary	future	active
likh	6	primary	imperative	active,passive
likh	6	primary	imperfect	active,passive
likh	6	primary	optative	active,passive
likh	6	primary	perfect	active
likh	6	primary	periphrastic_future	active
likh	6	primary	present	active,passive
lip	6	causative	future	active,middle
lip	6	causative	imperative	active,middle,passive
lip	6	causative	imperfect	active,middle,passive
lip	6	causative	optative	active,middle,passive
lip	6	causative	periphrastic_future	active
lip	6	causative	present	active,middle,passive
lip	6	primary	benedictive	active
lip	6	primary	future	active,middle
lip	6	primary	imperative	active,middle,passive
lip	6	primary	imperfect	active,middle,passive
lip	6	primary	optative	active,middle,passive
lip	6	primary	perfect	active,middle
lip	6	primary	periphrastic_future	active
lip	6	primary	present	active,middle,passive
liś	6	primary	benedictive	active
liś	6	primary	future	active
liś	6	primary	imperative	active,passive
liś	6	primary	imperfect	active,passive
liś	6	primary	optative	active,passive
liś	6	primary	perfect	active
liś	6	primary	periphrastic_future	active
liś	6	primary	present	active,passive
liṅg	1	primary	benedictive	active
liṅg	1	primary	future	active,middle
liṅg	1	primary	imperative	active,middle,passive
liṅg	1	primary	imperfect	active,middle,passive
liṅg	1	primary	optative	active,middle,passive
liṅg	1	primary	perfect	active,middle
liṅg	1	primary	periphrastic_future	active
liṅg	1	primary	present	active,middle,passive
loc	1	primary	benedictive	active
loc	1	primary	future	middle
loc	1	primary	imperative	middle,passive
loc	1	primary	imperfect	middle,passive
loc	1	primary	optative	middle,passive
loc	1	primary	perfect	middle
loc	1	primary	periphrastic_future	active
loc	1	primary	present	middle,passive
lohita	11	primary	future	active,middle
lohita	11	primary	imperative	active,middle
lohita	11	primary	imperfect	active,middle
lohita	11	primary	optative	active,middle
lohita	11	primary	periphrastic_future	active
lohita	11	primary	present	active,middle
lok	1	causative	future	active,middle
lok	1	causative	imperative	active,middle
lok	1	causative	imperfect	active,middle
lok	1	causative	optative	active,middle
lok	1	causative	periphrastic_future	active
lok	1	causative	present	active,middle
lok	1	primary	benedictive	active
lok	1	primary	future	middle
lok	1	primary	imperative	middle,passive
lok	1	primary	imperfect	middle,passive
lok	1	primary	optative	middle,passive
lok	1	primary	perfect	middle
lok	1	primary	periphrastic_future	active
lok	1	primary	present	middle,passive
lubh	4	causative	future	active,middle
lubh	4	causative	imperative	active,middle,passive
lubh	4	causative	imperfect	active,middle,passive
lubh	4	causative	optative	active,middle,passive
lubh	4	causative	periphrastic_future	active
lubh	4	causative	present	active,middle,passive
lubh	4	intensive	imperative	middle
lubh	4	intensive	imperfect	middle
lubh	4	intensive	optative	middle
lubh	4	intensive	present	middle
lubh	4	primary	benedictive	active
lubh	4	primary	future	active
lubh	4	primary	imperative	active,passive
lubh	4	primary	imperfect	active,passive
lubh	4	primary	optative	active,passive
lubh	4	primary	perfect	active
lubh	4	primary	periphrastic_future	active
lubh	4	primary	present	active,passive
lul	1	primary	benedictive	active
lul	1	primary	future	active
lul	1	primary	imperative	active,passive
lul	1	primary	imperfect	active,passive
lul	1	primary	optative	active,passive
lul	1	primary	perfect	active
lul	1	primary	periphrastic_future	active
lul	1	primary	present	active,passive
lup	6	causative	future	active,middle
lup	6	causative	imperative	active,middle,passive
lup	6	causative	imperfect	active,middle,passive
lup	6	causative	optative	active,middle,passive
lup	6	causative	periphrastic_future	active
lup	6	causative	present	active,middle,passive
lup	6	intensive	imperative	middle
lup	6	intensive	imperfect	middle
lup	6	intensive	optative	middle
lup	6	intensive	present	middle
lup	6	primary	benedictive	active
lup	6	primary	future	active,middle
lup	6	primary	imperative	active,middle,passive
lup	6	primary	imperfect	active,middle,passive
lup	6	primary	optative	active,middle,passive
lup	6	primary	perfect	active,middle
lup	6	primary	periphrastic_future	active
lup	6	primary	present	active,middle,passive
luñc	1	primary	benedictive	active
luñc	1	primary	future	active,middle
luñc	1	primary	imperative	active,middle,passive
luñc	1	primary	imperfect	active,middle,passive
luñc	1	primary	optative	active,middle,passive
luñc	1	primary	perfect	active,middle
luñc	1	primary	periphrastic_future	active
luñc	1	primary	present	active,middle,passive
luñc	5	primary	aorist	active,middle
luñc	5	primary	injunctive	active,middle
luṇṭh	1	causative	future	active,middle
luṇṭh	1	causative	imperative	active,middle,passive
luṇṭh	1	causative	imperfect	active,middle,passive
luṇṭh	1	causative	optative	active,middle,passive
luṇṭh	1	causative	periphrastic_future	active
luṇṭh	1	causative	present	active,middle,passive
luṇṭh	1	primary	benedictive	active
luṇṭh	1	primary	future	active
luṇṭh	1	primary	imperative	active,passive
luṇṭh	1	primary	imperfect	active,passive
luṇṭh	1	primary	optative	active,passive
luṇṭh	1	primary	perfect	active
luṇṭh	1	primary	periphrastic_future	active
luṇṭh	1	primary	present	active,passive
luṭh	5	primary	aorist	active,middle
luṭh	6	causative	future	active,middle
luṭh	6	causative	imperative	active,middle,passive
luṭh	6	causative	imperfect	active,middle,passive
luṭh	6	causative	optative	active,middle,passive
luṭh	6	causative	periphrastic_future	active
luṭh	6	causative	present	active,middle,passive
luṭh	6	intensive	imperative	active
luṭh	6	intensive	imperfect	active
luṭh	6	intensive	optative	active
luṭh	6	intensive	present	active
luṭh	6	primary	benedictive	active
luṭh	6	primary	future	active,middle
luṭh	6	primary	imperative	active,middle,passive
luṭh	6	primary	imperfect	active,middle,passive
luṭh	6	primary	optative	active,middle,passive
luṭh	6	primary	perfect	active,middle
luṭh	6	primary	periphrastic_future	active
luṭh	6	primary	present	active,middle,passive
lā	2	primary	benedictive	active
lā	2	primary	future	active
lā	2	primary	imperative	active,passive
lā	2	primary	imperfect	active,passive
lā	2	primary	optative	active,passive
lā	2	primary	perfect	active
lā	2	primary	periphrastic_future	active
lā	2	primary	present	active,passive
lā	6	primary	aorist	active
lālā	11	primary	future	active,middle
lālā	11	primary	imperative	middle
lālā	11	primary	imperfect	middle
lālā	11	primary	optative	middle
lālā	11	primary	periphrastic_future	active
lālā	11	primary	present	middle
lāñch	1	primary	benedictive	active
lāñch	1	primary	future	active
lāñch	1	primary	imperative	active,passive
lāñch	1	primary	imperfect	active,passive
lāñch	1	primary	optative	active,passive
lāñch	1	primary	perfect	active
lāñch	1	primary	periphrastic_future	active
lāñch	1	primary	present	active,passive
lī	1	primary	benedictive	active
lī	1	primary	future	active,middle
lī	1	primary	imperative	middle
lī	1	primary	imperfect	middle
lī	1	primary	optative	middle
lī	1	primary	perfect	middle
lī	1	primary	periphrastic_future	active
lī	1	primary	present	middle
lī	4	primary	imperative	middle
lī	4	primary	imperfect	middle
lī	4	primary	optative	middle
lī	4	primary	present	middle
lū	5	intensive	imperative	middle
lū	5	intensive	imperfect	middle
lū	5	intensive	optative	middle
lū	5	intensive	present	middle
lū	5	primary	aorist	active,middle
lū	5	primary	benedictive	active,middle
lū	5	primary	future	active,middle
lū	5	primary	imperative	active,middle,passive
lū	5	primary	imperfect	active,middle,passive
lū	5	primary	injunctive	active,middle
lū	5	primary	optative	active,middle,passive
lū	5	primary	perfect	active,middle
lū	5	primary	periphrastic_future	active
lū	5	primary	present	active,middle,passive
lū	9	primary	imperative	active,middle
lū	9	primary	imperfect	active,middle
lū	9	primary	optative	active,middle
lū	9	primary	present	active,middle
mad	2	causative	future	active,middle
mad	2	causative	imperative	active,middle,passive
mad	2	causative	imperfect	active,middle,passive
mad	2	causative	optative	active,middle,passive
mad	2	causative	periphrastic_future	active
mad	2	causative	present	active,middle,passive
mad	2	primary	aorist	active,middle
mad	2	primary	benedictive	active
mad	2	primary	future	active
mad	2	primary	imperative	passive
mad	2	primary	imperfect	passive
mad	2	primary	optative	passive
mad	2	primary	perfect	active
mad	2	primary	periphrastic_future	active
mad	2	primary	present	passive
mad	4	primary	imperative	active
mad	4	primary	imperfect	active
mad	4	primary	optative	active
mad	4	primary	present	active
mad	5	primary	aorist	active,middle
mad	5	primary	injunctive	active,middle
madhu	11	primary	future	active,middle
madhu	11	primary	imperative	active
madhu	11	primary	imperfect	active
madhu	11	primary	optative	active
madhu	11	primary	periphrastic_future	active
madhu	11	primary	present	active
madra	11	primary	future	active,middle
madra	11	primary	imperative	middle
madra	11	primary	imperfect	middle
madra	11	primary	optative	middle
madra	11	primary	periphrastic_future	active
madra	11	primary	present	middle
mah	1	causative	future	active,middle
mah	1	causative	imperative	active,middle
mah	1	causative	imperfect	active,middle
mah	1	causative	optative	active,middle
mah	1	causative	periphrastic_future	active
mah	1	causative	present	active,middle
mah	1	primary	benedictive	active
mah	1	primary	future	active
mah	1	primary	imperative	active,passive
mah	1	primary	imperfect	active,passive
mah	1	primary	optative	active,passive
mah	1	primary	perfect	middle
mah	1	primary	periphrastic_future	active
mah	1	primary	present	active,passive
mahī	11	primary	future	active,middle
mahī	11	primary	imperative	middle
mahī	11	primary	imperfect	middle
mahī	11	primary	optative	middle
mahī	11	primary	periphrastic_future	active
mahī	11	primary	present	middle
majj	6	causative	future	active,middle
majj	6	causative	imperative	active,middle
majj	6	causative	imperfect	active,middle
majj	6	causative	optative	active,middle
majj	6	causative	periphrastic_future	active
majj	6	causative	present	active,middle
majj	6	primary	benedictive	active
majj	6	primary	future	active
majj	6	primary	imperative	active,passive
majj	6	primary	imperfect	active,passive
majj	6	primary	optative	active,passive
majj	6	primary	perfect	active
majj	6	primary	periphrastic_future	active
majj	6	primary	present	active,passive
malina	11	primary	future	active,middle
malina	11	primary	imperative	active,passive
malina	11	primary	imperfect	active,passive
malina	11	primary	optative	active,passive
malina	11	primary	periphrastic_future	active
malina	11	primary	present	active,passive
man	4	primary	imperative	active,middle
man	4	primary	imperfect	active,middle
man	4	primary	optative	active,middle
man	4	primary	present	active,middle
man	8	causative	future	active,middle
man	8	causative	imperative	active,middle,passive
man	8	causative	imperfect	active,middle,passive
man	8	causative	optative	active,middle,passive
man	8	causative	periphrastic_future	active
man	8	causative	present	active,middle,passive
man	8	desiderative	future	middle
man	8	desiderative	imperative	middle,passive
man	8	desiderative	imperfect	middle,passive
man	8	desiderative	optative	middle,passive
man	8	desiderative	periphrastic_future	active
man	8	desiderative	present	middle,passive
man	8	primary	benedictive	active
man	8	primary	future	active,middle
man	8	primary	imperative	middle
man	8	primary	imperfect	middle
man	8	primary	optative	middle
man	8	primary	perfect	active,middle
man	8	primary	periphrastic_future	active
man	8	primary	present	middle
manas	11	primary	future	active,middle
manas	11	primary	imperative	active,middle
manas	11	primary	imperfect	active,middle
manas	11	primary	optative	active,middle
manas	11	primary	periphrastic_future	active
manas	11	primary	present	active,middle
mand	1	causative	future	active,middle
mand	1	causative	imperative	active,middle
mand	1	causative	imperfect	active,middle
mand	1	causative	optative	active,middle
mand	1	causative	periphrastic_future	active
mand	1	causative	present	active,middle
mand	1	primary	benedictive	active
mand	1	primary	future	middle
mand	1	primary	imperative	middle,passive
mand	1	primary	imperfect	middle,passive
mand	1	primary	optative	middle,passive
mand	1	primary	perfect	middle
mand	1	primary	periphrastic_future	active
mand	1	primary	present	middle,passive
manda	11	primary	future	active,middle
manda	11	primary	imperative	active,middle
manda	11	primary	imperfect	active,middle
manda	11	primary	optative	active,middle
manda	11	primary	periphrastic_future	active
manda	11	primary	present	active,middle
mandara	11	primary	future	active,middle
mandara	11	primary	imperative	middle
mandara	11	primary	imperfect	middle
mandara	11	primary	optative	middle
mandara	11	primary	periphrastic_future	active
mandara	11	primary	present	middle
manth	1	primary	benedictive	active
manth	1	primary	future	active
manth	1	primary	imperative	active,passive
manth	1	primary	imperfect	active,passive
manth	1	primary	optative	active,passive
manth	1	primary	perfect	active
manth	1	primary	periphrastic_future	active
manth	1	primary	present	active,passive
mantr	10	primary	future	active,middle
mantr	10	primary	imperative	active,middle,passive
mantr	10	primary	imperfect	active,middle,passive
mantr	10	primary	optative	active,middle,passive
mantr	10	primary	periphrastic_future	active
mantr	10	primary	present	active,middle,passive
mantu	11	primary	future	active,middle
mantu	11	primary	imperative	active
mantu	11	primary	imperfect	active
mantu	11	primary	optative	active
mantu	11	primary	periphrastic_future	active
mantu	11	primary	present	active
mañjara	11	primary	future	active,middle
mañjara	11	primary	imperative	active,passive
mañjara	11	primary	imperfect	active,passive
mañjara	11	primary	optative	active,passive
mañjara	11	primary	periphrastic_future	active
mañjara	11	primary	present	active,passive
maṃh	1	causative	future	active,middle
maṃh	1	causative	imperative	active,middle,passive
maṃh	1	causative	imperfect	active,middle,passive
maṃh	1	causative	optative	active,middle,passive
maṃh	1	causative	periphrastic_future	active
maṃh	1	causative	present	active,middle,passive
maṃh	1	primary	benedictive	active
maṃh	1	primary	future	middle
maṃh	1	primary	imperative	middle
maṃh	1	primary	imperfect	middle
maṃh	1	primary	optative	middle
maṃh	1	primary	periphrastic_future	active
maṃh	1	primary	present	middle
maṇḍ	1	causative	future	active,middle
maṇḍ	1	causative	imperative	active,middle
maṇḍ	1	causative	imperfect	active,middle
maṇḍ	1	causative	optative	active,middle
maṇḍ	1	causative	periphrastic_future	active
maṇḍ	1	causative	present	active,middle
maṇḍ	1	primary	benedictive	active
maṇḍ	1	primary	future	active
maṇḍ	1	primary	imperative	active,passive
maṇḍ	1	primary	imperfect	active,passive
maṇḍ	1	primary	optative	active,passive
maṇḍ	1	primary	perfect	active
maṇḍ	1	primary	periphrastic_future	active
maṇḍ	1	primary	present	active,passive
medhā	11	primary	future	active,middle
medhā	11	primary	imperative	active
medhā	11	primary	imperfect	active
medhā	11	primary	optative	active
medhā	11	primary	periphrastic_future	active
medhā	11	primary	present	active
megha	11	primary	future	active,middle
megha	11	primary	imperative	middle
megha	11	primary	imperfect	middle
megha	11	primary	optative	middle
megha	11	primary	periphrastic_future	active
megha	11	primary	present	middle
mi	5	primary	benedictive	active
mi	5	primary	future	active,middle
mi	5	primary	imperative	active,middle,passive
mi	5	primary	imperfect	active,middle,passive
mi	5	primary	optative	active,middle,passive
mi	5	primary	perfect	active,middle
mi	5	primary	periphrastic_future	active
mi	5	primary	present	active,middle,passive
mid	1	primary	imperative	middle
mid	1	primary	imperfect	middle
mid	1	primary	optative	middle
mid	1	primary	present	middle
mid	4	primary	imperative	active
mid	4	primary	imperfect	active
mid	4	primary	optative	active
mid	4	primary	present	active
mid	10	causative	future	active,middle
mid	10	causative	imperative	active,middle
mid	10	causative	imperfect	active,middle
mid	10	causative	optative	active,middle
mid	10	causative	periphrastic_future	active
mid	10	causative	present	active,middle
mid	10	primary	benedictive	active
mid	10	primary	future	active,middle
mid	10	primary	imperative	active,passive
mid	10	primary	imperfect	active,passive
mid	10	primary	optative	active,passive
mid	10	primary	perfect	active,middle
mid	10	primary	periphrastic_future	active
mid	10	primary	present	active,passive
mih	1	primary	benedictive	active
mih	1	primary	future	active
mih	1	primary	imperative	active,passive
mih	1	primary	imperfect	active,passive
mih	1	primary	optative	active,passive
mih	1	primary	perfect	active
mih	1	primary	periphrastic_future	active
mih	1	primary	present	active,passive
mil	6	causative	future	active,middle
mil	6	causative	imperative	active,middle,passive
mil	6	causative	imperfect	active,middle,passive
mil	6	causative	optative	active,middle,passive
mil	6	causative	periphrastic_future	active
mil	6	causative	present	active,middle,passive
mil	6	primary	benedictive	active
mil	6	primary	future	active,middle
mil	6	primary	imperative	active,middle,passive
mil	6	primary	imperfect	active,middle,passive
mil	6	primary	optative	active,middle,passive
mil	6	primary	perfect	active,middle
mil	6	primary	periphrastic_future	active
mil	6	primary	present	active,middle,passive
mith	1	primary	benedictive	active
mith	1	primary	future	active,middle
mith	1	primary	imperative	active,middle,passive
mith	1	primary	imperfect	active,middle,passive
mith	1	primary	optative	active,middle,passive
mith	1	primary	perfect	active,middle
mith	1	primary	periphrastic_future	active
mith	1	primary	present	active,middle,passive
mitra	11	primary	future	active,middle
mitra	11	primary	imperative	active
mitra	11	primary	imperfect	active
mitra	11	primary	optative	active
mitra	11	primary	periphrastic_future	active
mitra	11	primary	present	active
miśra	11	primary	future	active,middle
miśra	11	primary	imperative	active,passive
miśra	11	primary	imperfect	active,passive
miśra	11	primary	optative	active,passive
miśra	11	primary	periphrastic_future	active
miśra	11	primary	present	active,passive
miṣ	6	primary	benedictive	active
miṣ	6	primary	future	active
miṣ	6	primary	imperative	active,passive
miṣ	6	primary	imperfect	active,passive
miṣ	6	primary	optative	active,passive
miṣ	6	primary	perfect	active
miṣ	6	primary	periphrastic_future	active
miṣ	6	primary	present	active,passive
mlecch	1	primary	benedictive	active
mlecch	1	primary	future	active
mlecch	1	primary	imperative	active,passive
mlecch	1	primary	imperfect	active,passive
mlecch	1	primary	optative	active,passive
mlecch	1	primary	perfect	active
mlecch	1	primary	periphrastic_future	active
mlecch	1	primary	present	active,passive
mlecch	5	primary	aorist	active,middle
mlecch	5	primary	injunctive	active,middle
mluc	1	primary	benedictive	active
mluc	1	primary	future	active
mluc	1	primary	imperative	active,passive
mluc	1	primary	imperfect	active,passive
mluc	1	primary	optative	active,passive
mluc	1	primary	perfect	active
mluc	1	primary	periphrastic_future	active
mluc	1	primary	present	active,passive
mlā	4	primary	benedictive	active
mlā	4	primary	future	active,middle
mlā	4	primary	imperative	active,middle,passive
mlā	4	primary	imperfect	active,middle,passive
mlā	4	primary	optative	active,middle,passive
mlā	4	primary	perfect	active,middle
mlā	4	primary	periphrastic_future	active
mlā	4	primary	present	active,middle,passive
mnā	1	primary	benedictive	active
mnā	1	primary	future	active
mnā	1	primary	imperative	active,passive
mnā	1	primary	imperfect	active,passive
mnā	1	primary	optative	active,passive
mnā	1	primary	perfect	active
mnā	1	primary	periphrastic_future	active
mnā	1	primary	present	active,passive
mnā	6	primary	aorist	active
mokṣ	1	primary	benedictive	active
mokṣ	1	primary	future	active,middle
mokṣ	1	primary	imperative	middle,passive
mokṣ	1	primary	imperfect	middle,passive
mokṣ	1	primary	optative	middle,passive
mokṣ	1	primary	perfect	active,middle
mokṣ	1	primary	periphrastic_future	active
mokṣ	1	primary	present	middle,passive
mokṣ	10	primary	imperative	active
mokṣ	10	primary	imperfect	active
mokṣ	10	primary	optative	active
mokṣ	10	primary	present	active
muc	1	causative	future	active,middle
muc	1	causative	imperative	active,middle,passive
muc	1	causative	imperfect	active,middle,passive
muc	1	causative	optative	active,middle,passive
muc	1	causative	periphrastic_future	active
muc	1	causative	present	active,middle,passive
muc	1	desiderative	future	active
muc	1	desiderative	imperative	active,passive
muc	1	desiderative	imperfect	active,passive
muc	1	desiderative	optative	active,passive
muc	1	desiderative	periphrastic_future	active
muc	1	desiderative	present	active,passive
muc	1	primary	aorist	active,passive
muc	1	primary	benedictive	active,middle
muc	1	primary	future	active,middle
muc	1	primary	imperative	passive
muc	1	primary	imperfect	passive
muc	1	primary	optative	passive
muc	1	primary	perfect	active,middle
muc	1	primary	periphrastic_future	active
muc	1	primary	present	passive
muc	2	primary	aorist	active,middle
muc	3	primary	aorist	active,middle
muc	6	primary	imperative	active,middle
muc	6	primary	imperfect	active,middle
muc	6	primary	optative	active,middle
muc	6	primary	present	active,middle
mud	1	causative	future	active,middle
mud	1	causative	imperative	active,middle,passive
mud	1	causative	imperfect	active,middle,passive
mud	1	causative	optative	active,middle,passive
mud	1	causative	periphrastic_future	active
mud	1	causative	present	active,middle,passive
mud	1	primary	benedictive	active
mud	1	primary	future	active,middle
mud	1	primary	imperative	active,middle,passive
mud	1	primary	imperfect	active,middle,passive
mud	1	primary	optative	active,middle,passive
mud	1	primary	perfect	active,middle
mud	1	primary	periphrastic_future	active
mud	1	primary	present	active,middle,passive
mud	5	primary	aorist	active,middle
mud	5	primary	injunctive	active,middle
mudrā	11	primary	future	active,middle
mudrā	11	primary	imperative	active,passive
mudrā	11	primary	imperfect	active,passive
mudrā	11	primary	optative	active,passive
mudrā	11	primary	periphrastic_future	active
mudrā	11	primary	present	active,passive
muh	4	causative	future	active,middle
muh	4	causative	imperative	active,middle,passive
muh	4	causative	imperfect	active,middle,passive
muh	4	causative	optative	active,middle,passive
muh	4	causative	periphrastic_future	active
muh	4	causative	present	active,middle,passive
muh	4	primary	benedictive	active
muh	4	primary	future	active
muh	4	primary	imperative	active,passive
muh	4	primary	imperfect	active,passive
muh	4	primary	optative	active,passive
muh	4	primary	perfect	active
muh	4	primary	periphrastic_future	active
muh	4	primary	present	active,passive
mukhara	11	primary	future	active,middle
mukhara	11	primary	imperative	active,passive
mukhara	11	primary	imperfect	active,passive
mukhara	11	primary	optative	active,passive
mukhara	11	primary	periphrastic_future	active
mukhara	11	primary	present	active,passive
mukula	11	primary	future	active,middle
mukula	11	primary	imperative	active,passive
mukula	11	primary	imperfect	active,passive
mukula	11	primary	optative	active,passive
mukula	11	primary	periphrastic_future	active
mukula	11	primary	present	active,passive
muṇḍa	11	primary	future	active,middle
muṇḍa	11	primary	imperative	active,passive
muṇḍa	11	primary	imperfect	active,passive
muṇḍa	11	primary	optative	active,passive
muṇḍa	11	primary	periphrastic_future	active
muṇḍa	11	primary	present	active,passive
muṣ	9	desiderative	future	active
muṣ	9	desiderative	imperative	active,passive
muṣ	9	desiderative	imperfect	active,passive
muṣ	9	desiderative	optative	active,passive
muṣ	9	desiderative	periphrastic_future	active
muṣ	9	desiderative	present	active,passive
muṣ	9	primary	benedictive	active
muṣ	9	primary	future	active
muṣ	9	primary	imperative	active,passive
muṣ	9	primary	imperfect	active,passive
muṣ	9	primary	optative	active,passive
muṣ	9	primary	perfect	active
muṣ	9	primary	periphrastic_future	active
muṣ	9	primary	present	active,passive
mā	1	causative	future	active,middle
mā	1	causative	imperative	active,middle,passive
mā	1	causative	imperfect	active,middle,passive
mā	1	causative	optative	active,middle,passive
mā	1	causative	periphrastic_future	active
mā	1	causative	present	active,middle,passive
mā	1	primary	benedictive	active
mā	1	primary	future	active,middle
mā	1	primary	imperative	active,middle,passive
mā	1	primary	imperfect	active,middle,passive
mā	1	primary	optative	active,middle,passive
mā	1	primary	perfect	active,middle
mā	1	primary	periphrastic_future	active
mā	1	primary	present	active,middle,passive
mā	2	primary	imperative	active
mā	2	primary	imperfect	active
mā	2	primary	optative	active
mā	2	primary	present	active
mā	3	causative	aorist	active,middle
mā	3	primary	imperative	active,middle
mā	3	primary	imperfect	active,middle
mā	3	primary	optative	active,middle
mā	3	primary	present	active,middle
māda	11	primary	future	active,middle
māda	11	primary	imperative	active,passive
māda	11	primary	imperfect	active,passive
māda	11	primary	optative	active,passive
māda	11	primary	periphrastic_future	active
māda	11	primary	present	active,passive
mālyaguṇa	11	primary	future	active,middle
mālyaguṇa	11	primary	imperative	middle
mālyaguṇa	11	primary	imperfect	middle
mālyaguṇa	11	primary	optative	middle
mālyaguṇa	11	primary	periphrastic_future	active
mālyaguṇa	11	primary	present	middle
mālā	11	primary	future	active,middle
mālā	11	primary	imperative	active,passive
mālā	11	primary	imperfect	active,passive
mālā	11	primary	optative	active,passive
mālā	11	primary	periphrastic_future	active
mālā	11	primary	present	active,passive
mārg	1	causative	future	active,middle
mārg	1	causative	imperative	active,middle
mārg	1	causative	imperfect	active,middle
mārg	1	causative	optative	active,middle
mārg	1	causative	periphrastic_future	active
mārg	1	causative	present	active,middle
mārg	1	primary	benedictive	active
mārg	1	primary	future	active,middle
mārg	1	primary	imperative	active,middle,passive
mārg	1	primary	imperfect	active,middle,passive
mārg	1	primary	optative	active,middle,passive
mārg	1	primary	perfect	active,middle
mārg	1	primary	periphrastic_future	active
mārg	1	primary	present	active,middle,passive
māṃsa	11	primary	future	active,middle
māṃsa	11	primary	imperative	active
māṃsa	11	primary	imperfect	active
māṃsa	11	primary	optative	active
māṃsa	11	primary	periphrastic_future	active
māṃsa	11	primary	present	active
mī	5	causative	future	active,middle
mī	5	causative	imperative	active,middle,passive
mī	5	causative	imperfect	active,middle,passive
mī	5	causative	optative	active,middle,passive
mī	5	causative	periphrastic_future	active
mī	5	causative	present	active,middle,passive
mī	5	desiderative	future	active,middle
mī	5	desiderative	imperative	active,middle,passive
mī	5	desiderative	imperfect	active,middle,passive
mī	5	desiderative	optative	active,middle,passive
mī	5	desiderative	periphrastic_future	active
mī	5	desiderative	present	active,middle,passive
mī	5	primary	benedictive	active
mī	5	primary	future	active,middle
mī	5	primary	imperative	active,middle,passive
mī	5	primary	imperfect	active,middle,passive
mī	5	primary	optative	active,middle,passive
mī	5	primary	perfect	active,middle
mī	5	primary	periphrastic_future	active
mī	5	primary	present	active,middle,passive
mī	9	primary	imperative	active
mī	9	primary	imperfect	active
mī	9	primary	optative	active
mī	9	primary	present	active
mīl	1	primary	imperative	active
mīl	1	primary	imperfect	active
mīl	1	primary	optative	active
mīl	1	primary	present	active
mīl	3	causative	future	active,middle
mīl	3	causative	imperative	active,middle
mīl	3	causative	imperfect	active,middle
mīl	3	causative	optative	active,middle
mīl	3	causative	periphrastic_future	active
mīl	3	causative	present	active,middle
mīl	3	primary	aorist	active,middle
mīl	3	primary	benedictive	active
mīl	3	primary	future	active
mīl	3	primary	imperative	passive
mīl	3	primary	imperfect	passive
mīl	3	primary	optative	passive
mīl	3	primary	perfect	active
mīl	3	primary	periphrastic_future	active
mīl	3	primary	present	passive
mūrch	1	causative	future	active,middle
mūrch	1	causative	imperative	active,middle
mūrch	1	causative	imperfect	active,middle
mūrch	1	causative	optative	active,middle
mūrch	1	causative	periphrastic_future	active
mūrch	1	causative	present	active,middle
mūrch	1	primary	benedictive	active
mūrch	1	primary	future	active
mūrch	1	primary	imperative	active,passive
mūrch	1	primary	imperfect	active,passive
mūrch	1	primary	optative	active,passive
mūrch	1	primary	perfect	active
mūrch	1	primary	periphrastic_future	active
mūrch	1	primary	present	active,passive
mūrch	5	primary	aorist	active,middle
mūrch	5	primary	injunctive	active,middle
mūtra	11	primary	future	active,middle
mūtra	11	primary	imperative	active,middle,passive
mūtra	11	primary	imperfect	active,middle,passive
mūtra	11	primary	optative	active,middle,passive
mūtra	11	primary	periphrastic_future	active
mūtra	11	primary	present	active,middle,passive
mūṣ	1	primary	benedictive	active
mūṣ	1	primary	future	active,middle
mūṣ	1	primary	imperative	active,middle,passive
mūṣ	1	primary	imperfect	active,middle,passive
mūṣ	1	primary	optative	active,middle,passive
mūṣ	1	primary	perfect	active,middle
mūṣ	1	primary	periphrastic_future	active
mūṣ	1	primary	present	active,middle,passive
mṛ	1	primary	aorist	middle
mṛ	3	causative	future	active,middle
mṛ	3	causative	imperative	active,middle,passive
mṛ	3	causative	imperfect	active,middle,passive
mṛ	3	causative	optative	active,middle,passive
mṛ	3	causative	periphrastic_future	active
mṛ	3	causative	present	active,middle,passive
mṛ	3	desiderative	future	active
mṛ	3	desiderative	imperative	active,passive
mṛ	3	desiderative	imperfect	active,passive
mṛ	3	desiderative	optative	active,passive
mṛ	3	desiderative	periphrastic_future	active
mṛ	3	desiderative	present	active,passive
mṛ	3	intensive	imperative	active,middle
mṛ	3	intensive	imperfect	active,middle
mṛ	3	intensive	optative	active,middle
mṛ	3	intensive	present	active,middle
mṛ	3	primary	aorist	middle
mṛ	3	primary	benedictive	middle
mṛ	3	primary	conditional	active
mṛ	3	primary	future	active
mṛ	3	primary	imperative	passive
mṛ	3	primary	imperfect	passive
mṛ	3	primary	optative	passive
mṛ	3	primary	perfect	active,middle
mṛ	3	primary	periphrastic_future	active
mṛ	3	primary	present	passive
mṛ	4	primary	aorist	middle
mṛd	1	causative	future	active,middle
mṛd	1	causative	imperative	active,middle,passive
mṛd	1	causative	imperfect	active,middle,passive
mṛd	1	causative	optative	active,middle,passive
mṛd	1	causative	periphrastic_future	active
mṛd	1	causative	present	active,middle,passive
mṛd	1	primary	benedictive	active
mṛd	1	primary	future	active,middle
mṛd	1	primary	imperative	active,middle,passive
mṛd	1	primary	imperfect	active,middle,passive
mṛd	1	primary	optative	active,middle,passive
mṛd	1	primary	perfect	active,middle
mṛd	1	primary	periphrastic_future	active
mṛd	1	primary	present	active,middle,passive
mṛd	9	primary	imperative	active
mṛd	9	primary	imperfect	active
mṛd	9	primary	optative	active
mṛd	9	primary	present	active
mṛdh	1	primary	benedictive	active
mṛdh	1	primary	future	active,middle
mṛdh	1	primary	imperative	active,middle,passive
mṛdh	1	primary	imperfect	active,middle,passive
mṛdh	1	primary	optative	active,middle,passive
mṛdh	1	primary	perfect	active,middle
mṛdh	1	primary	periphrastic_future	active
mṛdh	1	primary	present	active,middle,passive
mṛg	4	primary	benedictive	active
mṛg	4	primary	future	active,middle
mṛg	4	primary	imperative	active,passive
mṛg	4	primary	imperfect	active,passive
mṛg	4	primary	optative	active,passive
mṛg	4	primary	perfect	active,middle
mṛg	4	primary	periphrastic_future	active
mṛg	4	primary	present	active,passive
mṛga	11	primary	future	active,middle
mṛga	11	primary	imperative	active,middle
mṛga	11	primary	imperfect	active,middle
mṛga	11	primary	optative	active,middle
mṛga	11	primary	periphrastic_future	active
mṛga	11	primary	present	active,middle
mṛj	1	causative	future	active,middle
mṛj	1	causative	imperative	active,middle,passive
mṛj	1	causative	imperfect	active,middle,passive
mṛj	1	causative	optative	active,middle,passive
mṛj	1	causative	periphrastic_future	active
mṛj	1	causative	present	active,middle,passive
mṛj	1	intensive	imperative	middle
mṛj	1	intensive	imperfect	middle
mṛj	1	intensive	optative	middle
mṛj	1	intensive	present	middle
mṛj	1	primary	benedictive	active
mṛj	1	primary	future	active,middle
mṛj	1	primary	imperative	active,middle,passive
mṛj	1	primary	imperfect	active,middle,passive
mṛj	1	primary	optative	active,middle,passive
mṛj	1	primary	perfect	active,middle
mṛj	1	primary	periphrastic_future	active
mṛj	1	primary	present	active,middle,passive
mṛj	2	primary	imperative	active
mṛj	2	primary	imperfect	active
mṛj	2	primary	optative	active
mṛj	2	primary	present	active
mṛj	6	primary	imperative	active,middle
mṛj	6	primary	imperfect	active,middle
mṛj	6	primary	optative	active,middle
mṛj	6	primary	present	active,middle
mṛś	6	causative	future	active,middle
mṛś	6	causative	imperative	active,middle,passive
mṛś	6	causative	imperfect	active,middle,passive
mṛś	6	causative	optative	active,middle,passive
mṛś	6	causative	periphrastic_future	active
mṛś	6	causative	present	active,middle,passive
mṛś	6	primary	benedictive	active
mṛś	6	primary	future	active,middle
mṛś	6	primary	imperative	active,middle,passive
mṛś	6	primary	imperfect	active,middle,passive
mṛś	6	primary	optative	active,middle,passive
mṛś	6	primary	perfect	active,middle
mṛś	6	primary	periphrastic_future	active
mṛś	6	primary	present	active,middle,passive
mṛḍ	3	primary	aorist	active
mṛḍ	3	primary	benedictive	active
mṛḍ	3	primary	future	active
mṛḍ	3	primary	imperative	passive
mṛḍ	3	primary	imperfect	passive
mṛḍ	3	primary	optative	passive
mṛḍ	3	primary	perfect	active
mṛḍ	3	primary	periphrastic_future	active
mṛḍ	3	primary	present	passive
mṛḍ	6	primary	imperative	active
mṛḍ	6	primary	imperfect	active
mṛḍ	6	primary	optative	active
mṛḍ	6	primary	present	active
mṛḍ	9	primary	imperative	active
mṛḍ	9	primary	imperfect	active
mṛḍ	9	primary	optative	active
mṛḍ	9	primary	present	active
mṛḍ	10	primary	imperative	active
mṛḍ	10	primary	imperfect	active
mṛḍ	10	primary	optative	active
mṛḍ	10	primary	present	active
mṛṣ	4	causative	future	active,middle
mṛṣ	4	causative	imperative	active,middle,passive
mṛṣ	4	causative	imperfect	active,middle,passive
mṛṣ	4	causative	optative	active,middle,passive
mṛṣ	4	causative	periphrastic_future	active
mṛṣ	4	causative	present	active,middle,passive
mṛṣ	4	primary	benedictive	active
mṛṣ	4	primary	future	active,middle
mṛṣ	4	primary	imperative	active,passive
mṛṣ	4	primary	imperfect	active,passive
mṛṣ	4	primary	optative	active,passive
mṛṣ	4	primary	perfect	active,middle
mṛṣ	4	primary	periphrastic_future	active
mṛṣ	4	primary	present	active,passive
mṛṣā	11	primary	future	active,middle
mṛṣā	11	primary	imperative	middle
mṛṣā	11	primary	imperfect	middle
mṛṣā	11	primary	optative	middle
mṛṣā	11	primary	periphrastic_future	active
mṛṣā	11	primary	present	middle
nabh	1	primary	benedictive	active
nabh	1	primary	future	active,middle
nabh	1	primary	imperative	middle,passive
nabh	1	primary	imperfect	middle,passive
nabh	1	primary	optative	middle,passive
nabh	1	primary	perfect	active,middle
nabh	1	primary	periphrastic_future	active
nabh	1	primary	present	middle,passive
nad	1	causative	future	active,middle
nad	1	causative	imperative	active,middle,passive
nad	1	causative	imperfect	active,middle,passive
nad	1	causative	optative	active,middle,passive
nad	1	causative	periphrastic_future	active
nad	1	causative	present	active,middle,passive
nad	1	desiderative	future	active
nad	1	desiderative	imperative	active,passive
nad	1	desiderative	imperfect	active,passive
nad	1	desiderative	optative	active,passive
nad	1	desiderative	periphrastic_future	active
nad	1	desiderative	present	active,passive
nad	1	intensive	imperative	active
nad	1	intensive	imperfect	active
nad	1	intensive	optative	active
nad	1	intensive	present	active
nad	1	primary	benedictive	active
nad	1	primary	future	active
nad	1	primary	imperative	active,passive
nad	1	primary	imperfect	active,passive
nad	1	primary	optative	active,passive
nad	1	primary	perfect	active
nad	1	primary	periphrastic_future	active
nad	1	primary	present	active,passive
nah	4	primary	benedictive	active
nah	4	primary	future	active,middle
nah	4	primary	imperative	active,passive
nah	4	primary	imperfect	active,passive
nah	4	primary	optative	active,passive
nah	4	primary	perfect	active,middle
nah	4	primary	periphrastic_future	active
nah	4	primary	present	active,passive
nakṣ	1	primary	benedictive	active
nakṣ	1	primary	future	active,middle
nakṣ	1	primary	imperative	active,middle,passive
nakṣ	1	primary	imperfect	active,middle,passive
nakṣ	1	primary	optative	active,middle,passive
nakṣ	1	primary	perfect	active,middle
nakṣ	1	primary	periphrastic_future	active
nakṣ	1	primary	present	active,middle,passive
nakṣ	4	primary	aorist	active,middle
nam	1	primary	imperative	active,middle
nam	1	primary	imperfect	active,middle
nam	1	primary	optative	active,middle
nam	1	primary	present	active,middle
nam	5	primary	aorist	middle
nam	6	causative	future	active,middle
nam	6	causative	imperative	active,middle,passive
nam	6	causative	imperfect	active,middle,passive
nam	6	causative	optative	active,middle,passive
nam	6	causative	periphrastic_future	active
nam	6	causative	present	active,middle,passive
nam	6	primary	aorist	active
nam	6	primary	benedictive	active
nam	6	primary	future	active,middle
nam	6	primary	imperative	passive
nam	6	primary	imperfect	passive
nam	6	primary	optative	passive
nam	6	primary	perfect	active,middle
nam	6	primary	periphrastic_future	active
nam	6	primary	present	passive
namas	11	primary	future	active,middle
namas	11	primary	imperative	active
namas	11	primary	imperfect	active
namas	11	primary	optative	active
namas	11	primary	periphrastic_future	active
namas	11	primary	present	active
nand	1	causative	future	active,middle
nand	1	causative	imperative	active,middle
nand	1	causative	imperfect	active,middle
nand	1	causative	optative	active,middle
nand	1	causative	periphrastic_future	active
nand	1	causative	present	active,middle
nand	1	primary	benedictive	active
nand	1	primary	future	active
nand	1	primary	imperative	active,passive
nand	1	primary	imperfect	active,passive
nand	1	primary	optative	active,passive
nand	1	primary	perfect	active
nand	1	primary	periphrastic_future	active
nand	1	primary	present	active,passive
nard	1	primary	benedictive	active
nard	1	primary	future	active
nard	1	primary	imperative	active,passive
nard	1	primary	imperfect	active,passive
nard	1	primary	optative	active,passive
nard	1	primary	perfect	active
nard	1	primary	periphrastic_future	active
nard	1	primary	present	active,passive
nau	11	primary	future	active,middle
nau	11	primary	imperative	active
nau	11	primary	imperfect	active
nau	11	primary	optative	active
nau	11	primary	periphrastic_future	active
nau	11	primary	present	active
naś	3	primary	aorist	active,middle
naś	4	causative	future	active,middle
naś	4	causative	imperative	active,middle,passive
naś	4	causative	imperfect	active,middle,passive
naś	4	causative	optative	active,middle,passive
naś	4	causative	periphrastic_future	active
naś	4	causative	present	active,middle,passive
naś	4	primary	benedictive	active
naś	4	primary	future	active
naś	4	primary	imperative	active,passive
naś	4	primary	imperfect	active,passive
naś	4	primary	optative	active,passive
naś	4	primary	perfect	active
naś	4	primary	periphrastic_future	active
naś	4	primary	present	active,passive
naṭ	1	causative	future	active,middle
naṭ	1	causative	imperative	active,middle,passive
naṭ	1	causative	imperfect	active,middle,passive
naṭ	1	causative	optative	active,middle,passive
naṭ	1	causative	periphrastic_future	active
naṭ	1	causative	present	active,middle,passive
naṭ	1	primary	benedictive	active
naṭ	1	primary	future	active
naṭ	1	primary	imperative	active,passive
naṭ	1	primary	imperfect	active,passive
naṭ	1	primary	optative	active,passive
naṭ	1	primary	perfect	active
naṭ	1	primary	periphrastic_future	active
naṭ	1	primary	present	active,passive
nibiḍa	11	primary	future	active,middle
nibiḍa	11	primary	imperative	active,passive
nibiḍa	11	primary	imperfect	active,passive
nibiḍa	11	primary	optative	active,passive
nibiḍa	11	primary	periphrastic_future	active
nibiḍa	11	primary	present	active,passive
nij	2	causative	future	active,middle
nij	2	causative	imperative	active,middle,passive
nij	2	causative	imperfect	active,middle,passive
nij	2	causative	optative	active,middle,passive
nij	2	causative	periphrastic_future	active
nij	2	causative	present	active,middle,passive
nij	2	desiderative	future	active
nij	2	desiderative	imperative	active,passive
nij	2	desiderative	imperfect	active,passive
nij	2	desiderative	optative	active,passive
nij	2	desiderative	periphrastic_future	active
nij	2	desiderative	present	active,passive
nij	2	intensive	imperative	active
nij	2	intensive	imperfect	active
nij	2	intensive	present	active
nij	2	primary	benedictive	active
nij	2	primary	future	active,middle
nij	2	primary	imperative	middle,passive
nij	2	primary	imperfect	middle,passive
nij	2	primary	optative	middle,passive
nij	2	primary	perfect	active,middle
nij	2	primary	periphrastic_future	active
nij	2	primary	present	middle,passive
nij	3	primary	imperative	active,middle
nij	3	primary	imperfect	active,middle
nij	3	primary	optative	active,middle
nij	3	primary	present	active,middle
nikaṣa	11	primary	future	active,middle
nikaṣa	11	primary	imperative	middle
nikaṣa	11	primary	imperfect	middle
nikaṣa	11	primary	optative	middle
nikaṣa	11	primary	periphrastic_future	active
nikaṣa	11	primary	present	middle
nind	1	desiderative	future	active
nind	1	desiderative	imperative	active,passive
nind	1	desiderative	imperfect	active,passive
nind	1	desiderative	optative	active,passive
nind	1	desiderative	periphrastic_future	active
nind	1	desiderative	present	active,passive
nind	1	primary	benedictive	active
nind	1	primary	future	active
nind	1	primary	imperative	active,passive
nind	1	primary	imperfect	active,passive
nind	1	primary	optative	active,passive
nind	1	primary	perfect	active
nind	1	primary	periphrastic_future	active
nind	1	primary	present	active,passive
nirmūla	11	primary	future	active,middle
nirmūla	11	primary	imperative	active,passive
nirmūla	11	primary	imperfect	active,passive
nirmūla	11	primary	optative	active,passive
nirmūla	11	primary	periphrastic_future	active
nirmūla	11	primary	present	active,passive
nu	2	primary	benedictive	active
nu	2	primary	future	active
nu	2	primary	imperative	active,passive
nu	2	primary	imperfect	active,passive
nu	2	primary	optative	active,passive
nu	2	primary	perfect	active
nu	2	primary	periphrastic_future	active
nu	2	primary	present	active,passive
nud	6	causative	future	active,middle
nud	6	causative	imperative	active,middle,passive
nud	6	causative	imperfect	active,middle,passive
nud	6	causative	optative	active,middle,passive
nud	6	causative	periphrastic_future	active
nud	6	causative	present	active,middle,passive
nud	6	desiderative	future	active
nud	6	desiderative	imperative	active,passive
nud	6	desiderative	imperfect	active,passive
nud	6	desiderative	optative	active,passive
nud	6	desiderative	periphrastic_future	active
nud	6	desiderative	present	active,passive
nud	6	primary	benedictive	active
nud	6	primary	future	active,middle
nud	6	primary	imperative	active,middle,passive
nud	6	primary	imperfect	active,middle,passive
nud	6	primary	optative	active,middle,passive
nud	6	primary	perfect	active,middle
nud	6	primary	periphrastic_future	active
nud	6	primary	present	active,middle,passive
nāth	1	primary	benedictive	active
nāth	1	primary	future	active,middle
nāth	1	primary	imperative	active,middle,passive
nāth	1	primary	imperfect	active,middle,passive
nāth	1	primary	optative	active,middle,passive
nāth	1	primary	perfect	active,middle
nāth	1	primary	periphrastic_future	active
nāth	1	primary	present	active,middle,passive
nī	1	causative	future	active,middle
nī	1	causative	imperative	active,middle,passive
nī	1	causative	imperfect	active,middle,passive
nī	1	causative	optative	active,middle,passive
nī	1	causative	periphrastic_future	active
nī	1	causative	present	active,middle,passive
nī	1	desiderative	future	active,middle
nī	1	desiderative	imperative	active,middle,passive
nī	1	desiderative	imperfect	active,middle,passive
nī	1	desiderative	optative	active,middle,passive
nī	1	desiderative	periphrastic_future	active
nī	1	desiderative	present	active,middle,passive
nī	1	intensive	imperative	middle
nī	1	intensive	imperfect	middle
nī	1	intensive	optative	middle
nī	1	intensive	present	middle
nī	1	primary	benedictive	active
nī	1	primary	conditional	active,middle
nī	1	primary	future	active,middle
nī	1	primary	imperative	active,middle,passive
nī	1	primary	imperfect	active,middle,passive
nī	1	primary	optative	active,middle,passive
nī	1	primary	perfect	active,middle
nī	1	primary	periphrastic_future	active
nī	1	primary	present	active,middle,passive
nī	4	primary	aorist	active,middle
nīhāra	11	primary	future	active,middle
nīhāra	11	primary	imperative	middle
nīhāra	11	primary	imperfect	middle
nīhāra	11	primary	optative	middle
nīhāra	11	primary	periphrastic_future	active
nīhāra	11	primary	present	middle
nīla	11	primary	future	active,middle
nīla	11	primary	imperative	active,middle
nīla	11	primary	imperfect	active,middle
nīla	11	primary	optative	active,middle
nīla	11	primary	periphrastic_future	active
nīla	11	primary	present	active,middle
nūtana	11	primary	future	active,middle
nūtana	11	primary	imperative	active,passive
nūtana	11	primary	imperfect	active,passive
nūtana	11	primary	optative	active,passive
nūtana	11	primary	periphrastic_future	active
nūtana	11	primary	present	active,passive
nṛt	4	causative	future	active,middle
nṛt	4	causative	imperative	active,middle,passive
nṛt	4	causative	imperfect	active,middle,passive
nṛt	4	causative	optative	active,middle,passive
nṛt	4	causative	periphrastic_future	active
nṛt	4	causative	present	active,middle,passive
nṛt	4	desiderative	future	active
nṛt	4	desiderative	imperative	active,passive
nṛt	4	desiderative	imperfect	active,passive
nṛt	4	desiderative	optative	active,passive
nṛt	4	desiderative	periphrastic_future	active
nṛt	4	desiderative	present	active,passive
nṛt	4	intensive	imperative	active,middle
nṛt	4	intensive	imperfect	active,middle
nṛt	4	intensive	optative	active,middle
nṛt	4	intensive	present	active,middle
nṛt	4	primary	benedictive	active
nṛt	4	primary	future	active
nṛt	4	primary	imperative	active,passive
nṛt	4	primary	imperfect	active,passive
nṛt	4	primary	optative	active,passive
nṛt	4	primary	perfect	active
nṛt	4	primary	periphrastic_future	active
nṛt	4	primary	present	active,passive
pac	1	primary	aorist	passive
pac	1	primary	imperative	active,middle
pac	1	primary	imperfect	active,middle
pac	1	primary	optative	active,middle
pac	1	primary	present	active,middle
pac	3	primary	aorist	active,middle
pac	4	causative	future	active,middle
pac	4	causative	imperative	active,middle,passive
pac	4	causative	imperfect	active,middle,passive
pac	4	causative	optative	active,middle,passive
pac	4	causative	periphrastic_future	active
pac	4	causative	present	active,middle,passive
pac	4	desiderative	future	active
pac	4	desiderative	imperative	active,passive
pac	4	desiderative	imperfect	active,passive
pac	4	desiderative	optative	active,passive
pac	4	desiderative	periphrastic_future	active
pac	4	desiderative	present	active,passive
pac	4	intensive	imperative	middle
pac	4	intensive	imperfect	middle
pac	4	intensive	optative	middle
pac	4	intensive	present	middle
pac	4	primary	aorist	active,middle
pac	4	primary	benedictive	active
pac	4	primary	future	active,middle
pac	4	primary	imperative	active,passive
pac	4	primary	imperfect	active,passive
pac	4	primary	injunctive	active,middle
pac	4	primary	optative	active,passive
pac	4	primary	perfect	active,middle
pac	4	primary	periphrastic_future	active
pac	4	primary	present	active,passive
pac	7	primary	aorist	active,middle
pad	1	causative	future	active,middle
pad	1	causative	imperative	active,middle,passive
pad	1	causative	imperfect	active,middle,passive
pad	1	causative	optative	active,middle,passive
pad	1	causative	periphrastic_future	active
pad	1	causative	present	active,middle,passive
pad	1	desiderative	future	active,middle
pad	1	desiderative	imperative	active,middle,passive
pad	1	desiderative	imperfect	active,middle,passive
pad	1	desiderative	optative	active,middle,passive
pad	1	desiderative	periphrastic_future	active
pad	1	desiderative	present	active,middle,passive
pad	1	intensive	imperative	active,middle
pad	1	intensive	imperfect	active,middle
pad	1	intensive	optative	active,middle
pad	1	intensive	present	active,middle
pad	1	primary	aorist	passive
pad	1	primary	benedictive	active,middle
pad	1	primary	future	middle
pad	1	primary	imperative	passive
pad	1	primary	imperfect	passive
pad	1	primary	optative	passive
pad	1	primary	perfect	middle
pad	1	primary	periphrastic_future	active
pad	1	primary	present	passive
pallava	11	primary	future	active,middle
pallava	11	primary	imperative	active,passive
pallava	11	primary	imperfect	active,passive
pallava	11	primary	optative	active,passive
pallava	11	primary	periphrastic_future	active
pallava	11	primary	present	active,passive
palāy	1	primary	benedictive	active
palāy	1	primary	future	active,middle
palāy	1	primary	imperative	active,middle,passive
palāy	1	primary	imperfect	active,middle,passive
palāy	1	primary	optative	active,middle,passive
palāy	1	primary	periphrastic_future	active
palāy	1	primary	present	active,middle,passive
palāy	5	primary	aorist	middle
panth	10	primary	future	active,middle
panth	10	primary	imperative	active,middle,passive
panth	10	primary	imperfect	active,middle,passive
panth	10	primary	optative	active,middle,passive
panth	10	primary	periphrastic_future	active
panth	10	primary	present	active,middle,passive
parokṣa	11	primary	future	active,middle
parokṣa	11	primary	imperative	middle
parokṣa	11	primary	imperfect	middle
parokṣa	11	primary	optative	middle
parokṣa	11	primary	periphrastic_future	active
parokṣa	11	primary	present	middle
paryaṅka	11	primary	future	active,middle
paryaṅka	11	primary	imperative	active
paryaṅka	11	primary	imperfect	active
paryaṅka	11	primary	optative	active
paryaṅka	11	primary	periphrastic_future	active
paryaṅka	11	primary	present	active
pat	1	causative	future	active,middle
pat	1	causative	imperative	active,middle,passive
pat	1	causative	imperfect	active,middle,passive
pat	1	causative	optative	active,middle,passive
pat	1	causative	periphrastic_future	active
pat	1	causative	present	active,middle,passive
pat	1	desiderative	future	active
pat	1	desiderative	imperative	active,passive
pat	1	desiderative	imperfect	active,passive
pat	1	desiderative	optative	active,passive
pat	1	desiderative	periphrastic_future	active
pat	1	desiderative	present	active,passive
pat	1	intensive	imperative	active
pat	1	intensive	imperfect	active
pat	1	intensive	optative	active
pat	1	intensive	present	active
pat	1	primary	benedictive	active
pat	1	primary	conditional	active
pat	1	primary	future	active
pat	1	primary	imperative	active,passive
pat	1	primary	imperfect	active,passive
pat	1	primary	optative	active,passive
pat	1	primary	perfect	active,middle
pat	1	primary	periphrastic_future	active
pat	1	primary	present	active,passive
pat	1	primary	subjunctive	active
pat	2	primary	aorist	active
pat	4	primary	imperative	active,middle
pat	4	primary	imperfect	active,middle
pat	4	primary	optative	active,middle
pat	4	primary	present	active,middle
path	1	causative	future	active,middle
path	1	causative	imperative	active,middle,passive
path	1	causative	imperfect	active,middle,passive
path	1	causative	optative	active,middle,passive
path	1	causative	periphrastic_future	active
path	1	causative	present	active,middle,passive
path	1	primary	benedictive	active
path	1	primary	future	active
path	1	primary	imperative	active,passive
path	1	primary	imperfect	active,passive
path	1	primary	optative	active,passive
path	1	primary	perfect	active
path	1	primary	periphrastic_future	active
path	1	primary	present	active,passive
pavitra	11	primary	future	active,middle
pavitra	11	primary	imperative	active,passive
pavitra	11	primary	imperfect	active,passive
pavitra	11	primary	optative	active,passive
pavitra	11	primary	periphrastic_future	active
pavitra	11	primary	present	active,passive
payas	11	primary	future	active,middle
payas	11	primary	imperative	active,middle
payas	11	primary	imperfect	active,middle
payas	11	primary	optative	active,middle
payas	11	primary	periphrastic_future	active
payas	11	primary	present	active,middle
paś	4	primary	benedictive	active
paś	4	primary	imperative	active,middle
paś	4	primary	imperfect	active,middle
paś	4	primary	optative	active,middle
paś	4	primary	present	active,middle
paṇ	1	causative	future	active,middle
paṇ	1	causative	imperative	active,middle
paṇ	1	causative	imperfect	active,middle
paṇ	1	causative	optative	active,middle
paṇ	1	causative	periphrastic_future	active
paṇ	1	causative	present	active,middle
paṇ	1	primary	benedictive	active
paṇ	1	primary	future	middle
paṇ	1	primary	imperative	middle,passive
paṇ	1	primary	imperfect	middle,passive
paṇ	1	primary	optative	middle,passive
paṇ	1	primary	perfect	middle
paṇ	1	primary	periphrastic_future	active
paṇ	1	primary	present	middle,passive
paṭ	1	causative	future	active,middle
paṭ	1	causative	imperative	active,middle,passive
paṭ	1	causative	imperfect	active,middle,passive
paṭ	1	causative	optative	active,middle,passive
paṭ	1	causative	periphrastic_future	active
paṭ	1	causative	present	active,middle,passive
paṭ	1	primary	benedictive	active
paṭ	1	primary	future	active
paṭ	1	primary	imperative	active,passive
paṭ	1	primary	imperfect	active,passive
paṭ	1	primary	optative	active,passive
paṭ	1	primary	perfect	active
paṭ	1	primary	periphrastic_future	active
paṭ	1	primary	present	active,passive
paṭapaṭā	11	primary	future	active,middle
paṭapaṭā	11	primary	imperative	active,middle
paṭapaṭā	11	primary	imperfect	active,middle
paṭapaṭā	11	primary	optative	active,middle
paṭapaṭā	11	primary	periphrastic_future	active
paṭapaṭā	11	primary	present	active,middle
paṭh	1	causative	future	active,middle
paṭh	1	causative	imperative	active,middle,passive
paṭh	1	causative	imperfect	active,middle,passive
paṭh	1	causative	optative	active,middle,passive
paṭh	1	causative	periphrastic_future	active
paṭh	1	causative	present	active,middle,passive
paṭh	1	desiderative	future	active
paṭh	1	desiderative	imperative	active,passive
paṭh	1	desiderative	imperfect	active,passive
paṭh	1	desiderative	optative	active,passive
paṭh	1	desiderative	periphrastic_future	active
paṭh	1	desiderative	present	active,passive
paṭh	1	intensive	imperative	active,middle
paṭh	1	intensive	imperfect	active,middle
paṭh	1	intensive	optative	active,middle
paṭh	1	intensive	present	active,middle
paṭh	1	primary	benedictive	active
paṭh	1	primary	future	active,middle
paṭh	1	primary	imperative	active,middle,passive
paṭh	1	primary	imperfect	active,middle,passive
paṭh	1	primary	optative	active,middle,passive
paṭh	1	primary	perfect	active,middle
paṭh	1	primary	periphrastic_future	active
paṭh	1	primary	present	active,middle,passive
paṭh	3	primary	aorist	active,middle
paṭh	5	primary	aorist	active,middle
paṭh	5	primary	injunctive	active,middle
phal	1	primary	benedictive	active
phal	1	primary	future	active
phal	1	primary	imperative	active,passive
phal	1	primary	imperfect	active,passive
phal	1	primary	optative	active,passive
phal	1	primary	perfect	active
phal	1	primary	periphrastic_future	active
phal	1	primary	present	active,passive
phala	11	primary	future	active,middle
phala	11	primary	imperative	middle
phala	11	primary	imperfect	middle
phala	11	primary	optative	middle
phala	11	primary	periphrastic_future	active
phala	11	primary	present	middle
phena	11	primary	future	active,middle
phena	11	primary	imperative	middle
phena	11	primary	imperfect	middle
phena	11	primary	optative	middle
phena	11	primary	periphrastic_future	active
phena	11	primary	present	middle
phull	1	primary	benedictive	active
phull	1	primary	future	active,middle
phull	1	primary	imperative	active,middle,passive
phull	1	primary	imperfect	active,middle,passive
phull	1	primary	optative	active,middle,passive
phull	1	primary	perfect	active,middle
phull	1	primary	periphrastic_future	active
phull	1	primary	present	active,middle,passive
piñjara	11	primary	future	active,middle
piñjara	11	primary	imperative	active,passive
piñjara	11	primary	imperfect	active,passive
piñjara	11	primary	optative	active,passive
piñjara	11	primary	periphrastic_future	active
piñjara	11	primary	present	active,passive
piś	6	primary	benedictive	active
piś	6	primary	future	active
piś	6	primary	imperative	active,passive
piś	6	primary	imperfect	active,passive
piś	6	primary	optative	active,passive
piś	6	primary	perfect	active
piś	6	primary	periphrastic_future	active
piś	6	primary	present	active,passive
piṇḍa	11	primary	future	active,middle
piṇḍa	11	primary	imperative	active,passive
piṇḍa	11	primary	imperfect	active,passive
piṇḍa	11	primary	optative	active,passive
piṇḍa	11	primary	periphrastic_future	active
piṇḍa	11	primary	present	active,passive
piṣ	7	causative	future	active,middle
piṣ	7	causative	imperative	active,middle,passive
piṣ	7	causative	imperfect	active,middle,passive
piṣ	7	causative	optative	active,middle,passive
piṣ	7	causative	periphrastic_future	active
piṣ	7	causative	present	active,middle,passive
piṣ	7	primary	benedictive	active
piṣ	7	primary	future	active
piṣ	7	primary	imperative	active,passive
piṣ	7	primary	imperfect	active,passive
piṣ	7	primary	optative	active,passive
piṣ	7	primary	perfect	active
piṣ	7	primary	periphrastic_future	active
piṣ	7	primary	present	active,passive
plu	1	causative	future	active,middle
plu	1	causative	imperative	active,middle,passive
plu	1	causative	imperfect	active,middle,passive
plu	1	causative	optative	active,middle,passive
plu	1	causative	periphrastic_future	active
plu	1	causative	present	active,middle,passive
plu	1	intensive	imperative	middle
plu	1	intensive	imperfect	middle
plu	1	intensive	optative	middle
plu	1	intensive	present	middle
plu	1	primary	benedictive	active
plu	1	primary	future	middle
plu	1	primary	imperative	middle,passive
plu	1	primary	imperfect	middle,passive
plu	1	primary	optative	middle,passive
plu	1	primary	perfect	middle
plu	1	primary	periphrastic_future	active
plu	1	primary	present	middle,passive
pluṣ	1	primary	imperative	active,middle
pluṣ	1	primary	imperfect	active,middle
pluṣ	1	primary	optative	active,middle
pluṣ	1	primary	present	active,middle
pluṣ	4	primary	imperative	active,middle
pluṣ	4	primary	imperfect	active,middle
pluṣ	4	primary	optative	active,middle
pluṣ	4	primary	present	active,middle
pluṣ	9	primary	benedictive	active
pluṣ	9	primary	future	active,middle
pluṣ	9	primary	imperative	active,middle
pluṣ	9	primary	imperfect	active,middle
pluṣ	9	primary	optative	active,middle
pluṣ	9	primary	perfect	active,middle
pluṣ	9	primary	periphrastic_future	active
pluṣ	9	primary	present	active,middle
pradakṣiṇa	11	primary	future	active,middle
pradakṣiṇa	11	primary	imperative	active,passive
pradakṣiṇa	11	primary	imperfect	active,passive
pradakṣiṇa	11	primary	optative	active,passive
pradakṣiṇa	11	primary	periphrastic_future	active
pradakṣiṇa	11	primary	present	active,passive
pramadā	11	primary	future	active,middle
pramadā	11	primary	imperative	active
pramadā	11	primary	imperfect	active
pramadā	11	primary	optative	active
pramadā	11	primary	periphrastic_future	active
pramadā	11	primary	present	active
prasāda	11	primary	future	active,middle
prasāda	11	primary	imperative	active,passive
prasāda	11	primary	imperfect	active,passive
prasāda	11	primary	optative	active,passive
prasāda	11	primary	periphrastic_future	active
prasāda	11	primary	present	active,passive
prath	1	causative	future	active,middle
prath	1	causative	imperative	active,middle
prath	1	causative	imperfect	active,middle
prath	1	causative	optative	active,middle
prath	1	causative	periphrastic_future	active
prath	1	causative	present	active,middle
prath	1	primary	benedictive	active
prath	1	primary	future	middle
prath	1	primary	imperative	middle,passive
prath	1	primary	imperfect	middle,passive
prath	1	primary	optative	middle,passive
prath	1	primary	perfect	middle
prath	1	primary	periphrastic_future	active
prath	1	primary	present	middle,passive
pratikūla	11	primary	future	active,middle
pratikūla	11	primary	imperative	active,passive
pratikūla	11	primary	imperfect	active,passive
pratikūla	11	primary	optative	active,passive
pratikūla	11	primary	periphrastic_future	active
pratikūla	11	primary	present	active,passive
pratiṣedha	11	primary	future	active,middle
pratiṣedha	11	primary	imperative	active,passive
pratiṣedha	11	primary	imperfect	active,passive
pratiṣedha	11	primary	optative	active,passive
pratiṣedha	11	primary	periphrastic_future	active
pratiṣedha	11	primary	present	active,passive
pratīpa	11	primary	future	active,middle
pratīpa	11	primary	imperative	middle
pratīpa	11	primary	imperfect	middle
pratīpa	11	primary	optative	middle
pratīpa	11	primary	periphrastic_future	active
pratīpa	11	primary	present	middle
praś	4	primary	injunctive	active,middle
praś	6	causative	future	active,middle
praś	6	causative	imperative	active,middle,passive
praś	6	causative	imperfect	active,middle,passive
praś	6	causative	optative	active,middle,passive
praś	6	causative	periphrastic_future	active
praś	6	causative	present	active,middle,passive
praś	6	primary	benedictive	active
praś	6	primary	future	active,middle
praś	6	primary	imperative	active,middle,passive
praś	6	primary	imperfect	active,middle,passive
praś	6	primary	optative	active,middle,passive
praś	6	primary	perfect	active,middle
praś	6	primary	periphrastic_future	active
praś	6	primary	present	active,middle,passive
priya	11	primary	future	active,middle
priya	11	primary	imperative	middle
priya	11	primary	imperfect	middle
priya	11	primary	optative	middle
priya	11	primary	periphrastic_future	active
priya	11	primary	present	middle
pru	1	causative	future	active,middle
pru	1	causative	imperative	active,middle,passive
pru	1	causative	imperfect	active,middle,passive
pru	1	causative	optative	active,middle,passive
pru	1	causative	periphrastic_future	active
pru	1	causative	present	active,middle,passive
pru	1	primary	benedictive	active
pru	1	primary	future	middle
pru	1	primary	imperative	middle,passive
pru	1	primary	imperfect	middle,passive
pru	1	primary	optative	middle,passive
pru	1	primary	perfect	middle
pru	1	primary	periphrastic_future	active
pru	1	primary	present	middle,passive
pruṣ	5	primary	aorist	active,middle
pruṣ	5	primary	benedictive	active
pruṣ	5	primary	future	active,middle
pruṣ	5	primary	imperative	active,middle,passive
pruṣ	5	primary	imperfect	active,middle,passive
pruṣ	5	primary	optative	active,middle,passive
pruṣ	5	primary	perfect	active,middle
pruṣ	5	primary	periphrastic_future	active
pruṣ	5	primary	present	active,middle,passive
prāsāda	11	primary	future	active,middle
prāsāda	11	primary	imperative	active
prāsāda	11	primary	imperfect	active
prāsāda	11	primary	optative	active
prāsāda	11	primary	periphrastic_future	active
prāsāda	11	primary	present	active
prāvāra	11	primary	future	active,middle
prāvāra	11	primary	imperative	active
prāvāra	11	primary	imperfect	active
prāvāra	11	primary	optative	active
prāvāra	11	primary	periphrastic_future	active
prāvāra	11	primary	present	active
prī	1	primary	aorist	active
prī	9	causative	future	active,middle
prī	9	causative	imperative	active,middle,passive
prī	9	causative	imperfect	active,middle,passive
prī	9	causative	optative	active,middle,passive
prī	9	causative	periphrastic_future	active
prī	9	causative	present	active,middle,passive
prī	9	desiderative	future	active
prī	9	desiderative	imperative	active,passive
prī	9	desiderative	imperfect	active,passive
prī	9	desiderative	optative	active,passive
prī	9	desiderative	periphrastic_future	active
prī	9	desiderative	present	active,passive
prī	9	primary	benedictive	active
prī	9	primary	future	active,middle
prī	9	primary	imperative	active,middle,passive
prī	9	primary	imperfect	active,middle,passive
prī	9	primary	optative	active,middle,passive
prī	9	primary	perfect	active,middle
prī	9	primary	periphrastic_future	active
prī	9	primary	present	active,middle,passive
pulaka	11	primary	future	active,middle
pulaka	11	primary	imperative	active,passive
pulaka	11	primary	imperfect	active,passive
pulaka	11	primary	optative	active,passive
pulaka	11	primary	periphrastic_future	active
pulaka	11	primary	present	active,passive
punarukta	11	primary	future	active,middle
punarukta	11	primary	imperative	middle
punarukta	11	primary	imperfect	middle
punarukta	11	primary	optative	middle
punarukta	11	primary	periphrastic_future	active
punarukta	11	primary	present	middle
puruṣa	11	primary	future	active,middle
puruṣa	11	primary	imperative	middle
puruṣa	11	primary	imperfect	middle
puruṣa	11	primary	optative	middle
puruṣa	11	primary	periphrastic_future	active
puruṣa	11	primary	present	middle
puth	4	causative	future	active,middle
puth	4	causative	imperative	active,middle,passive
puth	4	causative	imperfect	active,middle,passive
puth	4	causative	optative	active,middle,passive
puth	4	causative	periphrastic_future	active
puth	4	causative	present	active,middle,passive
puth	4	primary	benedictive	active
puth	4	primary	future	active,middle
puth	4	primary	imperative	active,passive
puth	4	primary	imperfect	active,passive
puth	4	primary	optative	active,passive
puth	4	primary	perfect	active,middle
puth	4	primary	periphrastic_future	active
puth	4	primary	present	active,passive
putra	11	primary	future	active,middle
putra	11	primary	imperative	active
putra	11	primary	imperfect	active
putra	11	primary	optative	active
putra	11	primary	periphrastic_future	active
putra	11	primary	present	active
putrakāma	11	primary	future	active,middle
putrakāma	11	primary	imperative	active
putrakāma	11	primary	imperfect	active
putrakāma	11	primary	optative	active
putrakāma	11	primary	periphrastic_future	active
putrakāma	11	primary	present	active
puṣ	4	primary	imperative	active,middle
puṣ	4	primary	imperfect	active,middle
puṣ	4	primary	optative	active,middle
puṣ	4	primary	present	active,middle
puṣ	9	causative	future	active,middle
puṣ	9	causative	imperative	active,middle,passive
puṣ	9	causative	imperfect	active,middle,passive
puṣ	9	causative	optative	active,middle,passive
puṣ	9	causative	periphrastic_future	active
puṣ	9	causative	present	active,middle,passive
puṣ	9	primary	benedictive	active
puṣ	9	primary	future	active,middle
puṣ	9	primary	imperative	active
puṣ	9	primary	imperfect	active
puṣ	9	primary	optative	active
puṣ	9	primary	perfect	active,middle
puṣ	9	primary	periphrastic_future	active
puṣ	9	primary	present	active
puṣkara	11	primary	future	active,middle
puṣkara	11	primary	imperative	middle
puṣkara	11	primary	imperfect	middle
puṣkara	11	primary	optative	middle
puṣkara	11	primary	periphrastic_future	active
puṣkara	11	primary	present	middle
puṣp	4	primary	benedictive	active
puṣp	4	primary	future	active,middle
puṣp	4	primary	imperative	active,passive
puṣp	4	primary	imperfect	active,passive
puṣp	4	primary	optative	active,passive
puṣp	4	primary	perfect	active,middle
puṣp	4	primary	periphrastic_future	active
puṣp	4	primary	present	active,passive
puṣpa	11	primary	future	active,middle
puṣpa	11	primary	imperative	middle
puṣpa	11	primary	imperfect	middle
puṣpa	11	primary	optative	middle
puṣpa	11	primary	periphrastic_future	active
puṣpa	11	primary	present	middle
puṭ	5	primary	aorist	active
puṭ	6	causative	future	active,middle
puṭ	6	causative	imperative	active,middle,passive
puṭ	6	causative	imperfect	active,middle,passive
puṭ	6	causative	optative	active,middle,passive
puṭ	6	causative	periphrastic_future	active
puṭ	6	causative	present	active,middle,passive
puṭ	6	primary	benedictive	active
puṭ	6	primary	future	active
puṭ	6	primary	imperative	active,passive
puṭ	6	primary	imperfect	active,passive
puṭ	6	primary	optative	active,passive
puṭ	6	primary	perfect	active
puṭ	6	primary	periphrastic_future	active
puṭ	6	primary	present	active,passive
pyā	1	causative	future	active,middle
pyā	1	causative	imperative	active,middle,passive
pyā	1	causative	imperfect	active,middle,passive
pyā	1	causative	optative	active,middle,passive
pyā	1	causative	periphrastic_future	active
pyā	1	causative	present	active,middle,passive
pyā	1	primary	benedictive	middle
pyā	1	primary	future	middle
pyā	1	primary	imperative	middle
pyā	1	primary	imperfect	middle
pyā	1	primary	optative	middle
pyā	1	primary	perfect	middle
pyā	1	primary	periphrastic_future	active
pyā	1	primary	present	middle
pyā	5	primary	aorist	middle
pyā	6	primary	aorist	active
pā	1	causative	future	active,middle
pā	1	causative	imperative	active,middle,passive
pā	1	causative	imperfect	active,middle,passive
pā	1	causative	optative	active,middle,passive
pā	1	causative	periphrastic_future	active
pā	1	causative	present	active,middle,passive
pā	1	desiderative	future	active
pā	1	desiderative	imperative	active,passive
pā	1	desiderative	imperfect	active,passive
pā	1	desiderative	optative	active,passive
pā	1	desiderative	periphrastic_future	active
pā	1	desiderative	present	active,passive
pā	1	intensive	imperative	middle
pā	1	intensive	imperfect	middle
pā	1	intensive	optative	middle
pā	1	intensive	present	middle
pā	1	primary	aorist	active,passive
pā	1	primary	benedictive	active
pā	1	primary	conditional	active
pā	1	primary	future	active
pā	1	primary	imperative	active,passive
pā	1	primary	imperfect	active,passive
pā	1	primary	optative	active,passive
pā	1	primary	perfect	active
pā	1	primary	periphrastic_future	active
pā	1	primary	present	active,passive
pā	2	primary	imperative	active
pā	2	primary	imperfect	active
pā	2	primary	optative	active
pā	2	primary	present	active
pā	6	primary	aorist	active
pāśa	11	primary	future	active,middle
pāśa	11	primary	imperative	active,passive
pāśa	11	primary	imperfect	active,passive
pāśa	11	primary	optative	active,passive
pāśa	11	primary	periphrastic_future	active
pāśa	11	primary	present	active,passive
pī	1	primary	benedictive	active
pī	1	primary	imperative	middle
pī	1	primary	imperfect	middle
pī	1	primary	optative	middle
pī	1	primary	perfect	active
pī	1	primary	present	middle
pīyūṣavarṣa	11	primary	future	active,middle
pīyūṣavarṣa	11	primary	imperative	middle
pīyūṣavarṣa	11	primary	imperfect	middle
pīyūṣavarṣa	11	primary	optative	middle
pīyūṣavarṣa	11	primary	periphrastic_future	active
pīyūṣavarṣa	11	primary	present	middle
pīḍ	3	primary	aorist	active
pīḍ	3	primary	future	active,middle
pīḍ	3	primary	imperative	passive
pīḍ	3	primary	imperfect	passive
pīḍ	3	primary	injunctive	active,middle
pīḍ	3	primary	optative	passive
pīḍ	3	primary	periphrastic_future	active
pīḍ	3	primary	present	passive
pīḍ	10	primary	imperative	active,middle
pīḍ	10	primary	imperfect	active,middle
pīḍ	10	primary	optative	active,middle
pīḍ	10	primary	present	active,middle
pū	1	causative	future	active,middle
pū	1	causative	imperative	active,middle,passive
pū	1	causative	imperfect	active,middle,passive
pū	1	causative	optative	active,middle,passive
pū	1	causative	periphrastic_future	active
pū	1	causative	present	active,middle,passive
pū	1	primary	benedictive	active
pū	1	primary	future	active,middle
pū	1	primary	imperative	active,middle,passive
pū	1	primary	imperfect	active,middle,passive
pū	1	primary	optative	active,middle,passive
pū	1	primary	perfect	active,middle
pū	1	primary	periphrastic_future	active
pū	1	primary	present	active,middle,passive
pū	5	primary	aorist	active,middle
pū	5	primary	injunctive	active,middle
pū	9	primary	imperative	active,middle
pū	9	primary	imperfect	active,middle
pū	9	primary	optative	active,middle
pū	9	primary	present	active,middle
pūj	10	primary	future	active,middle
pūj	10	primary	imperative	active,middle,passive
pūj	10	primary	imperfect	active,middle,passive
pūj	10	primary	optative	active,middle,passive
pūj	10	primary	periphrastic_future	active
pūj	10	primary	present	active,middle,passive
pūla	1	primary	benedictive	active
pūla	1	primary	future	active,middle
pūla	1	primary	imperative	active,middle,passive
pūla	1	primary	imperfect	active,middle,passive
pūla	1	primary	optative	active,middle,passive
pūla	1	primary	perfect	active,middle
pūla	1	primary	periphrastic_future	active
pūla	1	primary	present	active,middle,passive
pūla	11	primary	imperative	active
pūla	11	primary	imperfect	active
pūla	11	primary	optative	active
pūla	11	primary	present	active
pūy	1	primary	benedictive	active
pūy	1	primary	future	active,middle
pūy	1	primary	imperative	active,middle,passive
pūy	1	primary	imperfect	active,middle,passive
pūy	1	primary	optative	active,middle,passive
pūy	1	primary	perfect	active,middle
pūy	1	primary	periphrastic_future	active
pūy	1	primary	present	active,middle,passive
pṛ	3	causative	aorist	active,middle
pṛ	3	causative	future	active,middle
pṛ	3	causative	imperative	active,middle,passive
pṛ	3	causative	imperfect	active,middle,passive
pṛ	3	causative	optative	active,middle,passive
pṛ	3	causative	periphrastic_future	active
pṛ	3	causative	present	active,middle,passive
pṛ	3	primary	benedictive	active
pṛ	3	primary	future	active
pṛ	3	primary	imperative	active,passive
pṛ	3	primary	imperfect	active,passive
pṛ	3	primary	optative	active,passive
pṛ	3	primary	perfect	active
pṛ	3	primary	periphrastic_future	active
pṛ	3	primary	present	active,passive
pṛ	5	primary	imperative	active
pṛ	5	primary	imperfect	active
pṛ	5	primary	optative	active
pṛ	5	primary	present	active
pṛ	9	primary	imperative	active
pṛ	9	primary	imperfect	active
pṛ	9	primary	optative	active
pṛ	9	primary	present	active
pṛc	5	primary	aorist	active,middle
pṛc	5	primary	benedictive	active
pṛc	5	primary	future	active,middle
pṛc	5	primary	imperative	passive
pṛc	5	primary	imperfect	passive
pṛc	5	primary	injunctive	active,middle
pṛc	5	primary	optative	passive
pṛc	5	primary	perfect	active,middle
pṛc	5	primary	periphrastic_future	active
pṛc	5	primary	present	passive
pṛc	7	primary	imperative	active,middle
pṛc	7	primary	imperfect	active,middle
pṛc	7	primary	optative	active,middle
pṛc	7	primary	present	active,middle
pṛth	10	primary	future	active,middle
pṛth	10	primary	imperative	active,middle,passive
pṛth	10	primary	imperfect	active,middle,passive
pṛth	10	primary	optative	active,middle,passive
pṛth	10	primary	periphrastic_future	active
pṛth	10	primary	present	active,middle,passive
pṛṣ	1	primary	benedictive	active
pṛṣ	1	primary	future	active
pṛṣ	1	primary	imperative	active,passive
pṛṣ	1	primary	imperfect	active,passive
pṛṣ	1	primary	optative	active,passive
pṛṣ	1	primary	perfect	active
pṛṣ	1	primary	periphrastic_future	active
pṛṣ	1	primary	present	active,passive
pṝ	1	primary	aorist	passive
pṝ	3	primary	imperative	active
pṝ	3	primary	imperfect	active
pṝ	3	primary	optative	active
pṝ	3	primary	present	active
pṝ	5	causative	future	active,middle
pṝ	5	causative	imperative	active,middle
pṝ	5	causative	imperfect	active,middle
pṝ	5	causative	optative	active,middle
pṝ	5	causative	periphrastic_future	active
pṝ	5	causative	present	active,middle
pṝ	5	desiderative	future	active
pṝ	5	desiderative	imperative	active,passive
pṝ	5	desiderative	imperfect	active,passive
pṝ	5	desiderative	optative	active,passive
pṝ	5	desiderative	periphrastic_future	active
pṝ	5	desiderative	present	active,passive
pṝ	5	primary	aorist	active
pṝ	5	primary	benedictive	active
pṝ	5	primary	future	active
pṝ	5	primary	imperative	passive
pṝ	5	primary	imperfect	passive
pṝ	5	primary	injunctive	active
pṝ	5	primary	optative	passive
pṝ	5	primary	perfect	active
pṝ	5	primary	periphrastic_future	active
pṝ	5	primary	present	passive
pṝ	9	primary	imperative	active
pṝ	9	primary	imperfect	active
pṝ	9	primary	optative	active
pṝ	9	primary	present	active
rabh	1	causative	future	active,middle
rabh	1	causative	imperative	active,middle,passive
rabh	1	causative	imperfect	active,middle,passive
rabh	1	causative	optative	active,middle,passive
rabh	1	causative	periphrastic_future	active
rabh	1	causative	present	active,middle,passive
rabh	1	desiderative	future	middle
rabh	1	desiderative	imperative	middle,passive
rabh	1	desiderative	imperfect	middle,passive
rabh	1	desiderative	optative	middle,passive
rabh	1	desiderative	periphrastic_future	active
rabh	1	desiderative	present	middle,passive
rabh	1	primary	aorist	passive
rabh	1	primary	benedictive	active
rabh	1	primary	future	middle
rabh	1	primary	imperative	middle,passive
rabh	1	primary	imperfect	middle,passive
rabh	1	primary	optative	middle,passive
rabh	1	primary	perfect	middle
rabh	1	primary	periphrastic_future	active
rabh	1	primary	present	middle,passive
rad	1	primary	benedictive	active
rad	1	primary	future	active
rad	1	primary	imperative	active,passive
rad	1	primary	imperfect	active,passive
rad	1	primary	optative	active,passive
rad	1	primary	perfect	active
rad	1	primary	periphrastic_future	active
rad	1	primary	present	active,passive
radh	4	causative	future	active,middle
radh	4	causative	imperative	active,middle,passive
radh	4	causative	imperfect	active,middle,passive
radh	4	causative	optative	active,middle,passive
radh	4	causative	periphrastic_future	active
radh	4	causative	present	active,middle,passive
radh	4	primary	benedictive	active
radh	4	primary	future	active
radh	4	primary	imperative	active,passive
radh	4	primary	imperfect	active,passive
radh	4	primary	optative	active,passive
radh	4	primary	perfect	active
radh	4	primary	periphrastic_future	active
radh	4	primary	present	active,passive
rah	1	causative	future	active,middle
rah	1	causative	imperative	active,middle
rah	1	causative	imperfect	active,middle
rah	1	causative	optative	active,middle
rah	1	causative	periphrastic_future	active
rah	1	causative	present	active,middle
rah	1	primary	benedictive	active
rah	1	primary	future	active,middle
rah	1	primary	imperative	active,middle,passive
rah	1	primary	imperfect	active,middle,passive
rah	1	primary	optative	active,middle,passive
rah	1	primary	perfect	active,middle
rah	1	primary	periphrastic_future	active
rah	1	primary	present	active,middle,passive
rakṣ	1	causative	future	active,middle
rakṣ	1	causative	imperative	active,middle
rakṣ	1	causative	imperfect	active,middle
rakṣ	1	causative	optative	active,middle
rakṣ	1	causative	periphrastic_future	active
rakṣ	1	causative	present	active,middle
rakṣ	1	desiderative	future	active
rakṣ	1	desiderative	imperative	active,passive
rakṣ	1	desiderative	imperfect	active,passive
rakṣ	1	desiderative	optative	active,passive
rakṣ	1	desiderative	periphrastic_future	active
rakṣ	1	desiderative	present	active,passive
rakṣ	1	primary	benedictive	active
rakṣ	1	primary	future	active
rakṣ	1	primary	imperative	active,passive
rakṣ	1	primary	imperfect	active,passive
rakṣ	1	primary	optative	active,passive
rakṣ	1	primary	perfect	active
rakṣ	1	primary	periphrastic_future	active
rakṣ	1	primary	present	active,passive
rakṣ	3	primary	aorist	active,middle
rakṣ	5	primary	aorist	active,middle
ram	1	primary	imperative	active,middle
ram	1	primary	imperfect	active,middle
ram	1	primary	optative	active,middle
ram	1	primary	present	active,middle
ram	4	causative	future	active,middle
ram	4	causative	imperative	active,middle,passive
ram	4	causative	imperfect	active,middle,passive
ram	4	causative	optative	active,middle,passive
ram	4	causative	periphrastic_future	active
ram	4	causative	present	active,middle,passive
ram	4	desiderative	future	active,middle
ram	4	desiderative	imperative	active,middle,passive
ram	4	desiderative	imperfect	active,middle,passive
ram	4	desiderative	optative	active,middle,passive
ram	4	desiderative	periphrastic_future	active
ram	4	desiderative	present	active,middle,passive
ram	4	primary	aorist	active,middle
ram	4	primary	benedictive	active
ram	4	primary	future	active,middle
ram	4	primary	imperative	passive
ram	4	primary	imperfect	passive
ram	4	primary	optative	passive
ram	4	primary	perfect	active,middle
ram	4	primary	periphrastic_future	active
ram	4	primary	present	passive
ras	1	intensive	imperative	middle
ras	1	intensive	imperfect	middle
ras	1	intensive	optative	middle
ras	1	intensive	present	middle
ras	1	primary	benedictive	active
ras	1	primary	future	active,middle
ras	1	primary	imperative	active,middle,passive
ras	1	primary	imperfect	active,middle,passive
ras	1	primary	optative	active,middle,passive
ras	1	primary	perfect	active,middle
ras	1	primary	periphrastic_future	active
ras	1	primary	present	active,middle,passive
rasa	11	primary	future	active,middle
rasa	11	primary	imperative	active,middle,passive
rasa	11	primary	imperfect	active,middle,passive
rasa	11	primary	optative	active,middle,passive
rasa	11	primary	periphrastic_future	active
rasa	11	primary	present	active,middle,passive
rathakāma	11	primary	future	active,middle
rathakāma	11	primary	imperative	active
rathakāma	11	primary	imperfect	active
rathakāma	11	primary	optative	active
rathakāma	11	primary	periphrastic_future	active
rathakāma	11	primary	present	active
rañj	1	causative	future	active,middle
rañj	1	causative	imperative	active,middle,passive
rañj	1	causative	imperfect	active,middle,passive
rañj	1	causative	optative	active,middle,passive
rañj	1	causative	periphrastic_future	active
rañj	1	causative	present	active,middle,passive
rañj	1	primary	benedictive	active
rañj	1	primary	future	active,middle
rañj	1	primary	imperative	active,middle
rañj	1	primary	imperfect	active,middle
rañj	1	primary	optative	active,middle
rañj	1	primary	perfect	active,middle
rañj	1	primary	periphrastic_future	active
rañj	1	primary	present	active,middle
rañj	4	primary	imperative	active,middle
rañj	4	primary	imperfect	active,middle
rañj	4	primary	optative	active,middle
rañj	4	primary	present	active,middle
raṃh	1	causative	future	active,middle
raṃh	1	causative	imperative	active,middle
raṃh	1	causative	imperfect	active,middle
raṃh	1	causative	optative	active,middle
raṃh	1	causative	periphrastic_future	active
raṃh	1	causative	present	active,middle
raṃh	1	primary	benedictive	active
raṃh	1	primary	future	active
raṃh	1	primary	imperative	active,passive
raṃh	1	primary	imperfect	active,passive
raṃh	1	primary	optative	active,passive
raṃh	1	primary	perfect	active
raṃh	1	primary	periphrastic_future	active
raṃh	1	primary	present	active,passive
raṇ	1	causative	future	active,middle
raṇ	1	causative	imperative	active,middle
raṇ	1	causative	imperfect	active,middle
raṇ	1	causative	optative	active,middle
raṇ	1	causative	periphrastic_future	active
raṇ	1	causative	present	active,middle
raṇ	1	primary	benedictive	active
raṇ	1	primary	future	active
raṇ	1	primary	imperative	active,passive
raṇ	1	primary	imperfect	active,passive
raṇ	1	primary	optative	active,passive
raṇ	1	primary	perfect	active
raṇ	1	primary	periphrastic_future	active
raṇ	1	primary	present	active,passive
raṇ	4	primary	imperative	active
raṇ	4	primary	imperfect	active
raṇ	4	primary	optative	active
raṇ	4	primary	present	active
raṭ	1	primary	benedictive	active
raṭ	1	primary	future	active
raṭ	1	primary	imperative	active,passive
raṭ	1	primary	imperfect	active,passive
raṭ	1	primary	optative	active,passive
raṭ	1	primary	perfect	active
raṭ	1	primary	periphrastic_future	active
raṭ	1	primary	present	active,passive
rekhā	11	primary	future	active,middle
rekhā	11	primary	imperative	active
rekhā	11	primary	imperfect	active
rekhā	11	primary	optative	active
rekhā	11	primary	periphrastic_future	active
rekhā	11	primary	present	active
ri	3	primary	aorist	active,middle
ri	9	primary	benedictive	active,middle
ri	9	primary	future	active,middle
ri	9	primary	imperative	active,passive
ri	9	primary	imperfect	active,passive
ri	9	primary	optative	active,passive
ri	9	primary	perfect	active,middle
ri	9	primary	periphrastic_future	active
ri	9	primary	present	active,passive
ric	2	primary	aorist	active,middle
ric	3	primary	aorist	active,middle
ric	4	primary	imperative	middle
ric	4	primary	imperfect	middle
ric	4	primary	optative	middle
ric	4	primary	present	middle
ric	7	causative	future	active,middle
ric	7	causative	imperative	active,middle,passive
ric	7	causative	imperfect	active,middle,passive
ric	7	causative	optative	active,middle,passive
ric	7	causative	periphrastic_future	active
ric	7	causative	present	active,middle,passive
ric	7	desiderative	future	active,middle
ric	7	desiderative	imperative	active,middle,passive
ric	7	desiderative	imperfect	active,middle,passive
ric	7	desiderative	optative	active,middle,passive
ric	7	desiderative	periphrastic_future	active
ric	7	desiderative	present	active,middle,passive
ric	7	primary	benedictive	active
ric	7	primary	future	active,middle
ric	7	primary	imperative	active,middle
ric	7	primary	imperfect	active,middle
ric	7	primary	optative	active,middle
ric	7	primary	perfect	active,middle
ric	7	primary	periphrastic_future	active
ric	7	primary	present	active,middle
riṅg	1	causative	future	active,middle
riṅg	1	causative	imperative	active,middle
riṅg	1	causative	imperfect	active,middle
riṅg	1	causative	optative	active,middle
riṅg	1	causative	periphrastic_future	active
riṅg	1	causative	present	active,middle
riṅg	1	primary	benedictive	active
riṅg	1	primary	future	active,middle
riṅg	1	primary	imperative	active,middle,passive
riṅg	1	primary	imperfect	active,middle,passive
riṅg	1	primary	optative	active,middle,passive
riṅg	1	primary	perfect	active,middle
riṅg	1	primary	periphrastic_future	active
riṅg	1	primary	present	active,middle,passive
riṣ	3	causative	aorist	active,middle
riṣ	4	causative	future	active,middle
riṣ	4	causative	imperative	active,middle,passive
riṣ	4	causative	imperfect	active,middle,passive
riṣ	4	causative	optative	active,middle,passive
riṣ	4	causative	periphrastic_future	active
riṣ	4	causative	present	active,middle,passive
riṣ	4	primary	benedictive	active
riṣ	4	primary	future	active
riṣ	4	primary	imperative	active,passive
riṣ	4	primary	imperfect	active,passive
riṣ	4	primary	optative	active,passive
riṣ	4	primary	perfect	active
riṣ	4	primary	periphrastic_future	active
riṣ	4	primary	present	active,passive
romantha	11	primary	future	active,middle
romantha	11	primary	imperative	middle
romantha	11	primary	imperfect	middle
romantha	11	primary	optative	middle
romantha	11	primary	periphrastic_future	active
romantha	11	primary	present	middle
ru	2	causative	future	active,middle
ru	2	causative	imperative	active,middle,passive
ru	2	causative	imperfect	active,middle,passive
ru	2	causative	optative	active,middle,passive
ru	2	causative	periphrastic_future	active
ru	2	causative	present	active,middle,passive
ru	2	intensive	imperative	active,middle
ru	2	intensive	imperfect	active,middle
ru	2	intensive	optative	active,middle
ru	2	intensive	present	active,middle
ru	2	primary	benedictive	active
ru	2	primary	future	active
ru	2	primary	imperative	active,passive
ru	2	primary	imperfect	active,passive
ru	2	primary	optative	active,passive
ru	2	primary	perfect	active
ru	2	primary	periphrastic_future	active
ru	2	primary	present	active,passive
ruc	1	primary	imperative	middle
ruc	1	primary	imperfect	middle
ruc	1	primary	optative	middle
ruc	1	primary	present	middle
ruc	2	causative	future	active,middle
ruc	2	causative	imperative	active,middle,passive
ruc	2	causative	imperfect	active,middle,passive
ruc	2	causative	optative	active,middle,passive
ruc	2	causative	periphrastic_future	active
ruc	2	causative	present	active,middle,passive
ruc	2	primary	aorist	active,middle
ruc	2	primary	benedictive	active
ruc	2	primary	future	middle
ruc	2	primary	perfect	middle
ruc	2	primary	periphrastic_future	active
ruc	5	primary	aorist	active,middle
ruc	5	primary	injunctive	active,middle
rud	1	primary	imperative	active,middle
rud	1	primary	imperfect	active,middle
rud	1	primary	optative	active,middle
rud	1	primary	present	active,middle
rud	2	primary	imperative	active
rud	2	primary	imperfect	active
rud	2	primary	optative	active
rud	2	primary	present	active
rud	6	causative	future	active,middle
rud	6	causative	imperative	active,middle,passive
rud	6	causative	imperfect	active,middle,passive
rud	6	causative	optative	active,middle,passive
rud	6	causative	periphrastic_future	active
rud	6	causative	present	active,middle,passive
rud	6	primary	benedictive	active
rud	6	primary	future	active,middle
rud	6	primary	imperative	active,middle,passive
rud	6	primary	imperfect	active,middle,passive
rud	6	primary	optative	active,middle,passive
rud	6	primary	perfect	active,middle
rud	6	primary	periphrastic_future	active
rud	6	primary	present	active,middle,passive
rudh	1	primary	imperative	active
rudh	1	primary	imperfect	active
rudh	1	primary	optative	active
rudh	1	primary	present	active
rudh	2	primary	aorist	active,middle
rudh	4	primary	aorist	active,middle
rudh	4	primary	present	active
rudh	6	primary	imperative	active,middle
rudh	6	primary	imperfect	active,middle
rudh	6	primary	optative	active,middle
rudh	6	primary	present	active,middle
rudh	7	causative	future	active,middle
rudh	7	causative	imperative	active,middle,passive
rudh	7	causative	imperfect	active,middle,passive
rudh	7	causative	optative	active,middle,passive
rudh	7	causative	periphrastic_future	active
rudh	7	causative	present	active,middle,passive
rudh	7	primary	benedictive	active
rudh	7	primary	future	active,middle
rudh	7	primary	imperative	active,middle,passive
rudh	7	primary	imperfect	active,middle,passive
rudh	7	primary	optative	active,middle,passive
rudh	7	primary	perfect	active,middle
rudh	7	primary	periphrastic_future	active
rudh	7	primary	present	active,middle,passive
ruh	1	primary	imperative	active
ruh	1	primary	imperfect	active
ruh	1	primary	optative	active
ruh	1	primary	present	active
ruh	6	causative	future	active,middle
ruh	6	causative	imperative	active,middle,passive
ruh	6	causative	imperfect	active,middle,passive
ruh	6	causative	optative	active,middle,passive
ruh	6	causative	periphrastic_future	active
ruh	6	causative	present	active,middle,passive
ruh	6	desiderative	future	active
ruh	6	desiderative	imperative	active,passive
ruh	6	desiderative	imperfect	active,passive
ruh	6	desiderative	optative	active,passive
ruh	6	desiderative	periphrastic_future	active
ruh	6	desiderative	present	active,passive
ruh	6	primary	benedictive	active
ruh	6	primary	future	active
ruh	6	primary	imperative	active,passive
ruh	6	primary	imperfect	active,passive
ruh	6	primary	optative	active,passive
ruh	6	primary	perfect	active
ruh	6	primary	periphrastic_future	active
ruh	6	primary	present	active,passive
ruj	6	primary	benedictive	active
ruj	6	primary	future	active
ruj	6	primary	imperative	active,passive
ruj	6	primary	imperfect	active,passive
ruj	6	primary	optative	active,passive
ruj	6	primary	perfect	active
ruj	6	primary	periphrastic_future	active
ruj	6	primary	present	active,passive
ruṣ	4	causative	future	active,middle
ruṣ	4	causative	imperative	active,middle,passive
ruṣ	4	causative	imperfect	active,middle,passive
ruṣ	4	causative	optative	active,middle,passive
ruṣ	4	causative	periphrastic_future	active
ruṣ	4	causative	present	active,middle,passive
ruṣ	4	primary	benedictive	active
ruṣ	4	primary	future	active
ruṣ	4	primary	imperative	active,passive
ruṣ	4	primary	imperfect	active,passive
ruṣ	4	primary	optative	active,passive
ruṣ	4	primary	perfect	active
ruṣ	4	primary	periphrastic_future	active
ruṣ	4	primary	present	active,passive
rā	2	primary	benedictive	active
rā	2	primary	future	active
rā	2	primary	imperative	active,passive
rā	2	primary	imperfect	active,passive
rā	2	primary	optative	active,passive
rā	2	primary	perfect	active
rā	2	primary	periphrastic_future	active
rā	2	primary	present	active,passive
rādh	3	primary	aorist	active
rādh	4	primary	imperative	active
rādh	4	primary	imperfect	active
rādh	4	primary	optative	active
rādh	4	primary	present	active
rādh	5	causative	future	active,middle
rādh	5	causative	imperative	active,middle
rādh	5	causative	imperfect	active,middle
rādh	5	causative	optative	active,middle
rādh	5	causative	periphrastic_future	active
rādh	5	causative	present	active,middle
rādh	5	desiderative	future	active
rādh	5	desiderative	imperative	active,passive
rādh	5	desiderative	imperfect	active,passive
rādh	5	desiderative	optative	active,passive
rādh	5	desiderative	periphrastic_future	active
rādh	5	desiderative	present	active,passive
rādh	5	primary	benedictive	active
rādh	5	primary	future	active
rādh	5	primary	imperative	active,passive
rādh	5	primary	imperfect	active,passive
rādh	5	primary	injunctive	active,middle
rādh	5	primary	optative	active,passive
rādh	5	primary	perfect	active
rādh	5	primary	periphrastic_future	active
rādh	5	primary	present	active,passive
rāj	1	primary	benedictive	active
rāj	1	primary	future	active,middle
rāj	1	primary	imperative	active,middle,passive
rāj	1	primary	imperfect	active,middle,passive
rāj	1	primary	optative	active,middle,passive
rāj	1	primary	perfect	active,middle
rāj	1	primary	periphrastic_future	active
rāj	1	primary	present	active,middle,passive
rājagava	11	primary	future	active,middle
rājagava	11	primary	imperative	active
rājagava	11	primary	imperfect	active
rājagava	11	primary	optative	active
rājagava	11	primary	periphrastic_future	active
rājagava	11	primary	present	active
rājan	11	primary	future	active,middle
rājan	11	primary	imperative	active,middle
rājan	11	primary	imperfect	active,middle
rājan	11	primary	optative	active,middle
rājan	11	primary	periphrastic_future	active
rājan	11	primary	present	active,middle
rūkṣa	11	primary	future	active,middle
rūkṣa	11	primary	imperative	active,passive
rūkṣa	11	primary	imperfect	active,passive
rūkṣa	11	primary	optative	active,passive
rūkṣa	11	primary	periphrastic_future	active
rūkṣa	11	primary	present	active,passive
rūp	10	primary	future	active,middle
rūp	10	primary	imperative	active,middle,passive
rūp	10	primary	imperfect	active,middle,passive
rūp	10	primary	optative	active,middle,passive
rūp	10	primary	periphrastic_future	active
rūp	10	primary	present	active,middle,passive
sabhāj	10	primary	future	active,middle
sabhāj	10	primary	imperative	active,middle,passive
sabhāj	10	primary	imperfect	active,middle,passive
sabhāj	10	primary	optative	active,middle,passive
sabhāj	10	primary	periphrastic_future	active
sabhāj	10	primary	present	active,middle,passive
sac	1	primary	benedictive	active
sac	1	primary	future	middle
sac	1	primary	imperative	middle,passive
sac	1	primary	imperfect	middle,passive
sac	1	primary	optative	middle,passive
sac	1	primary	perfect	middle
sac	1	primary	periphrastic_future	active
sac	1	primary	present	middle,passive
sad	1	causative	future	active,middle
sad	1	causative	imperative	active,middle,passive
sad	1	causative	imperfect	active,middle,passive
sad	1	causative	optative	active,middle,passive
sad	1	causative	periphrastic_future	active
sad	1	causative	present	active,middle,passive
sad	1	intensive	imperative	middle
sad	1	intensive	imperfect	middle
sad	1	intensive	optative	middle
sad	1	intensive	present	middle
sad	1	primary	benedictive	active
sad	1	primary	future	active
sad	1	primary	imperative	active,passive
sad	1	primary	imperfect	active,passive
sad	1	primary	optative	active,passive
sad	1	primary	perfect	active
sad	1	primary	periphrastic_future	active
sad	1	primary	present	active,passive
sah	1	causative	future	active,middle
sah	1	causative	imperative	active,middle,passive
sah	1	causative	imperfect	active,middle,passive
sah	1	causative	optative	active,middle,passive
sah	1	causative	periphrastic_future	active
sah	1	causative	present	active,middle,passive
sah	1	primary	benedictive	active
sah	1	primary	future	active,middle
sah	1	primary	imperative	active,middle,passive
sah	1	primary	imperfect	active,middle,passive
sah	1	primary	optative	active,middle,passive
sah	1	primary	perfect	active,middle
sah	1	primary	periphrastic_future	active
sah	1	primary	present	active,middle,passive
sajja	11	primary	future	active,middle
sajja	11	primary	imperative	middle
sajja	11	primary	imperfect	middle
sajja	11	primary	optative	middle
sajja	11	primary	periphrastic_future	active
sajja	11	primary	present	middle
sakhi	11	primary	future	active,middle
sakhi	11	primary	imperative	active
sakhi	11	primary	imperfect	active
sakhi	11	primary	optative	active
sakhi	11	primary	periphrastic_future	active
sakhi	11	primary	present	active
samudra	11	primary	future	active,middle
samudra	11	primary	imperative	active,middle
samudra	11	primary	imperfect	active,middle
samudra	11	primary	optative	active,middle
samudra	11	primary	periphrastic_future	active
samudra	11	primary	present	active,middle
san	8	causative	future	active,middle
san	8	causative	imperative	active,middle,passive
san	8	causative	imperfect	active,middle,passive
san	8	causative	optative	active,middle,passive
san	8	causative	periphrastic_future	active
san	8	causative	present	active,middle,passive
san	8	desiderative	future	active
san	8	desiderative	imperative	active,passive
san	8	desiderative	imperfect	active,passive
san	8	desiderative	optative	active,passive
san	8	desiderative	periphrastic_future	active
san	8	desiderative	present	active,passive
san	8	primary	benedictive	active
san	8	primary	future	active,middle
san	8	primary	imperative	active,middle,passive
san	8	primary	imperfect	active,middle,passive
san	8	primary	optative	active,middle,passive
san	8	primary	perfect	active,middle
san	8	primary	periphrastic_future	active
san	8	primary	present	active,middle,passive
sandhyā	11	primary	future	active,middle
sandhyā	11	primary	imperative	middle
sandhyā	11	primary	imperfect	middle
sandhyā	11	primary	optative	middle
sandhyā	11	primary	periphrastic_future	active
sandhyā	11	primary	present	middle
sap	1	causative	future	active,middle
sap	1	causative	imperative	active,middle,passive
sap	1	causative	imperfect	active,middle,passive
sap	1	causative	optative	active,middle,passive
sap	1	causative	periphrastic_future	active
sap	1	causative	present	active,middle,passive
sap	1	primary	benedictive	active
sap	1	primary	future	active
sap	1	primary	imperative	active
sap	1	primary	imperfect	active
sap	1	primary	optative	active
sap	1	primary	perfect	active
sap	1	primary	periphrastic_future	active
sap	1	primary	present	active
saphala	11	primary	future	active,middle
saphala	11	primary	imperative	active,passive
saphala	11	primary	imperfect	active,passive
saphala	11	primary	optative	active,passive
saphala	11	primary	periphrastic_future	active
saphala	11	primary	present	active,passive
sapiṇḍa	11	primary	future	active,middle
sapiṇḍa	11	primary	imperative	active,passive
sapiṇḍa	11	primary	imperfect	active,passive
sapiṇḍa	11	primary	optative	active,passive
sapiṇḍa	11	primary	periphrastic_future	active
sapiṇḍa	11	primary	present	active,passive
satya	11	primary	future	active,middle
satya	11	primary	imperative	active,passive
satya	11	primary	imperfect	active,passive
satya	11	primary	optative	active,passive
satya	11	primary	periphrastic_future	active
satya	11	primary	present	active,passive
sañj	1	causative	future	active,middle
sañj	1	causative	imperative	active,middle,passive
sañj	1	causative	imperfect	active,middle,passive
sañj	1	causative	optative	active,middle,passive
sañj	1	causative	periphrastic_future	active
sañj	1	causative	present	active,middle,passive
sañj	1	primary	benedictive	active
sañj	1	primary	future	active,middle
sañj	1	primary	imperative	active,middle,passive
sañj	1	primary	imperfect	active,middle,passive
sañj	1	primary	optative	active,middle,passive
sañj	1	primary	perfect	active,middle
sañj	1	primary	periphrastic_future	active
sañj	1	primary	present	active,middle,passive
saṅgrāma	11	primary	future	active,middle
saṅgrāma	11	primary	imperative	middle,passive
saṅgrāma	11	primary	imperfect	middle,passive
saṅgrāma	11	primary	optative	middle,passive
saṅgrāma	11	primary	periphrastic_future	active
saṅgrāma	11	primary	present	middle,passive
saṅkaṭa	11	primary	future	active,middle
saṅkaṭa	11	primary	imperative	middle
saṅkaṭa	11	primary	imperfect	middle
saṅkaṭa	11	primary	optative	middle
saṅkaṭa	11	primary	periphrastic_future	active
saṅkaṭa	11	primary	present	middle
sev	1	desiderative	future	middle
sev	1	desiderative	imperative	middle,passive
sev	1	desiderative	imperfect	middle,passive
sev	1	desiderative	optative	middle,passive
sev	1	desiderative	periphrastic_future	active
sev	1	desiderative	present	middle,passive
sev	1	primary	benedictive	active
sev	1	primary	future	middle
sev	1	primary	imperative	middle,passive
sev	1	primary	imperfect	middle,passive
sev	1	primary	optative	middle,passive
sev	1	primary	perfect	middle
sev	1	primary	periphrastic_future	active
sev	1	primary	present	middle,passive
si	5	primary	imperative	active,middle
si	5	primary	imperfect	active,middle
si	5	primary	optative	active,middle
si	5	primary	present	active,middle
si	9	causative	future	active,middle
si	9	causative	imperative	active,middle,passive
si	9	causative	imperfect	active,middle,passive
si	9	causative	optative	active,middle,passive
si	9	causative	periphrastic_future	active
si	9	causative	present	active,middle,passive
si	9	primary	benedictive	active
si	9	primary	future	active,middle
si	9	primary	imperative	active,middle,passive
si	9	primary	imperfect	active,middle,passive
si	9	primary	optative	active,middle,passive
si	9	primary	perfect	active,middle
si	9	primary	periphrastic_future	active
si	9	primary	present	active,middle,passive
sic	2	causative	future	active,middle
sic	2	causative	imperative	active,middle,passive
sic	2	causative	imperfect	active,middle,passive
sic	2	causative	optative	active,middle,passive
sic	2	causative	periphrastic_future	active
sic	2	causative	present	active,middle,passive
sic	2	primary	aorist	active,middle
sic	2	primary	benedictive	active
sic	2	primary	future	active,middle
sic	2	primary	imperative	passive
sic	2	primary	imperfect	passive
sic	2	primary	optative	passive
sic	2	primary	perfect	active,middle
sic	2	primary	periphrastic_future	active
sic	2	primary	present	passive
sic	6	primary	imperative	active,middle
sic	6	primary	imperfect	active,middle
sic	6	primary	optative	active,middle
sic	6	primary	present	active,middle
sidh	1	primary	imperative	active
sidh	1	primary	imperfect	active
sidh	1	primary	optative	active
sidh	1	primary	present	active
sidh	4	causative	future	active,middle
sidh	4	causative	imperative	active,middle,passive
sidh	4	causative	imperfect	active,middle,passive
sidh	4	causative	optative	active,middle,passive
sidh	4	causative	periphrastic_future	active
sidh	4	causative	present	active,middle,passive
sidh	4	primary	aorist	active,middle
sidh	4	primary	benedictive	active
sidh	4	primary	future	active
sidh	4	primary	imperative	active,passive
sidh	4	primary	imperfect	active,passive
sidh	4	primary	injunctive	active,middle
sidh	4	primary	optative	active,passive
sidh	4	primary	perfect	active
sidh	4	primary	periphrastic_future	active
sidh	4	primary	present	active,passive
sidh	5	primary	aorist	active,middle
sidh	5	primary	injunctive	active,middle
skambh	9	primary	benedictive	active
skambh	9	primary	future	active,middle
skambh	9	primary	imperative	active,middle,passive
skambh	9	primary	imperfect	active,middle,passive
skambh	9	primary	optative	active,middle,passive
skambh	9	primary	perfect	active,middle
skambh	9	primary	periphrastic_future	active
skambh	9	primary	present	active,middle,passive
skand	1	causative	future	active,middle
skand	1	causative	imperative	active,middle,passive
skand	1	causative	imperfect	active,middle,passive
skand	1	causative	optative	active,middle,passive
skand	1	causative	periphrastic_future	active
skand	1	causative	present	active,middle,passive
skand	1	primary	benedictive	active
skand	1	primary	future	active,middle
skand	1	primary	imperative	active,middle,passive
skand	1	primary	imperfect	active,middle,passive
skand	1	primary	optative	active,middle,passive
skand	1	primary	perfect	active,middle
skand	1	primary	periphrastic_future	active
skand	1	primary	present	active,middle,passive
skhal	1	causative	future	active,middle
skhal	1	causative	imperative	active,middle,passive
skhal	1	causative	imperfect	active,middle,passive
skhal	1	causative	optative	active,middle,passive
skhal	1	causative	periphrastic_future	active
skhal	1	causative	present	active,middle,passive
skhal	1	primary	benedictive	active
skhal	1	primary	future	active
skhal	1	primary	imperative	active,passive
skhal	1	primary	imperfect	active,passive
skhal	1	primary	optative	active,passive
skhal	1	primary	perfect	active
skhal	1	primary	periphrastic_future	active
skhal	1	primary	present	active,passive
skhal	5	primary	aorist	active,middle
skhal	5	primary	injunctive	active,middle
smi	1	causative	future	active,middle
smi	1	causative	imperative	active,middle,passive
smi	1	causative	imperfect	active,middle,passive
smi	1	causative	optative	active,middle,passive
smi	1	causative	periphrastic_future	active
smi	1	causative	present	active,middle,passive
smi	1	desiderative	future	active
smi	1	desiderative	imperative	active,passive
smi	1	desiderative	imperfect	active,passive
smi	1	desiderative	optative	active,passive
smi	1	desiderative	periphrastic_future	active
smi	1	desiderative	present	active,passive
smi	1	primary	benedictive	active
smi	1	primary	future	active,middle
smi	1	primary	imperative	active,middle,passive
smi	1	primary	imperfect	active,middle,passive
smi	1	primary	optative	active,middle,passive
smi	1	primary	perfect	active,middle
smi	1	primary	periphrastic_future	active
smi	1	primary	present	active,middle,passive
smi	4	primary	aorist	middle
smṛ	1	causative	future	active,middle
smṛ	1	causative	imperative	active,middle,passive
smṛ	1	causative	imperfect	active,middle,passive
smṛ	1	causative	optative	active,middle,passive
smṛ	1	causative	periphrastic_future	active
smṛ	1	causative	present	active,middle,passive
smṛ	1	primary	benedictive	active
smṛ	1	primary	conditional	active
smṛ	1	primary	future	active
smṛ	1	primary	imperative	active,passive
smṛ	1	primary	imperfect	active,passive
smṛ	1	primary	optative	active,passive
smṛ	1	primary	perfect	active
smṛ	1	primary	periphrastic_future	active
smṛ	1	primary	present	active,passive
snih	1	primary	imperative	active
snih	1	primary	imperfect	active
snih	1	primary	optative	active
snih	1	primary	present	active
snih	4	causative	future	active,middle
snih	4	causative	imperative	active,middle,passive
snih	4	causative	imperfect	active,middle,passive
snih	4	causative	optative	active,middle,passive
snih	4	causative	periphrastic_future	active
snih	4	causative	present	active,middle,passive
snih	4	primary	benedictive	active
snih	4	primary	future	active
snih	4	primary	imperative	active,passive
snih	4	primary	imperfect	active,passive
snih	4	primary	optative	active,passive
snih	4	primary	perfect	active
snih	4	primary	periphrastic_future	active
snih	4	primary	present	active,passive
snu	2	causative	future	active,middle
snu	2	causative	imperative	active,middle,passive
snu	2	causative	imperfect	active,middle,passive
snu	2	causative	optative	active,middle,passive
snu	2	causative	periphrastic_future	active
snu	2	causative	present	active,middle,passive
snu	2	primary	benedictive	active
snu	2	primary	future	active
snu	2	primary	imperative	active,passive
snu	2	primary	imperfect	active,passive
snu	2	primary	optative	active,passive
snu	2	primary	perfect	active
snu	2	primary	periphrastic_future	active
snu	2	primary	present	active,passive
snuh	4	primary	benedictive	active
snuh	4	primary	future	active
snuh	4	primary	imperative	active,passive
snuh	4	primary	imperfect	active,passive
snuh	4	primary	optative	active,passive
snuh	4	primary	perfect	active
snuh	4	primary	periphrastic_future	active
snuh	4	primary	present	active,passive
snā	2	causative	future	active,middle
snā	2	causative	imperative	active,middle,passive
snā	2	causative	imperfect	active,middle,passive
snā	2	causative	optative	active,middle,passive
snā	2	causative	periphrastic_future	active
snā	2	causative	present	active,middle,passive
snā	2	primary	benedictive	active
snā	2	primary	future	active
snā	2	primary	imperative	active,passive
snā	2	primary	imperfect	active,passive
snā	2	primary	optative	active,passive
snā	2	primary	perfect	active
snā	2	primary	periphrastic_future	active
snā	2	primary	present	active,passive
soḍha	11	primary	future	active,middle
soḍha	11	primary	imperative	middle
soḍha	11	primary	imperfect	middle
soḍha	11	primary	optative	middle
soḍha	11	primary	periphrastic_future	active
soḍha	11	primary	present	middle
spand	1	causative	future	active,middle
spand	1	causative	imperative	active,middle
spand	1	causative	imperfect	active,middle
spand	1	causative	optative	active,middle
spand	1	causative	periphrastic_future	active
spand	1	causative	present	active,middle
spand	1	primary	benedictive	active
spand	1	primary	future	middle
spand	1	primary	imperative	middle,passive
spand	1	primary	imperfect	middle,passive
spand	1	primary	optative	middle,passive
spand	1	primary	perfect	middle
spand	1	primary	periphrastic_future	active
spand	1	primary	present	middle,passive
spand	5	primary	aorist	middle
spand	5	primary	injunctive	middle
spardh	1	primary	benedictive	active
spardh	1	primary	future	middle
spardh	1	primary	imperative	middle
spardh	1	primary	imperfect	middle
spardh	1	primary	optative	middle
spardh	1	primary	perfect	middle
spardh	1	primary	periphrastic_future	active
spardh	1	primary	present	middle
spaś	4	causative	future	active,middle
spaś	4	causative	imperative	active,middle,passive
spaś	4	causative	imperfect	active,middle,passive
spaś	4	causative	optative	active,middle,passive
spaś	4	causative	periphrastic_future	active
spaś	4	causative	present	active,middle,passive
spaś	4	primary	aorist	middle
spaś	4	primary	benedictive	active
spaś	4	primary	perfect	middle
sphal	1	causative	future	active,middle
sphal	1	causative	imperative	active,middle,passive
sphal	1	causative	imperfect	active,middle,passive
sphal	1	causative	optative	active,middle,passive
sphal	1	causative	periphrastic_future	active
sphal	1	causative	present	active,middle,passive
sphal	1	primary	benedictive	active
sphal	1	primary	future	active
sphal	1	primary	imperative	active,passive
sphal	1	primary	imperfect	active,passive
sphal	1	primary	optative	active,passive
sphal	1	primary	perfect	active
sphal	1	primary	periphrastic_future	active
sphal	1	primary	present	active,passive
sphul	6	primary	benedictive	active
sphul	6	primary	future	active,middle
sphul	6	primary	imperative	active,middle,passive
sphul	6	primary	imperfect	active,middle,passive
sphul	6	primary	optative	active,middle,passive
sphul	6	primary	perfect	active,middle
sphul	6	primary	periphrastic_future	active
sphul	6	primary	present	active,middle,passive
sphur	5	primary	aorist	active
sphur	6	causative	future	active,middle
sphur	6	causative	imperative	active,middle,passive
sphur	6	causative	imperfect	active,middle,passive
sphur	6	causative	optative	active,middle,passive
sphur	6	causative	periphrastic_future	active
sphur	6	causative	present	active,middle,passive
sphur	6	primary	benedictive	active
sphur	6	primary	future	active,middle
sphur	6	primary	imperative	active,middle,passive
sphur	6	primary	imperfect	active,middle,passive
sphur	6	primary	optative	active,middle,passive
sphur	6	primary	perfect	active,middle
sphur	6	primary	periphrastic_future	active
sphur	6	primary	present	active,middle,passive
sphuṭ	1	primary	imperative	active
sphuṭ	1	primary	imperfect	active
sphuṭ	1	primary	optative	active
sphuṭ	1	primary	present	active
sphuṭ	5	primary	aorist	active
sphuṭ	5	primary	injunctive	active
sphuṭ	6	causative	future	active,middle
sphuṭ	6	causative	imperative	active,middle,passive
sphuṭ	6	causative	imperfect	active,middle,passive
sphuṭ	6	causative	optative	active,middle,passive
sphuṭ	6	causative	periphrastic_future	active
sphuṭ	6	causative	present	active,middle,passive
sphuṭ	6	primary	benedictive	active
sphuṭ	6	primary	future	active
sphuṭ	6	primary	imperative	active,passive
sphuṭ	6	primary	imperfect	active,passive
sphuṭ	6	primary	optative	active,passive
sphuṭ	6	primary	perfect	active
sphuṭ	6	primary	periphrastic_future	active
sphuṭ	6	primary	present	active,passive
sphā	1	primary	benedictive	active
sphā	1	primary	future	middle
sphā	1	primary	imperative	middle,passive
sphā	1	primary	imperfect	middle,passive
sphā	1	primary	optative	middle,passive
sphā	1	primary	perfect	middle
sphā	1	primary	periphrastic_future	active
sphā	1	primary	present	middle,passive
spṛ	5	causative	future	active,middle
spṛ	5	causative	imperative	active,middle,passive
spṛ	5	causative	imperfect	active,middle,passive
spṛ	5	causative	optative	active,middle,passive
spṛ	5	causative	periphrastic_future	active
spṛ	5	causative	present	active,middle,passive
spṛ	5	primary	benedictive	active
spṛ	5	primary	future	active
spṛ	5	primary	imperative	active,passive
spṛ	5	primary	imperfect	active,passive
spṛ	5	primary	optative	active,passive
spṛ	5	primary	perfect	active
spṛ	5	primary	periphrastic_future	active
spṛ	5	primary	present	active,passive
spṛh	10	primary	future	active,middle
spṛh	10	primary	imperative	active,middle,passive
spṛh	10	primary	imperfect	active,middle,passive
spṛh	10	primary	optative	active,middle,passive
spṛh	10	primary	periphrastic_future	active
spṛh	10	primary	present	active,middle,passive
spṛś	3	causative	aorist	active,middle
spṛś	3	causative	future	active,middle
spṛś	3	causative	imperative	active,middle,passive
spṛś	3	causative	imperfect	active,middle,passive
spṛś	3	causative	optative	active,middle,passive
spṛś	3	causative	periphrastic_future	active
spṛś	3	causative	present	active,middle,passive
spṛś	3	primary	benedictive	active
spṛś	3	primary	future	active,middle
spṛś	3	primary	imperative	passive
spṛś	3	primary	imperfect	passive
spṛś	3	primary	optative	passive
spṛś	3	primary	perfect	active,middle
spṛś	3	primary	periphrastic_future	active
spṛś	3	primary	present	passive
spṛś	4	primary	aorist	active,middle
spṛś	6	primary	imperative	active,middle
spṛś	6	primary	imperfect	active,middle
spṛś	6	primary	optative	active,middle
spṛś	6	primary	present	active,middle
spṛś	7	primary	aorist	active,middle
sraja	11	primary	future	active,middle
sraja	11	primary	imperative	active,passive
sraja	11	primary	imperfect	active,passive
sraja	11	primary	optative	active,passive
sraja	11	primary	periphrastic_future	active
sraja	11	primary	present	active,passive
sraṃs	1	causative	future	active,middle
sraṃs	1	causative	imperative	active,middle,passive
sraṃs	1	causative	imperfect	active,middle,passive
sraṃs	1	causative	optative	active,middle,passive
sraṃs	1	causative	periphrastic_future	active
sraṃs	1	causative	present	active,middle,passive
sraṃs	1	primary	benedictive	active
sraṃs	1	primary	future	middle
sraṃs	1	primary	imperative	middle,passive
sraṃs	1	primary	imperfect	middle,passive
sraṃs	1	primary	optative	middle,passive
sraṃs	1	primary	perfect	middle
sraṃs	1	primary	periphrastic_future	active
sraṃs	1	primary	present	middle,passive
sru	1	primary	imperative	active,middle
sru	1	primary	imperfect	active,middle
sru	1	primary	optative	active,middle
sru	1	primary	present	active,middle
sru	3	causative	future	active,middle
sru	3	causative	imperative	active,middle,passive
sru	3	causative	imperfect	active,middle,passive
sru	3	causative	optative	active,middle,passive
sru	3	causative	periphrastic_future	active
sru	3	causative	present	active,middle,passive
sru	3	primary	aorist	active
sru	3	primary	benedictive	active
sru	3	primary	future	active,middle
sru	3	primary	imperative	passive
sru	3	primary	imperfect	passive
sru	3	primary	optative	passive
sru	3	primary	perfect	active,middle
sru	3	primary	periphrastic_future	active
sru	3	primary	present	passive
stambh	1	primary	imperative	active,middle
stambh	1	primary	imperfect	active,middle
stambh	1	primary	optative	active,middle
stambh	1	primary	present	active,middle
stambh	5	primary	imperative	active
stambh	5	primary	imperfect	active
stambh	5	primary	optative	active
stambh	5	primary	present	active
stambh	9	causative	future	active,middle
stambh	9	causative	imperative	active,middle,passive
stambh	9	causative	imperfect	active,middle,passive
stambh	9	causative	optative	active,middle,passive
stambh	9	causative	periphrastic_future	active
stambh	9	causative	present	active,middle,passive
stambh	9	primary	benedictive	active
stambh	9	primary	future	active,middle
stambh	9	primary	imperative	active,passive
stambh	9	primary	imperfect	active,passive
stambh	9	primary	optative	active,passive
stambh	9	primary	perfect	active,middle
stambh	9	primary	periphrastic_future	active
stambh	9	primary	present	active,passive
stan	1	primary	imperative	active
stan	1	primary	optative	active
stan	1	primary	present	active
stan	2	causative	future	active,middle
stan	2	causative	imperative	active,middle
stan	2	causative	imperfect	active,middle
stan	2	causative	optative	active,middle
stan	2	causative	periphrastic_future	active
stan	2	causative	present	active,middle
stan	2	primary	aorist	active,middle
stan	2	primary	benedictive	active
stan	2	primary	future	active
stan	2	primary	imperative	passive
stan	2	primary	imperfect	passive
stan	2	primary	optative	passive
stan	2	primary	perfect	active
stan	2	primary	periphrastic_future	active
stan	2	primary	present	passive
stan	5	primary	aorist	active,middle
stan	5	primary	injunctive	active,middle
stena	11	primary	future	active,middle
stena	11	primary	imperative	active,passive
stena	11	primary	imperfect	active,passive
stena	11	primary	optative	active,passive
stena	11	primary	periphrastic_future	active
stena	11	primary	present	active,passive
sthag	1	causative	future	active,middle
sthag	1	causative	imperative	active,middle
sthag	1	causative	imperfect	active,middle
sthag	1	causative	optative	active,middle
sthag	1	causative	periphrastic_future	active
sthag	1	causative	present	active,middle
sthag	1	primary	benedictive	active
sthag	1	primary	future	active
sthag	1	primary	imperative	active,passive
sthag	1	primary	imperfect	active,passive
sthag	1	primary	optative	active,passive
sthag	1	primary	perfect	active
sthag	1	primary	periphrastic_future	active
sthag	1	primary	present	active,passive
sthā	1	causative	future	active,middle
sthā	1	causative	imperative	active,middle,passive
sthā	1	causative	imperfect	active,middle,passive
sthā	1	causative	optative	active,middle,passive
sthā	1	causative	periphrastic_future	active
sthā	1	causative	present	active,middle,passive
sthā	1	primary	aorist	active,middle,passive
sthā	1	primary	benedictive	active
sthā	1	primary	conditional	active,middle
sthā	1	primary	future	active,middle
sthā	1	primary	imperative	active,middle,passive
sthā	1	primary	imperfect	active,middle,passive
sthā	1	primary	optative	active,middle,passive
sthā	1	primary	perfect	active,middle
sthā	1	primary	periphrastic_future	active
sthā	1	primary	present	active,middle,passive
sthā	3	causative	aorist	active,middle
stim	4	primary	benedictive	active
stim	4	primary	future	active,middle
stim	4	primary	imperative	active,passive
stim	4	primary	imperfect	active,passive
stim	4	primary	optative	active,passive
stim	4	primary	perfect	active,middle
stim	4	primary	periphrastic_future	active
stim	4	primary	present	active,passive
stu	1	primary	aorist	passive
stu	2	primary	imperative	active,middle
stu	2	primary	imperfect	active,middle
stu	2	primary	optative	active,middle
stu	2	primary	present	active,middle
stu	3	causative	future	active,middle
stu	3	causative	imperative	active,middle,passive
stu	3	causative	imperfect	active,middle,passive
stu	3	causative	optative	active,middle,passive
stu	3	causative	periphrastic_future	active
stu	3	causative	present	active,middle,passive
stu	3	desiderative	future	active
stu	3	desiderative	imperative	active,passive
stu	3	desiderative	imperfect	active,passive
stu	3	desiderative	optative	active,passive
stu	3	desiderative	periphrastic_future	active
stu	3	desiderative	present	active,passive
stu	3	primary	aorist	active,middle
stu	3	primary	benedictive	active
stu	3	primary	future	active,middle
stu	3	primary	imperative	passive
stu	3	primary	imperfect	passive
stu	3	primary	optative	passive
stu	3	primary	perfect	active,middle
stu	3	primary	periphrastic_future	active
stu	3	primary	present	passive
stu	4	primary	aorist	active,middle
stu	5	primary	aorist	active,middle
stu	5	primary	imperative	active,middle
stu	5	primary	imperfect	active,middle
stu	5	primary	injunctive	active,middle
stu	5	primary	optative	active,middle
stu	5	primary	present	active,middle
stubh	1	primary	benedictive	active
stubh	1	primary	future	active
stubh	1	primary	imperative	active,passive
stubh	1	primary	imperfect	active,passive
stubh	1	primary	optative	active,passive
stubh	1	primary	perfect	active
stubh	1	primary	periphrastic_future	active
stubh	1	primary	present	active,passive
styā	4	primary	benedictive	active
styā	4	primary	future	middle
styā	4	primary	imperative	middle,passive
styā	4	primary	imperfect	middle,passive
styā	4	primary	optative	middle,passive
styā	4	primary	perfect	middle
styā	4	primary	periphrastic_future	active
styā	4	primary	present	middle,passive
stṝ	5	primary	imperative	active,middle
stṝ	5	primary	imperfect	active,middle
stṝ	5	primary	optative	active,middle
stṝ	5	primary	present	active,middle
stṝ	9	primary	benedictive	active
stṝ	9	primary	future	active,middle
stṝ	9	primary	imperative	active,middle,passive
stṝ	9	primary	imperfect	active,middle,passive
stṝ	9	primary	optative	active,middle,passive
stṝ	9	primary	perfect	active,middle
stṝ	9	primary	periphrastic_future	active
stṝ	9	primary	present	active,middle,passive
su	5	causative	future	active,middle
su	5	causative	imperative	active,middle,passive
su	5	causative	imperfect	active,middle,passive
su	5	causative	optative	active,middle,passive
su	5	causative	periphrastic_future	active
su	5	causative	present	active,middle,passive
su	5	primary	benedictive	active
su	5	primary	future	active,middle
su	5	primary	imperative	active,middle,passive
su	5	primary	imperfect	active,middle,passive
su	5	primary	optative	active,middle,passive
su	5	primary	perfect	active,middle
su	5	primary	periphrastic_future	active
su	5	primary	present	active,middle,passive
su	5	primary	subjunctive	active
sudina	11	primary	future	active,middle
sudina	11	primary	imperative	middle
sudina	11	primary	imperfect	middle
sudina	11	primary	optative	middle
sudina	11	primary	periphrastic_future	active
sudina	11	primary	present	middle
sukha	11	primary	future	active,middle
sukha	11	primary	imperative	active,middle,passive
sukha	11	primary	imperfect	active,middle,passive
sukha	11	primary	optative	active,middle,passive
sukha	11	primary	periphrastic_future	active
sukha	11	primary	present	active,middle,passive
sumanas	11	primary	future	active,middle
sumanas	11	primary	imperative	middle
sumanas	11	primary	imperfect	middle
sumanas	11	primary	optative	middle
sumanas	11	primary	periphrastic_future	active
sumanas	11	primary	present	middle
sur	6	primary	benedictive	active
sur	6	primary	future	active
sur	6	primary	imperative	active,passive
sur	6	primary	imperfect	active,passive
sur	6	primary	optative	active,passive
sur	6	primary	perfect	active
sur	6	primary	periphrastic_future	active
sur	6	primary	present	active,passive
svad	1	causative	future	active,middle
svad	1	causative	imperative	active,middle,passive
svad	1	causative	imperfect	active,middle,passive
svad	1	causative	optative	active,middle,passive
svad	1	causative	periphrastic_future	active
svad	1	causative	present	active,middle,passive
svad	1	primary	benedictive	active
svad	1	primary	future	active,middle
svad	1	primary	imperative	active,middle,passive
svad	1	primary	imperfect	active,middle,passive
svad	1	primary	optative	active,middle,passive
svad	1	primary	perfect	active,middle
svad	1	primary	periphrastic_future	active
svad	1	primary	present	active,middle,passive
svalpaśilā	11	primary	future	active,middle
svalpaśilā	11	primary	imperative	middle
svalpaśilā	11	primary	imperfect	middle
svalpaśilā	11	primary	optative	middle
svalpaśilā	11	primary	periphrastic_future	active
svalpaśilā	11	primary	present	middle
svan	1	causative	future	active,middle
svan	1	causative	imperative	active,middle
svan	1	causative	imperfect	active,middle
svan	1	causative	optative	active,middle
svan	1	causative	periphrastic_future	active
svan	1	causative	present	active,middle
svan	1	primary	benedictive	active
svan	1	primary	future	active
svan	1	primary	imperative	active,passive
svan	1	primary	imperfect	active,passive
svan	1	primary	optative	active,passive
svan	1	primary	perfect	active
svan	1	primary	periphrastic_future	active
svan	1	primary	present	active,passive
svap	1	causative	future	active,middle
svap	1	causative	imperative	active,middle,passive
svap	1	causative	imperfect	active,middle,passive
svap	1	causative	optative	active,middle,passive
svap	1	causative	periphrastic_future	active
svap	1	causative	present	active,middle,passive
svap	1	desiderative	future	active
svap	1	desiderative	imperative	active,passive
svap	1	desiderative	imperfect	active,passive
svap	1	desiderative	optative	active,passive
svap	1	desiderative	periphrastic_future	active
svap	1	desiderative	present	active,passive
svap	1	intensive	imperative	middle
svap	1	intensive	imperfect	middle
svap	1	intensive	optative	middle
svap	1	intensive	present	middle
svap	1	primary	aorist	active,passive
svap	1	primary	benedictive	active
svap	1	primary	future	active
svap	1	primary	imperative	active,passive
svap	1	primary	imperfect	active,passive
svap	1	primary	injunctive	active,passive
svap	1	primary	optative	active,passive
svap	1	primary	perfect	active
svap	1	primary	periphrastic_future	active
svap	1	primary	present	active,passive
svap	2	primary	imperative	active
svap	2	primary	imperfect	active
svap	2	primary	optative	active
svap	2	primary	present	active
svap	3	primary	aorist	active,middle
svap	4	primary	aorist	active,middle
svap	4	primary	injunctive	active,middle
svar	1	causative	future	active,middle
svar	1	causative	imperative	active,middle
svar	1	causative	imperfect	active,middle
svar	1	causative	optative	active,middle
svar	1	causative	periphrastic_future	active
svar	1	causative	present	active,middle
svar	1	primary	benedictive	active
svar	1	primary	future	active
svar	1	primary	imperative	active,passive
svar	1	primary	imperfect	active,passive
svar	1	primary	optative	active,passive
svar	1	primary	perfect	active
svar	1	primary	periphrastic_future	active
svar	1	primary	present	active,passive
svañj	1	causative	future	active,middle
svañj	1	causative	imperative	active,middle,passive
svañj	1	causative	imperfect	active,middle,passive
svañj	1	causative	optative	active,middle,passive
svañj	1	causative	periphrastic_future	active
svañj	1	causative	present	active,middle,passive
svañj	1	primary	benedictive	active
svañj	1	primary	future	middle
svañj	1	primary	imperative	middle,passive
svañj	1	primary	imperfect	middle,passive
svañj	1	primary	optative	middle,passive
svañj	1	primary	perfect	middle
svañj	1	primary	periphrastic_future	active
svañj	1	primary	present	middle,passive
svid	1	primary	aorist	active
svid	1	primary	imperative	middle
svid	1	primary	imperfect	middle
svid	1	primary	optative	middle
svid	1	primary	present	middle
svid	4	causative	future	active,middle
svid	4	causative	imperative	active,middle,passive
svid	4	causative	imperfect	active,middle,passive
svid	4	causative	optative	active,middle,passive
svid	4	causative	periphrastic_future	active
svid	4	causative	present	active,middle,passive
svid	4	primary	benedictive	active
svid	4	primary	future	active,middle
svid	4	primary	imperative	active,passive
svid	4	primary	imperfect	active,passive
svid	4	primary	optative	active,passive
svid	4	primary	perfect	active,middle
svid	4	primary	periphrastic_future	active
svid	4	primary	present	active,passive
syand	1	causative	future	active,middle
syand	1	causative	imperative	active,middle
syand	1	causative	imperfect	active,middle
syand	1	causative	optative	active,middle
syand	1	causative	periphrastic_future	active
syand	1	causative	present	active,middle
syand	1	primary	benedictive	active
syand	1	primary	future	active,middle
syand	1	primary	imperative	active,middle,passive
syand	1	primary	imperfect	active,middle,passive
syand	1	primary	optative	active,middle,passive
syand	1	primary	perfect	active,middle
syand	1	primary	periphrastic_future	active
syand	1	primary	present	active,middle,passive
sā	1	causative	future	active,middle
sā	1	causative	imperative	active,middle,passive
sā	1	causative	imperfect	active,middle,passive
sā	1	causative	optative	active,middle,passive
sā	1	causative	periphrastic_future	active
sā	1	causative	present	active,middle,passive
sā	1	primary	aorist	active,passive
sā	1	primary	benedictive	active
sā	1	primary	future	active
sā	1	primary	imperative	passive
sā	1	primary	imperfect	passive
sā	1	primary	optative	passive
sā	1	primary	perfect	active
sā	1	primary	periphrastic_future	active
sā	1	primary	present	passive
sā	4	primary	imperative	active
sā	4	primary	imperfect	active
sā	4	primary	optative	active
sā	4	primary	present	active
sāman	11	primary	future	active,middle
sāman	11	primary	imperative	active,passive
sāman	11	primary	imperfect	active,passive
sāman	11	primary	optative	active,passive
sāman	11	primary	periphrastic_future	active
sāman	11	primary	present	active,passive
sāntva	11	primary	future	active,middle
sāntva	11	primary	imperative	active,passive
sāntva	11	primary	imperfect	active,passive
sāntva	11	primary	optative	active,passive
sāntva	11	primary	periphrastic_future	active
sāntva	11	primary	present	active,passive
sāvadhāna	11	primary	future	active,middle
sāvadhāna	11	primary	imperative	active,passive
sāvadhāna	11	primary	imperfect	active,passive
sāvadhāna	11	primary	optative	active,passive
sāvadhāna	11	primary	periphrastic_future	active
sāvadhāna	11	primary	present	active,passive
sīv	3	causative	future	active,middle
sīv	3	causative	imperative	active,middle,passive
sīv	3	causative	imperfect	active,middle,passive
sīv	3	causative	optative	active,middle,passive
sīv	3	causative	periphrastic_future	active
sīv	3	causative	present	active,middle,passive
sīv	3	desiderative	future	active
sīv	3	desiderative	imperative	active,passive
sīv	3	desiderative	imperfect	active,passive
sīv	3	desiderative	optative	active,passive
sīv	3	desiderative	periphrastic_future	active
sīv	3	desiderative	present	active,passive
sīv	3	primary	aorist	active
sīv	3	primary	benedictive	active
sīv	3	primary	future	active
sīv	3	primary	perfect	active
sīv	3	primary	periphrastic_future	active
sīv	4	primary	imperative	active
sīv	4	primary	imperfect	active
sīv	4	primary	optative	active
sīv	4	primary	present	active
sū	1	primary	benedictive	active,middle
sū	1	primary	future	active,middle
sū	1	primary	imperative	active,passive
sū	1	primary	imperfect	active,passive
sū	1	primary	optative	active,passive
sū	1	primary	perfect	active,middle
sū	1	primary	periphrastic_future	active
sū	1	primary	present	active,passive
sū	2	primary	imperative	active,middle
sū	2	primary	imperfect	active,middle
sū	2	primary	optative	active,middle
sū	2	primary	present	active,middle
sū	6	primary	imperative	active
sū	6	primary	imperfect	active
sū	6	primary	optative	active
sū	6	primary	present	active
sūc	10	primary	future	active,middle
sūc	10	primary	imperative	active,middle,passive
sūc	10	primary	imperfect	active,middle,passive
sūc	10	primary	optative	active,middle,passive
sūc	10	primary	periphrastic_future	active
sūc	10	primary	present	active,middle,passive
sūd	1	causative	future	active,middle
sūd	1	causative	imperative	active,middle,passive
sūd	1	causative	imperfect	active,middle,passive
sūd	1	causative	optative	active,middle,passive
sūd	1	causative	periphrastic_future	active
sūd	1	causative	present	active,middle,passive
sūd	1	primary	benedictive	active
sūd	1	primary	future	active,middle
sūd	1	primary	imperative	active,middle
sūd	1	primary	imperfect	active,middle
sūd	1	primary	optative	active,middle
sūd	1	primary	perfect	active,middle
sūd	1	primary	periphrastic_future	active
sūd	1	primary	present	active,middle
sūtra	11	primary	future	active,middle
sūtra	11	primary	imperative	active,middle,passive
sūtra	11	primary	imperfect	active,middle,passive
sūtra	11	primary	optative	active,middle,passive
sūtra	11	primary	periphrastic_future	active
sūtra	11	primary	present	active,middle,passive
sṛ	1	causative	future	active,middle
sṛ	1	causative	imperative	active,middle,passive
sṛ	1	causative	imperfect	active,middle,passive
sṛ	1	causative	optative	active,middle,passive
sṛ	1	causative	periphrastic_future	active
sṛ	1	causative	present	active,middle,passive
sṛ	1	primary	benedictive	active
sṛ	1	primary	future	active
sṛ	1	primary	imperative	active,passive
sṛ	1	primary	imperfect	active,passive
sṛ	1	primary	optative	active,passive
sṛ	1	primary	perfect	active
sṛ	1	primary	periphrastic_future	active
sṛ	1	primary	present	active,passive
sṛ	3	primary	imperative	active
sṛ	3	primary	imperfect	active
sṛ	3	primary	optative	active
sṛ	3	primary	present	active
sṛj	1	causative	future	active,middle
sṛj	1	causative	imperative	active,middle,passive
sṛj	1	causative	imperfect	active,middle,passive
sṛj	1	causative	optative	active,middle,passive
sṛj	1	causative	periphrastic_future	active
sṛj	1	causative	present	active,middle,passive
sṛj	1	desiderative	future	active
sṛj	1	desiderative	imperative	active,passive
sṛj	1	desiderative	imperfect	active,passive
sṛj	1	desiderative	optative	active,passive
sṛj	1	desiderative	periphrastic_future	active
sṛj	1	desiderative	present	active,passive
sṛj	1	primary	aorist	passive
sṛj	1	primary	benedictive	active
sṛj	1	primary	future	active
sṛj	1	primary	imperative	passive
sṛj	1	primary	imperfect	passive
sṛj	1	primary	optative	passive
sṛj	1	primary	perfect	active
sṛj	1	primary	periphrastic_future	active
sṛj	1	primary	present	passive
sṛj	4	primary	aorist	active
sṛj	6	primary	imperative	active
sṛj	6	primary	imperfect	active
sṛj	6	primary	optative	active
sṛj	6	primary	present	active
sṛp	1	causative	future	active,middle
sṛp	1	causative	imperative	active,middle,passive
sṛp	1	causative	imperfect	active,middle,passive
sṛp	1	causative	optative	active,middle,passive
sṛp	1	causative	periphrastic_future	active
sṛp	1	causative	present	active,middle,passive
sṛp	1	primary	benedictive	active
sṛp	1	primary	future	active
sṛp	1	primary	imperative	active,passive
sṛp	1	primary	imperfect	active,passive
sṛp	1	primary	optative	active,passive
sṛp	1	primary	perfect	active
sṛp	1	primary	periphrastic_future	active
sṛp	1	primary	present	active,passive
tak	2	primary	benedictive	active
tak	2	primary	future	active
tak	2	primary	imperative	active,passive
tak	2	primary	imperfect	active,passive
tak	2	primary	optative	active,passive
tak	2	primary	perfect	active
tak	2	primary	periphrastic_future	active
tak	2	primary	present	active,passive
takṣ	1	primary	benedictive	active
takṣ	1	primary	future	active
takṣ	1	primary	imperative	active,passive
takṣ	1	primary	imperfect	active,passive
takṣ	1	primary	optative	active,passive
takṣ	1	primary	perfect	active
takṣ	1	primary	periphrastic_future	active
takṣ	1	primary	present	active,passive
tam	4	primary	benedictive	active
tam	4	primary	future	active
tam	4	primary	imperative	active,passive
tam	4	primary	imperfect	active,passive
tam	4	primary	optative	active,passive
tam	4	primary	perfect	active
tam	4	primary	periphrastic_future	active
tam	4	primary	present	active,passive
tan	1	causative	future	active,middle
tan	1	causative	imperative	active,middle,passive
tan	1	causative	imperfect	active,middle,passive
tan	1	causative	optative	active,middle,passive
tan	1	causative	periphrastic_future	active
tan	1	causative	present	active,middle,passive
tan	1	desiderative	future	active
tan	1	desiderative	imperative	active,passive
tan	1	desiderative	imperfect	active,passive
tan	1	desiderative	optative	active,passive
tan	1	desiderative	periphrastic_future	active
tan	1	desiderative	present	active,passive
tan	1	primary	aorist	active,middle,passive
tan	1	primary	benedictive	active
tan	1	primary	future	active,middle
tan	1	primary	imperative	passive
tan	1	primary	imperfect	passive
tan	1	primary	optative	passive
tan	1	primary	perfect	active,middle
tan	1	primary	periphrastic_future	active
tan	1	primary	present	passive
tan	4	primary	imperative	active
tan	4	primary	imperfect	active
tan	4	primary	optative	active
tan	4	primary	present	active
tan	5	primary	aorist	active,middle
tan	8	primary	imperative	active,middle
tan	8	primary	imperfect	active,middle
tan	8	primary	optative	active,middle
tan	8	primary	present	active,middle
tandr	10	primary	future	middle
tandr	10	primary	imperative	middle,passive
tandr	10	primary	imperfect	middle,passive
tandr	10	primary	optative	middle,passive
tandr	10	primary	periphrastic_future	active
tandr	10	primary	present	middle,passive
tantra	11	primary	future	active,middle
tantra	11	primary	imperative	active,passive
tantra	11	primary	imperfect	active,passive
tantra	11	primary	optative	active,passive
tantra	11	primary	periphrastic_future	active
tantra	11	primary	present	active,passive
tap	1	causative	future	active,middle
tap	1	causative	imperative	active,middle,passive
tap	1	causative	imperfect	active,middle,passive
tap	1	causative	optative	active,middle,passive
tap	1	causative	periphrastic_future	active
tap	1	causative	present	active,middle,passive
tap	1	intensive	imperative	middle
tap	1	intensive	imperfect	middle
tap	1	intensive	optative	middle
tap	1	intensive	present	middle
tap	1	primary	benedictive	active
tap	1	primary	conditional	active,middle
tap	1	primary	future	active,middle
tap	1	primary	imperative	active,middle,passive
tap	1	primary	imperfect	active,middle,passive
tap	1	primary	optative	active,middle,passive
tap	1	primary	perfect	active,middle
tap	1	primary	periphrastic_future	active
tap	1	primary	present	active,middle,passive
tapas	11	primary	future	active,middle
tapas	11	primary	imperative	active
tapas	11	primary	imperfect	active
tapas	11	primary	optative	active
tapas	11	primary	periphrastic_future	active
tapas	11	primary	present	active
taraṅga	11	primary	future	active,middle
taraṅga	11	primary	imperative	active,passive
taraṅga	11	primary	imperfect	active,passive
taraṅga	11	primary	optative	active,passive
taraṅga	11	primary	periphrastic_future	active
taraṅga	11	primary	present	active,passive
tarj	1	causative	future	active,middle
tarj	1	causative	imperative	active,middle
tarj	1	causative	imperfect	active,middle
tarj	1	causative	optative	active,middle
tarj	1	causative	periphrastic_future	active
tarj	1	causative	present	active,middle
tarj	1	primary	benedictive	active
tarj	1	primary	future	active
tarj	1	primary	imperative	active,passive
tarj	1	primary	imperfect	active,passive
tarj	1	primary	optative	active,passive
tarj	1	primary	perfect	active
tarj	1	primary	periphrastic_future	active
tarj	1	primary	present	active,passive
tark	3	primary	aorist	active,middle
tark	3	primary	future	active,middle
tark	3	primary	imperative	passive
tark	3	primary	imperfect	passive
tark	3	primary	optative	passive
tark	3	primary	periphrastic_future	active
tark	3	primary	present	passive
tark	10	primary	imperative	active,middle
tark	10	primary	imperfect	active,middle
tark	10	primary	optative	active,middle
tark	10	primary	present	active,middle
taruṇa	11	primary	future	active,middle
taruṇa	11	primary	imperative	active,middle,passive
taruṇa	11	primary	imperfect	active,middle,passive
taruṇa	11	primary	optative	active,middle,passive
taruṇa	11	primary	periphrastic_future	active
taruṇa	11	primary	present	active,middle,passive
taviṣa	11	primary	future	active,middle
taviṣa	11	primary	imperative	active,middle
taviṣa	11	primary	imperfect	active,middle
taviṣa	11	primary	optative	active,middle
taviṣa	11	primary	periphrastic_future	active
taviṣa	11	primary	present	active,middle
tañc	7	primary	benedictive	active
tañc	7	primary	future	active
tañc	7	primary	imperative	active,passive
tañc	7	primary	imperfect	active,passive
tañc	7	primary	optative	active,passive
tañc	7	primary	perfect	active
tañc	7	primary	periphrastic_future	active
tañc	7	primary	present	active,passive
taḍ	3	causative	future	active,middle
taḍ	3	causative	imperative	active,middle,passive
taḍ	3	causative	imperfect	active,middle,passive
taḍ	3	causative	optative	active,middle,passive
taḍ	3	causative	periphrastic_future	active
taḍ	3	causative	present	active,middle,passive
taḍ	3	primary	aorist	active
taḍ	3	primary	benedictive	active
taḍ	3	primary	future	active
taḍ	3	primary	perfect	active
taḍ	3	primary	periphrastic_future	active
tij	1	causative	future	active,middle
tij	1	causative	imperative	active,middle,passive
tij	1	causative	imperfect	active,middle,passive
tij	1	causative	optative	active,middle,passive
tij	1	causative	periphrastic_future	active
tij	1	causative	present	active,middle,passive
tij	1	desiderative	future	middle
tij	1	desiderative	imperative	middle,passive
tij	1	desiderative	imperfect	middle,passive
tij	1	desiderative	optative	middle,passive
tij	1	desiderative	periphrastic_future	active
tij	1	desiderative	present	middle,passive
tij	1	intensive	present	middle
tij	1	primary	benedictive	active
tij	1	primary	future	middle
tij	1	primary	imperative	middle,passive
tij	1	primary	imperfect	middle,passive
tij	1	primary	optative	middle,passive
tij	1	primary	perfect	middle
tij	1	primary	periphrastic_future	active
tij	1	primary	present	middle,passive
tiras	11	primary	future	active,middle
tiras	11	primary	imperative	active,passive
tiras	11	primary	imperfect	active,passive
tiras	11	primary	optative	active,passive
tiras	11	primary	periphrastic_future	active
tiras	11	primary	present	active,passive
trap	1	causative	future	active,middle
trap	1	causative	imperative	active,middle
trap	1	causative	imperfect	active,middle
trap	1	causative	optative	active,middle
trap	1	causative	periphrastic_future	active
trap	1	causative	present	active,middle
trap	1	primary	benedictive	active
trap	1	primary	future	middle
trap	1	primary	imperative	middle,passive
trap	1	primary	imperfect	middle,passive
trap	1	primary	optative	middle,passive
trap	1	primary	perfect	middle
trap	1	primary	periphrastic_future	active
trap	1	primary	present	middle,passive
tras	4	causative	future	active,middle
tras	4	causative	imperative	active,middle,passive
tras	4	causative	imperfect	active,middle,passive
tras	4	causative	optative	active,middle,passive
tras	4	causative	periphrastic_future	active
tras	4	causative	present	active,middle,passive
tras	4	primary	benedictive	active
tras	4	primary	future	active
tras	4	primary	imperative	active,passive
tras	4	primary	imperfect	active,passive
tras	4	primary	optative	active,passive
tras	4	primary	perfect	active
tras	4	primary	periphrastic_future	active
tras	4	primary	present	active,passive
truṭ	1	primary	aorist	passive
truṭ	4	primary	imperative	active
truṭ	4	primary	imperfect	active
truṭ	4	primary	optative	active
truṭ	4	primary	present	active
truṭ	5	primary	aorist	active
truṭ	6	causative	future	active,middle
truṭ	6	causative	imperative	active,middle,passive
truṭ	6	causative	imperfect	active,middle,passive
truṭ	6	causative	optative	active,middle,passive
truṭ	6	causative	periphrastic_future	active
truṭ	6	causative	present	active,middle,passive
truṭ	6	primary	benedictive	active
truṭ	6	primary	future	active
truṭ	6	primary	imperative	active,passive
truṭ	6	primary	imperfect	active,passive
truṭ	6	primary	optative	active,passive
truṭ	6	primary	perfect	active
truṭ	6	primary	periphrastic_future	active
truṭ	6	primary	present	active,passive
trā	2	primary	benedictive	active
trā	2	primary	future	middle
trā	2	primary	imperative	active,middle
trā	2	primary	imperfect	active,middle
trā	2	primary	optative	active,middle
trā	2	primary	perfect	middle
trā	2	primary	periphrastic_future	active
trā	2	primary	present	active,middle
trā	4	primary	imperative	middle
trā	4	primary	imperfect	middle
trā	4	primary	optative	middle
trā	4	primary	present	middle
tsar	1	primary	benedictive	active
tsar	1	primary	future	active
tsar	1	primary	imperative	active,passive
tsar	1	primary	imperfect	active,passive
tsar	1	primary	optative	active,passive
tsar	1	primary	perfect	active
tsar	1	primary	periphrastic_future	active
tsar	1	primary	present	active,passive
tud	4	primary	aorist	active,middle
tud	4	primary	benedictive	active
tud	4	primary	imperative	passive
tud	4	primary	imperfect	passive
tud	4	primary	optative	passive
tud	4	primary	perfect	active,middle
tud	4	primary	periphrastic_future	active
tud	4	primary	present	passive
tud	6	primary	imperative	active,middle
tud	6	primary	imperfect	active,middle
tud	6	primary	optative	active,middle
tud	6	primary	present	active,middle
tuhina	11	primary	future	active,middle
tuhina	11	primary	imperative	active,passive
tuhina	11	primary	imperfect	active,passive
tuhina	11	primary	optative	active,passive
tuhina	11	primary	periphrastic_future	active
tuhina	11	primary	present	active,passive
tul	3	primary	aorist	active,middle
tul	10	primary	future	active,middle
tul	10	primary	imperative	active,middle,passive
tul	10	primary	imperfect	active,middle,passive
tul	10	primary	optative	active,middle,passive
tul	10	primary	periphrastic_future	active
tul	10	primary	present	active,middle,passive
tup	1	primary	imperative	active
tup	1	primary	imperfect	active
tup	1	primary	optative	active
tup	1	primary	present	active
tup	6	primary	benedictive	active
tup	6	primary	future	active
tup	6	primary	imperative	active,passive
tup	6	primary	imperfect	active,passive
tup	6	primary	optative	active,passive
tup	6	primary	perfect	active
tup	6	primary	periphrastic_future	active
tup	6	primary	present	active,passive
tuṣ	4	causative	future	active,middle
tuṣ	4	causative	imperative	active,middle,passive
tuṣ	4	causative	imperfect	active,middle,passive
tuṣ	4	causative	optative	active,middle,passive
tuṣ	4	causative	periphrastic_future	active
tuṣ	4	causative	present	active,middle,passive
tuṣ	4	primary	benedictive	active
tuṣ	4	primary	future	active
tuṣ	4	primary	imperative	active,passive
tuṣ	4	primary	imperfect	active,passive
tuṣ	4	primary	optative	active,passive
tuṣ	4	primary	perfect	active
tuṣ	4	primary	periphrastic_future	active
tuṣ	4	primary	present	active,passive
tvakṣ	1	primary	benedictive	active
tvakṣ	1	primary	future	active
tvakṣ	1	primary	imperative	active,passive
tvakṣ	1	primary	imperfect	active,passive
tvakṣ	1	primary	optative	active,passive
tvakṣ	1	primary	perfect	active
tvakṣ	1	primary	periphrastic_future	active
tvakṣ	1	primary	present	active,passive
tvar	1	primary	imperative	middle
tvar	1	primary	imperfect	middle
tvar	1	primary	optative	middle
tvar	1	primary	present	middle
tvar	3	causative	future	active,middle
tvar	3	causative	imperative	active,middle
tvar	3	causative	imperfect	active,middle
tvar	3	causative	optative	active,middle
tvar	3	causative	periphrastic_future	active
tvar	3	causative	present	active,middle
tvar	3	primary	aorist	active,middle
tvar	3	primary	benedictive	active
tvar	3	primary	future	middle
tvar	3	primary	imperative	passive
tvar	3	primary	imperfect	passive
tvar	3	primary	optative	passive
tvar	3	primary	perfect	middle
tvar	3	primary	periphrastic_future	active
tvar	3	primary	present	passive
tviṣ	1	primary	imperative	active,middle
tviṣ	1	primary	imperfect	active,middle
tviṣ	1	primary	optative	active,middle
tviṣ	1	primary	present	active,middle
tviṣ	3	primary	aorist	active,middle
tviṣ	3	primary	benedictive	active
tviṣ	3	primary	future	active,middle
tviṣ	3	primary	imperative	passive
tviṣ	3	primary	imperfect	passive
tviṣ	3	primary	optative	passive
tviṣ	3	primary	perfect	active,middle
tviṣ	3	primary	periphrastic_future	active
tviṣ	3	primary	present	passive
tyaj	1	primary	imperative	active
tyaj	1	primary	imperfect	active
tyaj	1	primary	optative	active
tyaj	1	primary	present	active
tyaj	4	causative	future	active,middle
tyaj	4	causative	imperative	active,middle,passive
tyaj	4	causative	imperfect	active,middle,passive
tyaj	4	causative	optative	active,middle,passive
tyaj	4	causative	periphrastic_future	active
tyaj	4	causative	present	active,middle,passive
tyaj	4	primary	aorist	active,middle
tyaj	4	primary	benedictive	active
tyaj	4	primary	conditional	active
tyaj	4	primary	future	active
tyaj	4	primary	imperative	passive
tyaj	4	primary	imperfect	passive
tyaj	4	primary	injunctive	active,middle
tyaj	4	primary	optative	passive
tyaj	4	primary	perfect	active
tyaj	4	primary	periphrastic_future	active
tyaj	4	primary	present	passive
tṛd	7	primary	benedictive	active
tṛd	7	primary	future	active,middle
tṛd	7	primary	imperative	active,middle,passive
tṛd	7	primary	imperfect	active,middle,passive
tṛd	7	primary	optative	active,middle,passive
tṛd	7	primary	perfect	active,middle
tṛd	7	primary	periphrastic_future	active
tṛd	7	primary	present	active,middle,passive
tṛh	7	primary	benedictive	active
tṛh	7	primary	future	active
tṛh	7	primary	imperative	active,passive
tṛh	7	primary	imperfect	active,passive
tṛh	7	primary	optative	active,passive
tṛh	7	primary	perfect	active
tṛh	7	primary	periphrastic_future	active
tṛh	7	primary	present	active,passive
tṛp	4	primary	imperative	active
tṛp	4	primary	imperfect	active
tṛp	4	primary	optative	active
tṛp	4	primary	present	active
tṛp	5	causative	future	active,middle
tṛp	5	causative	imperative	active,middle,passive
tṛp	5	causative	imperfect	active,middle,passive
tṛp	5	causative	optative	active,middle,passive
tṛp	5	causative	periphrastic_future	active
tṛp	5	causative	present	active,middle,passive
tṛp	5	primary	benedictive	active
tṛp	5	primary	future	active
tṛp	5	primary	imperative	active,passive
tṛp	5	primary	imperfect	active,passive
tṛp	5	primary	optative	active,passive
tṛp	5	primary	perfect	active
tṛp	5	primary	periphrastic_future	active
tṛp	5	primary	present	active,passive
tṛpta	11	primary	future	active,middle
tṛpta	11	primary	imperative	middle
tṛpta	11	primary	imperfect	middle
tṛpta	11	primary	optative	middle
tṛpta	11	primary	periphrastic_future	active
tṛpta	11	primary	present	middle
tṛṣ	4	primary	benedictive	active
tṛṣ	4	primary	future	active
tṛṣ	4	primary	imperative	active,passive
tṛṣ	4	primary	imperfect	active,passive
tṛṣ	4	primary	optative	active,passive
tṛṣ	4	primary	perfect	active
tṛṣ	4	primary	periphrastic_future	active
tṛṣ	4	primary	present	active,passive
tṝ	1	causative	future	active,middle
tṝ	1	causative	imperative	active,middle,passive
tṝ	1	causative	imperfect	active,middle,passive
tṝ	1	causative	optative	active,middle,passive
tṝ	1	causative	periphrastic_future	active
tṝ	1	causative	present	active,middle,passive
tṝ	1	desiderative	future	active,middle
tṝ	1	desiderative	imperative	active,middle,passive
tṝ	1	desiderative	imperfect	active,middle,passive
tṝ	1	desiderative	optative	active,middle,passive
tṝ	1	desiderative	periphrastic_future	active
tṝ	1	desiderative	present	active,middle,passive
tṝ	1	primary	aorist	passive
tṝ	1	primary	benedictive	active
tṝ	1	primary	future	active
tṝ	1	primary	imperative	active,passive
tṝ	1	primary	imperfect	active,passive
tṝ	1	primary	optative	active,passive
tṝ	1	primary	perfect	active
tṝ	1	primary	periphrastic_future	active
tṝ	1	primary	present	active,passive
tṝ	3	causative	aorist	active,middle
tṝ	4	primary	aorist	active
tṝ	5	primary	aorist	active
tṝ	5	primary	injunctive	active
uc	4	primary	benedictive	active
uc	4	primary	future	active,middle
uc	4	primary	imperative	active,middle
uc	4	primary	imperfect	active,middle
uc	4	primary	optative	active,middle
uc	4	primary	perfect	active,middle
uc	4	primary	periphrastic_future	active
uc	4	primary	present	active,middle
uc	5	primary	aorist	active,middle
uc	5	primary	injunctive	active,middle
udaka	11	primary	future	active,middle
udaka	11	primary	imperative	active
udaka	11	primary	imperfect	active
udaka	11	primary	optative	active
udaka	11	primary	periphrastic_future	active
udaka	11	primary	present	active
udan	11	primary	future	active,middle
udan	11	primary	imperative	active
udan	11	primary	imperfect	active
udan	11	primary	optative	active
udan	11	primary	periphrastic_future	active
udan	11	primary	present	active
udaśru	11	primary	future	active,middle
udaśru	11	primary	imperative	active,passive
udaśru	11	primary	imperfect	active,passive
udaśru	11	primary	optative	active,passive
udaśru	11	primary	periphrastic_future	active
udaśru	11	primary	present	active,passive
ujjh	6	primary	benedictive	active
ujjh	6	primary	future	active
ujjh	6	primary	imperative	active,passive
ujjh	6	primary	imperfect	active,passive
ujjh	6	primary	optative	active,passive
ujjh	6	primary	perfect	active
ujjh	6	primary	periphrastic_future	active
ujjh	6	primary	present	active,passive
ukṣ	5	primary	aorist	active,middle
ukṣ	5	primary	injunctive	active,middle
ukṣ	6	primary	benedictive	active
ukṣ	6	primary	future	active
ukṣ	6	primary	imperative	active,passive
ukṣ	6	primary	imperfect	active,passive
ukṣ	6	primary	optative	active,passive
ukṣ	6	primary	perfect	active
ukṣ	6	primary	periphrastic_future	active
ukṣ	6	primary	present	active,passive
umbh	6	primary	imperative	active
umbh	6	primary	imperfect	active
umbh	6	primary	optative	active
umbh	6	primary	present	active
umbh	9	primary	benedictive	active
umbh	9	primary	future	active
umbh	9	primary	imperative	active,passive
umbh	9	primary	imperfect	active,passive
umbh	9	primary	optative	active,passive
umbh	9	primary	perfect	active
umbh	9	primary	periphrastic_future	active
umbh	9	primary	present	active,passive
und	7	primary	benedictive	active
und	7	primary	future	active
und	7	primary	imperative	active,passive
und	7	primary	imperfect	active,passive
und	7	primary	optative	active,passive
und	7	primary	perfect	active
und	7	primary	periphrastic_future	active
und	7	primary	present	active,passive
unmanas	11	primary	future	active,middle
unmanas	11	primary	imperative	middle
unmanas	11	primary	imperfect	middle
unmanas	11	primary	optative	middle
unmanas	11	primary	periphrastic_future	active
unmanas	11	primary	present	middle
unmūla	11	primary	future	active,middle
unmūla	11	primary	imperative	active,passive
unmūla	11	primary	imperfect	active,passive
unmūla	11	primary	optative	active,passive
unmūla	11	primary	periphrastic_future	active
unmūla	11	primary	present	active,passive
upahasta	11	primary	future	active,middle
upahasta	11	primary	imperative	active,passive
upahasta	11	primary	imperfect	active,passive
upahasta	11	primary	optative	active,passive
upahasta	11	primary	periphrastic_future	active
upahasta	11	primary	present	active,passive
uras	11	primary	future	active,middle
uras	11	primary	imperative	active
uras	11	primary	imperfect	active
uras	11	primary	optative	active
uras	11	primary	periphrastic_future	active
uras	11	primary	present	active
uruṣ	4	primary	benedictive	active
uruṣ	4	primary	future	active,middle
uruṣ	4	primary	imperative	active,passive
uruṣ	4	primary	imperfect	active,passive
uruṣ	4	primary	optative	active,passive
uruṣ	4	primary	perfect	active,middle
uruṣ	4	primary	periphrastic_future	active
uruṣ	4	primary	present	active,passive
utka	11	primary	future	active,middle
utka	11	primary	imperative	active,passive
utka	11	primary	imperfect	active,passive
utka	11	primary	optative	active,passive
utka	11	primary	periphrastic_future	active
utka	11	primary	present	active,passive
utkaṇṭh	1	causative	future	active,middle
utkaṇṭh	1	causative	imperative	active,middle
utkaṇṭh	1	causative	imperfect	active,middle
utkaṇṭh	1	causative	optative	active,middle
utkaṇṭh	1	causative	periphrastic_future	active
utkaṇṭh	1	causative	present	active,middle
utkaṇṭh	1	primary	benedictive	active
utkaṇṭh	1	primary	future	active,middle
utkaṇṭh	1	primary	imperative	active,middle,passive
utkaṇṭh	1	primary	imperfect	active,middle,passive
utkaṇṭh	1	primary	optative	active,middle,passive
utkaṇṭh	1	primary	perfect	active,middle
utkaṇṭh	1	primary	periphrastic_future	active
utkaṇṭh	1	primary	present	active,middle,passive
utpuccha	11	primary	future	active,middle
utpuccha	11	primary	imperative	active,middle,passive
utpuccha	11	primary	imperfect	active,middle,passive
utpuccha	11	primary	optative	active,middle,passive
utpuccha	11	primary	periphrastic_future	active
utpuccha	11	primary	present	active,middle,passive
uttarala	11	primary	future	active,middle
uttarala	11	primary	imperative	middle
uttarala	11	primary	imperfect	middle
uttarala	11	primary	optative	middle
uttarala	11	primary	periphrastic_future	active
uttarala	11	primary	present	middle
uttaraṅga	1	primary	imperative	active,middle
uttaraṅga	1	primary	imperfect	active,middle
uttaraṅga	1	primary	optative	active,middle
uttaraṅga	1	primary	present	active,middle
uttaraṅga	11	primary	benedictive	active
uttaraṅga	11	primary	future	active,middle
uttaraṅga	11	primary	imperative	active,passive
uttaraṅga	11	primary	imperfect	active,passive
uttaraṅga	11	primary	optative	active,passive
uttaraṅga	11	primary	perfect	active,middle
uttaraṅga	11	primary	periphrastic_future	active
uttaraṅga	11	primary	present	active,passive
uñch	1	primary	benedictive	active
uñch	1	primary	future	active
uñch	1	primary	imperative	active,passive
uñch	1	primary	imperfect	active,passive
uñch	1	primary	optative	active,passive
uñch	1	primary	perfect	active
uñch	1	primary	periphrastic_future	active
uñch	1	primary	present	active,passive
uṣ	1	primary	benedictive	active
uṣ	1	primary	future	active
uṣ	1	primary	imperative	active,passive
uṣ	1	primary	imperfect	active,passive
uṣ	1	primary	optative	active,passive
uṣ	1	primary	perfect	active
uṣ	1	primary	periphrastic_future	active
uṣ	1	primary	present	active,passive
uṣ	5	primary	aorist	active,middle
uṣ	5	primary	injunctive	active,middle
uṣas	11	primary	future	active,middle
uṣas	11	primary	imperative	active
uṣas	11	primary	imperfect	active
uṣas	11	primary	optative	active
uṣas	11	primary	periphrastic_future	active
uṣas	11	primary	present	active
vac	1	primary	aorist	passive
vac	2	causative	future	active,middle
vac	2	causative	imperative	active,middle,passive
vac	2	causative	imperfect	active,middle,passive
vac	2	causative	optative	active,middle,passive
vac	2	causative	periphrastic_future	active
vac	2	causative	present	active,middle,passive
vac	2	desiderative	future	active
vac	2	desiderative	imperative	active,passive
vac	2	desiderative	imperfect	active,passive
vac	2	desiderative	optative	active,passive
vac	2	desiderative	periphrastic_future	active
vac	2	desiderative	present	active,passive
vac	2	primary	aorist	active,middle
vac	2	primary	benedictive	active
vac	2	primary	future	active,middle
vac	2	primary	imperative	active,passive
vac	2	primary	imperfect	active,passive
vac	2	primary	injunctive	active,middle
vac	2	primary	optative	active,passive
vac	2	primary	perfect	active,middle
vac	2	primary	periphrastic_future	active
vac	2	primary	present	active,passive
vac	2	primary	subjunctive	active
vac	3	primary	imperative	active
vac	3	primary	imperfect	active
vac	3	primary	optative	active
vac	3	primary	present	active
vad	1	causative	future	active,middle
vad	1	causative	imperative	active,middle,passive
vad	1	causative	imperfect	active,middle,passive
vad	1	causative	optative	active,middle,passive
vad	1	causative	periphrastic_future	active
vad	1	causative	present	active,middle,passive
vad	1	intensive	imperative	active
vad	1	intensive	imperfect	active
vad	1	intensive	optative	active
vad	1	intensive	present	active
vad	1	primary	benedictive	active
vad	1	primary	conditional	active,middle
vad	1	primary	future	active,middle
vad	1	primary	imperative	active,middle,passive
vad	1	primary	imperfect	active,middle,passive
vad	1	primary	optative	active,middle,passive
vad	1	primary	perfect	active,middle
vad	1	primary	periphrastic_future	active
vad	1	primary	present	active,middle,passive
vad	5	primary	aorist	active,middle
vad	5	primary	injunctive	active,middle
vadh	5	primary	aorist	active,middle
vadh	5	primary	benedictive	active
vadh	5	primary	future	active,middle
vadh	5	primary	imperative	passive
vadh	5	primary	imperfect	passive
vadh	5	primary	injunctive	active,middle
vadh	5	primary	optative	passive
vadh	5	primary	perfect	active,middle
vadh	5	primary	periphrastic_future	active
vadh	5	primary	present	passive
vah	1	causative	future	active,middle
vah	1	causative	imperative	active,middle,passive
vah	1	causative	imperfect	active,middle,passive
vah	1	causative	optative	active,middle,passive
vah	1	causative	periphrastic_future	active
vah	1	causative	present	active,middle,passive
vah	1	primary	benedictive	active
vah	1	primary	future	active,middle
vah	1	primary	imperative	active,middle,passive
vah	1	primary	imperfect	active,middle,passive
vah	1	primary	optative	active,middle,passive
vah	1	primary	perfect	active,middle
vah	1	primary	periphrastic_future	active
vah	1	primary	present	active,middle,passive
vah	3	causative	aorist	active,middle
vaira	11	primary	future	active,middle
vaira	11	primary	imperative	middle
vaira	11	primary	imperfect	middle
vaira	11	primary	optative	middle
vaira	11	primary	periphrastic_future	active
vaira	11	primary	present	middle
vajrakīla	11	primary	future	active,middle
vajrakīla	11	primary	imperative	middle,passive
vajrakīla	11	primary	imperfect	middle,passive
vajrakīla	11	primary	optative	middle,passive
vajrakīla	11	primary	periphrastic_future	active
vajrakīla	11	primary	present	middle,passive
val	1	causative	future	active,middle
val	1	causative	imperative	active,middle
val	1	causative	imperfect	active,middle
val	1	causative	optative	active,middle
val	1	causative	periphrastic_future	active
val	1	causative	present	active,middle
val	1	primary	benedictive	active
val	1	primary	future	active,middle
val	1	primary	imperative	active,middle,passive
val	1	primary	imperfect	active,middle,passive
val	1	primary	optative	active,middle,passive
val	1	primary	perfect	active,middle
val	1	primary	periphrastic_future	active
val	1	primary	present	active,middle,passive
valg	1	primary	benedictive	active
valg	1	primary	future	active,middle
valg	1	primary	imperative	active,middle,passive
valg	1	primary	imperfect	active,middle,passive
valg	1	primary	optative	active,middle,passive
valg	1	primary	perfect	active,middle
valg	1	primary	periphrastic_future	active
valg	1	primary	present	active,middle,passive
valgu	11	primary	future	active,middle
valgu	11	primary	imperative	active
valgu	11	primary	imperfect	active
valgu	11	primary	optative	active
valgu	11	primary	periphrastic_future	active
valgu	11	primary	present	active
vam	1	primary	benedictive	active
vam	1	primary	future	active
vam	1	primary	imperative	active,passive
vam	1	primary	imperfect	active,passive
vam	1	primary	optative	active,passive
vam	1	primary	perfect	active
vam	1	primary	periphrastic_future	active
vam	1	primary	present	active,passive
van	1	desiderative	future	active,middle
van	1	desiderative	imperative	active,middle,passive
van	1	desiderative	imperfect	active,middle,passive
van	1	desiderative	optative	active,middle,passive
van	1	desiderative	periphrastic_future	active
van	1	desiderative	present	active,middle,passive
van	1	primary	benedictive	active
van	1	primary	future	active,middle
van	1	primary	imperative	active,passive
van	1	primary	imperfect	active,passive
van	1	primary	optative	active,passive
van	1	primary	perfect	active,middle
van	1	primary	periphrastic_future	active
van	1	primary	present	active,passive
van	8	primary	imperative	active,middle
van	8	primary	imperfect	active,middle
van	8	primary	optative	active,middle
van	8	primary	present	active,middle
vand	1	primary	benedictive	active
vand	1	primary	future	middle
vand	1	primary	imperative	middle,passive
vand	1	primary	imperfect	middle,passive
vand	1	primary	optative	middle,passive
vand	1	primary	perfect	middle
vand	1	primary	periphrastic_future	active
vand	1	primary	present	middle,passive
vap	1	causative	future	active,middle
vap	1	causative	imperative	active,middle,passive
vap	1	causative	imperfect	active,middle,passive
vap	1	causative	optative	active,middle,passive
vap	1	causative	periphrastic_future	active
vap	1	causative	present	active,middle,passive
vap	1	primary	benedictive	active
vap	1	primary	future	active,middle
vap	1	primary	imperative	active,middle,passive
vap	1	primary	imperfect	active,middle,passive
vap	1	primary	optative	active,middle,passive
vap	1	primary	perfect	active,middle
vap	1	primary	periphrastic_future	active
vap	1	primary	present	active,middle,passive
varivas	11	primary	future	active,middle
varivas	11	primary	imperative	active
varivas	11	primary	imperfect	active
varivas	11	primary	optative	active
varivas	11	primary	periphrastic_future	active
varivas	11	primary	present	active
varṇ	10	primary	future	active
varṇ	10	primary	imperative	active,passive
varṇ	10	primary	imperfect	active,passive
varṇ	10	primary	optative	active,passive
varṇ	10	primary	periphrastic_future	active
varṇ	10	primary	present	active,passive
vas	1	causative	future	active,middle
vas	1	causative	imperative	active,middle,passive
vas	1	causative	imperfect	active,middle,passive
vas	1	causative	optative	active,middle,passive
vas	1	causative	periphrastic_future	active
vas	1	causative	present	active,middle,passive
vas	1	desiderative	future	active
vas	1	desiderative	imperative	active,passive
vas	1	desiderative	imperfect	active,passive
vas	1	desiderative	optative	active,passive
vas	1	desiderative	periphrastic_future	active
vas	1	desiderative	present	active,passive
vas	1	intensive	imperative	active,middle
vas	1	intensive	imperfect	active,middle
vas	1	intensive	optative	active,middle
vas	1	intensive	present	active,middle
vas	1	primary	benedictive	active
vas	1	primary	future	active,middle
vas	1	primary	imperative	active,passive
vas	1	primary	imperfect	active,passive
vas	1	primary	optative	active,passive
vas	1	primary	perfect	active,middle
vas	1	primary	periphrastic_future	active
vas	1	primary	present	active,passive
vas	2	primary	imperative	middle
vas	2	primary	imperfect	middle
vas	2	primary	optative	middle
vas	2	primary	present	middle
vas	6	primary	imperative	active
vas	6	primary	imperfect	active
vas	6	primary	optative	active
vas	6	primary	present	active
vastra	11	primary	future	active,middle
vastra	11	primary	imperative	active,passive
vastra	11	primary	imperfect	active,passive
vastra	11	primary	optative	active,passive
vastra	11	primary	periphrastic_future	active
vastra	11	primary	present	active,passive
vatsala	11	primary	future	active,middle
vatsala	11	primary	imperative	active
vatsala	11	primary	imperfect	active
vatsala	11	primary	optative	active
vatsala	11	primary	periphrastic_future	active
vatsala	11	primary	present	active
vañc	1	causative	future	active,middle
vañc	1	causative	imperative	active,middle,passive
vañc	1	causative	imperfect	active,middle,passive
vañc	1	causative	optative	active,middle,passive
vañc	1	causative	periphrastic_future	active
vañc	1	causative	present	active,middle,passive
vañc	1	primary	benedictive	active
vañc	1	primary	future	active
vañc	1	primary	imperative	active,passive
vañc	1	primary	imperfect	active,passive
vañc	1	primary	optative	active,passive
vañc	1	primary	perfect	active
vañc	1	primary	periphrastic_future	active
vañc	1	primary	present	active,passive
vaś	2	causative	future	active,middle
vaś	2	causative	imperative	active,middle,passive
vaś	2	causative	imperfect	active,middle,passive
vaś	2	causative	optative	active,middle,passive
vaś	2	causative	periphrastic_future	active
vaś	2	causative	present	active,middle,passive
vaś	2	primary	benedictive	active
vaś	2	primary	future	active
vaś	2	primary	imperative	active,passive
vaś	2	primary	imperfect	active,passive
vaś	2	primary	optative	active,passive
vaś	2	primary	perfect	active
vaś	2	primary	periphrastic_future	active
vaś	2	primary	present	active,passive
vaś	5	primary	aorist	active,middle
vaś	5	primary	injunctive	active,middle
veda	11	primary	future	active,middle
veda	11	primary	imperative	active,passive
veda	11	primary	imperfect	active,passive
veda	11	primary	optative	active,passive
veda	11	primary	periphrastic_future	active
veda	11	primary	present	active,passive
ven	1	primary	benedictive	active
ven	1	primary	future	active
ven	1	primary	imperative	active,passive
ven	1	primary	imperfect	active,passive
ven	1	primary	optative	active,passive
ven	1	primary	perfect	active
ven	1	primary	periphrastic_future	active
ven	1	primary	present	active,passive
veṣṭ	1	causative	future	active,middle
veṣṭ	1	causative	imperative	active,middle
veṣṭ	1	causative	imperfect	active,middle
veṣṭ	1	causative	optative	active,middle
veṣṭ	1	causative	periphrastic_future	active
veṣṭ	1	causative	present	active,middle
veṣṭ	1	primary	benedictive	active
veṣṭ	1	primary	future	middle
veṣṭ	1	primary	imperative	middle,passive
veṣṭ	1	primary	imperfect	middle,passive
veṣṭ	1	primary	optative	middle,passive
veṣṭ	1	primary	perfect	middle
veṣṭ	1	primary	periphrastic_future	active
veṣṭ	1	primary	present	middle,passive
vic	7	causative	future	active,middle
vic	7	causative	imperative	active,middle,passive
vic	7	causative	imperfect	active,middle,passive
vic	7	causative	optative	active,middle,passive
vic	7	causative	periphrastic_future	active
vic	7	causative	present	active,middle,passive
vic	7	desiderative	future	active
vic	7	desiderative	imperative	active,passive
vic	7	desiderative	imperfect	active,passive
vic	7	desiderative	optative	active,passive
vic	7	desiderative	periphrastic_future	active
vic	7	desiderative	present	active,passive
vic	7	primary	benedictive	active
vic	7	primary	future	active,middle
vic	7	primary	imperative	active,middle,passive
vic	7	primary	imperfect	active,middle,passive
vic	7	primary	optative	active,middle,passive
vic	7	primary	perfect	active,middle
vic	7	primary	periphrastic_future	active
vic	7	primary	present	active,middle,passive
vid	1	primary	aorist	passive
vid	2	causative	future	active,middle
vid	2	causative	imperative	active,middle,passive
vid	2	causative	imperfect	active,middle,passive
vid	2	causative	optative	active,middle,passive
vid	2	causative	periphrastic_future	active
vid	2	causative	present	active,middle,passive
vid	2	desiderative	future	active
vid	2	desiderative	imperative	active,passive
vid	2	desiderative	imperfect	active,passive
vid	2	desiderative	optative	active,passive
vid	2	desiderative	periphrastic_future	active
vid	2	desiderative	present	active,passive
vid	2	intensive	imperative	active,middle
vid	2	intensive	imperfect	active,middle
vid	2	intensive	optative	active,middle
vid	2	intensive	present	active,middle
vid	2	primary	aorist	active,middle
vid	2	primary	benedictive	active
vid	2	primary	future	active,middle
vid	2	primary	imperative	active,middle,passive
vid	2	primary	imperfect	active,middle,passive
vid	2	primary	optative	active,middle,passive
vid	2	primary	perfect	active,middle
vid	2	primary	periphrastic_future	active
vid	2	primary	present	active,middle,passive
vid	5	primary	aorist	active,middle
vid	5	primary	injunctive	active,middle
vid	6	primary	imperative	active,middle
vid	6	primary	imperfect	active,middle
vid	6	primary	optative	active,middle
vid	6	primary	present	active,middle
vid	7	primary	imperative	middle
vid	7	primary	imperfect	middle
vid	7	primary	optative	middle
vid	7	primary	present	middle
vidh	6	primary	benedictive	active
vidh	6	primary	imperative	active
vidh	6	primary	imperfect	active
vidh	6	primary	optative	active
vidh	6	primary	present	active
vij	6	causative	future	active,middle
vij	6	causative	imperative	active,middle,passive
vij	6	causative	imperfect	active,middle,passive
vij	6	causative	optative	active,middle,passive
vij	6	causative	periphrastic_future	active
vij	6	causative	present	active,middle,passive
vij	6	primary	benedictive	active
vij	6	primary	future	active,middle
vij	6	primary	imperative	active,middle,passive
vij	6	primary	imperfect	active,middle,passive
vij	6	primary	optative	active,middle,passive
vij	6	primary	perfect	active,middle
vij	6	primary	periphrastic_future	active
vij	6	primary	present	active,middle,passive
vikaca	11	primary	future	active,middle
vikaca	11	primary	imperative	active,passive
vikaca	11	primary	imperfect	active,passive
vikaca	11	primary	optative	active,passive
vikaca	11	primary	periphrastic_future	active
vikaca	11	primary	present	active,passive
vimanā	11	primary	future	active,middle
vimanā	11	primary	imperative	middle
vimanā	11	primary	imperfect	middle
vimanā	11	primary	optative	middle
vimanā	11	primary	periphrastic_future	active
vimanā	11	primary	present	middle
vindh	6	primary	benedictive	active
vindh	6	primary	future	active,middle
vindh	6	primary	imperative	active,middle,passive
vindh	6	primary	imperfect	active,middle,passive
vindh	6	primary	optative	active,middle,passive
vindh	6	primary	perfect	active,middle
vindh	6	primary	periphrastic_future	active
vindh	6	primary	present	active,middle,passive
vip	1	causative	future	active,middle
vip	1	causative	imperative	active,middle,passive
vip	1	causative	imperfect	active,middle,passive
vip	1	causative	optative	active,middle,passive
vip	1	causative	periphrastic_future	active
vip	1	causative	present	active,middle,passive
vip	1	primary	benedictive	active
vip	1	primary	future	middle
vip	1	primary	imperative	middle
vip	1	primary	imperfect	middle
vip	1	primary	optative	middle
vip	1	primary	perfect	middle
vip	1	primary	periphrastic_future	active
vip	1	primary	present	middle
viś	3	primary	aorist	active,middle
viś	6	primary	imperative	active,middle
viś	6	primary	imperfect	active,middle
viś	6	primary	optative	active,middle
viś	6	primary	present	active,middle
viś	7	causative	future	active,middle
viś	7	causative	imperative	active,middle,passive
viś	7	causative	imperfect	active,middle,passive
viś	7	causative	optative	active,middle,passive
viś	7	causative	periphrastic_future	active
viś	7	causative	present	active,middle,passive
viś	7	desiderative	future	active
viś	7	desiderative	imperative	active,passive
viś	7	desiderative	imperfect	active,passive
viś	7	desiderative	optative	active,passive
viś	7	desiderative	periphrastic_future	active
viś	7	desiderative	present	active,passive
viś	7	primary	aorist	active,middle
viś	7	primary	benedictive	active
viś	7	primary	future	active,middle
viś	7	primary	imperative	passive
viś	7	primary	imperfect	passive
viś	7	primary	optative	passive
viś	7	primary	perfect	active,middle
viś	7	primary	periphrastic_future	active
viś	7	primary	present	passive
viśada	11	primary	future	active,middle
viśada	11	primary	imperative	active,passive
viśada	11	primary	imperfect	active,passive
viśada	11	primary	optative	active,passive
viśada	11	primary	periphrastic_future	active
viśada	11	primary	present	active,passive
viṣ	1	primary	imperative	active
viṣ	1	primary	imperfect	active
viṣ	1	primary	optative	active
viṣ	1	primary	present	active
viṣ	3	causative	future	active,middle
viṣ	3	causative	imperative	active,middle,passive
viṣ	3	causative	imperfect	active,middle,passive
viṣ	3	causative	optative	active,middle,passive
viṣ	3	causative	periphrastic_future	active
viṣ	3	causative	present	active,middle,passive
viṣ	3	intensive	imperative	active
viṣ	3	intensive	imperfect	active
viṣ	3	intensive	optative	active
viṣ	3	intensive	present	active
viṣ	3	intensive	subjunctive	active
viṣ	3	primary	benedictive	active
viṣ	3	primary	future	active
viṣ	3	primary	imperative	active,passive
viṣ	3	primary	imperfect	active,passive
viṣ	3	primary	optative	active,passive
viṣ	3	primary	perfect	active
viṣ	3	primary	periphrastic_future	active
viṣ	3	primary	present	active,passive
viṣa	11	primary	future	active,middle
viṣa	11	primary	imperative	middle
viṣa	11	primary	imperfect	middle
viṣa	11	primary	optative	middle
viṣa	11	primary	periphrastic_future	active
viṣa	11	primary	present	middle
vlī	9	primary	benedictive	active
vlī	9	primary	future	active,middle
vlī	9	primary	imperative	active,middle,passive
vlī	9	primary	imperfect	active,middle,passive
vlī	9	primary	optative	active,middle,passive
vlī	9	primary	perfect	active,middle
vlī	9	primary	periphrastic_future	active
vlī	9	primary	present	active,middle,passive
vraj	1	primary	benedictive	active
vraj	1	primary	future	active
vraj	1	primary	imperative	active,passive
vraj	1	primary	imperfect	active,passive
vraj	1	primary	optative	active,passive
vraj	1	primary	perfect	active
vraj	1	primary	periphrastic_future	active
vraj	1	primary	present	active,passive
vraj	5	primary	aorist	active,middle
vraj	5	primary	injunctive	active,middle
vrata	11	primary	future	active,middle
vrata	11	primary	imperative	active,passive
vrata	11	primary	imperfect	active,passive
vrata	11	primary	optative	active,passive
vrata	11	primary	periphrastic_future	active
vrata	11	primary	present	active,passive
vraśc	3	causative	future	active,middle
vraśc	3	causative	imperative	active,middle,passive
vraśc	3	causative	imperfect	active,middle,passive
vraśc	3	causative	optative	active,middle,passive
vraśc	3	causative	periphrastic_future	active
vraśc	3	causative	present	active,middle,passive
vraśc	3	primary	aorist	active
vraśc	3	primary	benedictive	active
vraśc	3	primary	future	active
vraśc	3	primary	imperative	passive
vraśc	3	primary	imperfect	passive
vraśc	3	primary	optative	passive
vraśc	3	primary	perfect	active
vraśc	3	primary	periphrastic_future	active
vraśc	3	primary	present	passive
vraśc	4	primary	aorist	active
vraśc	5	primary	aorist	active
vraśc	5	primary	injunctive	active
vraśc	6	primary	imperative	active
vraśc	6	primary	imperfect	active
vraśc	6	primary	optative	active
vraśc	6	primary	present	active
vraṇa	11	primary	future	active,middle
vraṇa	11	primary	imperative	active,passive
vraṇa	11	primary	imperfect	active,passive
vraṇa	11	primary	optative	active,passive
vraṇa	11	primary	periphrastic_future	active
vraṇa	11	primary	present	active,passive
vruḍ	6	primary	benedictive	active
vruḍ	6	primary	future	active,middle
vruḍ	6	primary	imperative	active,middle,passive
vruḍ	6	primary	imperfect	active,middle,passive
vruḍ	6	primary	optative	active,middle,passive
vruḍ	6	primary	perfect	active,middle
vruḍ	6	primary	periphrastic_future	active
vruḍ	6	primary	present	active,middle,passive
vrī	9	primary	benedictive	active
vrī	9	primary	future	active,middle
vrī	9	primary	imperative	active,passive
vrī	9	primary	imperfect	active,passive
vrī	9	primary	optative	active,passive
vrī	9	primary	perfect	active,middle
vrī	9	primary	periphrastic_future	active
vrī	9	primary	present	active,passive
vrīḍ	1	primary	benedictive	active
vrīḍ	1	primary	future	middle
vrīḍ	1	primary	imperative	middle,passive
vrīḍ	1	primary	imperfect	middle,passive
vrīḍ	1	primary	optative	middle,passive
vrīḍ	1	primary	perfect	middle
vrīḍ	1	primary	periphrastic_future	active
vrīḍ	1	primary	present	middle,passive
vyac	3	primary	benedictive	active
vyac	3	primary	future	active
vyac	3	primary	imperative	active
vyac	3	primary	imperfect	active
vyac	3	primary	optative	active
vyac	3	primary	perfect	active
vyac	3	primary	periphrastic_future	active
vyac	3	primary	present	active
vyadh	3	primary	aorist	active,middle
vyadh	4	causative	future	active,middle
vyadh	4	causative	imperative	active,middle,passive
vyadh	4	causative	imperfect	active,middle,passive
vyadh	4	causative	optative	active,middle,passive
vyadh	4	causative	periphrastic_future	active
vyadh	4	causative	present	active,middle,passive
vyadh	4	primary	aorist	active,middle
vyadh	4	primary	benedictive	active
vyadh	4	primary	future	active
vyadh	4	primary	imperative	active,passive
vyadh	4	primary	imperfect	active,passive
vyadh	4	primary	optative	active,passive
vyadh	4	primary	perfect	active
vyadh	4	primary	periphrastic_future	active
vyadh	4	primary	present	active,passive
vyath	1	causative	future	active,middle
vyath	1	causative	imperative	active,middle
vyath	1	causative	imperfect	active,middle
vyath	1	causative	optative	active,middle
vyath	1	causative	periphrastic_future	active
vyath	1	causative	present	active,middle
vyath	1	primary	benedictive	active
vyath	1	primary	future	active,middle
vyath	1	primary	imperative	active,middle,passive
vyath	1	primary	imperfect	active,middle,passive
vyath	1	primary	optative	active,middle,passive
vyath	1	primary	perfect	active,middle
vyath	1	primary	periphrastic_future	active
vyath	1	primary	present	active,middle,passive
vyath	5	primary	aorist	active,middle
vyath	5	primary	injunctive	active,middle
vyaya	11	primary	future	active,middle
vyaya	11	primary	imperative	active,middle,passive
vyaya	11	primary	imperfect	active,middle,passive
vyaya	11	primary	optative	active,middle,passive
vyaya	11	primary	periphrastic_future	active
vyaya	11	primary	present	active,middle,passive
vyā	1	primary	imperative	active,middle
vyā	1	primary	imperfect	active,middle
vyā	1	primary	optative	active,middle
vyā	1	primary	present	active,middle
vyā	2	primary	aorist	active,middle
vyā	2	primary	benedictive	active
vyā	2	primary	future	active,middle
vyā	2	primary	imperative	passive
vyā	2	primary	imperfect	passive
vyā	2	primary	optative	passive
vyā	2	primary	perfect	active,middle
vyā	2	primary	periphrastic_future	active
vyā	2	primary	present	passive
vā	2	primary	imperative	active
vā	2	primary	imperfect	active
vā	2	primary	optative	active
vā	2	primary	present	active
vā	4	causative	future	active,middle
vā	4	causative	imperative	active,middle,passive
vā	4	causative	imperfect	active,middle,passive
vā	4	causative	optative	active,middle,passive
vā	4	causative	periphrastic_future	active
vā	4	causative	present	active,middle,passive
vā	4	primary	benedictive	active
vā	4	primary	future	active,middle
vā	4	primary	imperative	active,middle,passive
vā	4	primary	imperfect	active,middle,passive
vā	4	primary	optative	active,middle,passive
vā	4	primary	perfect	active,middle
vā	4	primary	periphrastic_future	active
vā	4	primary	present	active,middle,passive
vāc	11	primary	future	active,middle
vāc	11	primary	imperative	active
vāc	11	primary	imperfect	active
vāc	11	primary	optative	active
vāc	11	primary	periphrastic_future	active
vāc	11	primary	present	active
vās	10	primary	future	active,middle
vās	10	primary	imperative	active,middle,passive
vās	10	primary	imperfect	active,middle,passive
vās	10	primary	optative	active,middle,passive
vās	10	primary	periphrastic_future	active
vās	10	primary	present	active,middle,passive
vāñch	1	primary	benedictive	active
vāñch	1	primary	future	active
vāñch	1	primary	imperative	active,passive
vāñch	1	primary	imperfect	active,passive
vāñch	1	primary	optative	active,passive
vāñch	1	primary	perfect	active
vāñch	1	primary	periphrastic_future	active
vāñch	1	primary	present	active,passive
vāṣpa	11	primary	future	active,middle
vāṣpa	11	primary	imperative	middle
vāṣpa	11	primary	imperfect	middle
vāṣpa	11	primary	optative	middle
vāṣpa	11	primary	periphrastic_future	active
vāṣpa	11	primary	present	middle
vī	2	primary	benedictive	active
vī	2	primary	future	active
vī	2	primary	imperative	active,passive
vī	2	primary	imperfect	active,passive
vī	2	primary	optative	active,passive
vī	2	primary	perfect	active
vī	2	primary	periphrastic_future	active
vī	2	primary	present	active,passive
vīj	1	primary	benedictive	active
vīj	1	primary	future	active,middle
vīj	1	primary	imperative	active,middle,passive
vīj	1	primary	imperfect	active,middle,passive
vīj	1	primary	optative	active,middle,passive
vīj	1	primary	perfect	active,middle
vīj	1	primary	periphrastic_future	active
vīj	1	primary	present	active,middle,passive
vīra	11	primary	future	active,middle
vīra	11	primary	imperative	active,middle,passive
vīra	11	primary	imperfect	active,middle,passive
vīra	11	primary	optative	active,middle,passive
vīra	11	primary	periphrastic_future	active
vīra	11	primary	present	active,middle,passive
vīḍ	10	primary	future	active,middle
vīḍ	10	primary	imperative	active,middle,passive
vīḍ	10	primary	imperfect	active,middle,passive
vīḍ	10	primary	optative	active,middle,passive
vīḍ	10	primary	periphrastic_future	active
vīḍ	10	primary	present	active,middle,passive
vṛ	1	causative	future	active,middle
vṛ	1	causative	imperative	active,middle,passive
vṛ	1	causative	imperfect	active,middle,passive
vṛ	1	causative	optative	active,middle,passive
vṛ	1	causative	periphrastic_future	active
vṛ	1	causative	present	active,middle,passive
vṛ	1	intensive	imperative	middle
vṛ	1	intensive	imperfect	middle
vṛ	1	intensive	optative	middle
vṛ	1	intensive	present	middle
vṛ	1	primary	aorist	active,middle,passive
vṛ	1	primary	benedictive	active
vṛ	1	primary	future	active,middle
vṛ	1	primary	imperative	active,passive
vṛ	1	primary	imperfect	active,passive
vṛ	1	primary	optative	active,passive
vṛ	1	primary	perfect	active,middle
vṛ	1	primary	periphrastic_future	active
vṛ	1	primary	present	active,passive
vṛ	3	primary	aorist	active,middle
vṛ	4	primary	aorist	active,middle
vṛ	5	primary	aorist	active,middle
vṛ	5	primary	imperative	active,middle
vṛ	5	primary	imperfect	active,middle
vṛ	5	primary	injunctive	active,middle
vṛ	5	primary	optative	active,middle
vṛ	5	primary	present	active,middle
vṛ	9	primary	imperative	active,middle
vṛ	9	primary	imperfect	active,middle
vṛ	9	primary	optative	active,middle
vṛ	9	primary	present	active,middle
vṛdh	1	causative	future	active,middle
vṛdh	1	causative	imperative	active,middle,passive
vṛdh	1	causative	imperfect	active,middle,passive
vṛdh	1	causative	optative	active,middle,passive
vṛdh	1	causative	periphrastic_future	active
vṛdh	1	causative	present	active,middle,passive
vṛdh	1	primary	benedictive	active
vṛdh	1	primary	future	active,middle
vṛdh	1	primary	imperative	active,middle,passive
vṛdh	1	primary	imperfect	active,middle,passive
vṛdh	1	primary	optative	active,middle,passive
vṛdh	1	primary	perfect	active,middle
vṛdh	1	primary	periphrastic_future	active
vṛdh	1	primary	present	active,middle,passive
vṛdh	2	primary	aorist	active,middle
vṛdh	3	primary	aorist	active,middle
vṛdh	5	primary	aorist	active,middle
vṛh	6	primary	benedictive	active
vṛh	6	primary	future	active
vṛh	6	primary	imperative	active,passive
vṛh	6	primary	imperfect	active,passive
vṛh	6	primary	optative	active,passive
vṛh	6	primary	perfect	active
vṛh	6	primary	periphrastic_future	active
vṛh	6	primary	present	active,passive
vṛj	7	causative	future	active,middle
vṛj	7	causative	imperative	active,middle,passive
vṛj	7	causative	imperfect	active,middle,passive
vṛj	7	causative	optative	active,middle,passive
vṛj	7	causative	periphrastic_future	active
vṛj	7	causative	present	active,middle,passive
vṛj	7	primary	aorist	active,middle
vṛj	7	primary	benedictive	active
vṛj	7	primary	future	active
vṛj	7	primary	imperative	active,passive
vṛj	7	primary	imperfect	active,passive
vṛj	7	primary	optative	active,passive
vṛj	7	primary	perfect	active
vṛj	7	primary	periphrastic_future	active
vṛj	7	primary	present	active,passive
vṛt	1	causative	future	active,middle
vṛt	1	causative	imperative	active,middle,passive
vṛt	1	causative	imperfect	active,middle,passive
vṛt	1	causative	optative	active,middle,passive
vṛt	1	causative	periphrastic_future	active
vṛt	1	causative	present	active,middle,passive
vṛt	1	desiderative	future	active
vṛt	1	desiderative	imperative	active,passive
vṛt	1	desiderative	imperfect	active,passive
vṛt	1	desiderative	optative	active,passive
vṛt	1	desiderative	periphrastic_future	active
vṛt	1	desiderative	present	active,passive
vṛt	1	intensive	imperative	active
vṛt	1	intensive	imperfect	active
vṛt	1	intensive	optative	active
vṛt	1	intensive	present	active
vṛt	1	primary	benedictive	active
vṛt	1	primary	future	active,middle
vṛt	1	primary	imperative	active,middle,passive
vṛt	1	primary	imperfect	active,middle,passive
vṛt	1	primary	optative	active,middle,passive
vṛt	1	primary	perfect	active,middle
vṛt	1	primary	periphrastic_future	active
vṛt	1	primary	present	active,middle,passive
vṛt	2	primary	aorist	active,middle
vṛt	3	primary	aorist	active,middle
vṛt	3	primary	imperative	active,middle
vṛt	3	primary	imperfect	active,middle
vṛt	3	primary	optative	active,middle
vṛt	3	primary	present	active,middle
vṛt	5	primary	aorist	middle
vṛṣ	1	causative	future	active,middle
vṛṣ	1	causative	imperative	active,middle,passive
vṛṣ	1	causative	imperfect	active,middle,passive
vṛṣ	1	causative	optative	active,middle,passive
vṛṣ	1	causative	periphrastic_future	active
vṛṣ	1	causative	present	active,middle,passive
vṛṣ	1	primary	benedictive	active
vṛṣ	1	primary	future	active
vṛṣ	1	primary	imperative	active,passive
vṛṣ	1	primary	imperfect	active,passive
vṛṣ	1	primary	optative	active,passive
vṛṣ	1	primary	perfect	active
vṛṣ	1	primary	periphrastic_future	active
vṛṣ	1	primary	present	active,passive
vṛṣa	11	primary	future	active,middle
vṛṣa	11	primary	imperative	active
vṛṣa	11	primary	imperfect	active
vṛṣa	11	primary	optative	active
vṛṣa	11	primary	periphrastic_future	active
vṛṣa	11	primary	present	active
yabh	1	primary	benedictive	active
yabh	1	primary	future	active
yabh	1	primary	imperative	active,passive
yabh	1	primary	imperfect	active,passive
yabh	1	primary	optative	active,passive
yabh	1	primary	perfect	active
yabh	1	primary	periphrastic_future	active
yabh	1	primary	present	active,passive
yaj	1	primary	imperative	active,middle
yaj	1	primary	imperfect	active,middle
yaj	1	primary	optative	active,middle
yaj	1	primary	present	active,middle
yaj	3	primary	aorist	active,middle
yaj	4	causative	future	active,middle
yaj	4	causative	imperative	active,middle,passive
yaj	4	causative	imperfect	active,middle,passive
yaj	4	causative	optative	active,middle,passive
yaj	4	causative	periphrastic_future	active
yaj	4	causative	present	active,middle,passive
yaj	4	desiderative	future	active
yaj	4	desiderative	imperative	active,passive
yaj	4	desiderative	imperfect	active,passive
yaj	4	desiderative	optative	active,passive
yaj	4	desiderative	periphrastic_future	active
yaj	4	desiderative	present	active,passive
yaj	4	intensive	imperative	active
yaj	4	intensive	imperfect	active
yaj	4	intensive	optative	active
yaj	4	intensive	present	active
yaj	4	primary	aorist	active,middle
yaj	4	primary	benedictive	active
yaj	4	primary	conditional	active,middle
yaj	4	primary	future	active,middle
yaj	4	primary	imperative	passive
yaj	4	primary	imperfect	passive
yaj	4	primary	optative	passive
yaj	4	primary	perfect	active,middle
yaj	4	primary	periphrastic_future	active
yaj	4	primary	present	passive
yam	1	causative	future	active,middle
yam	1	causative	imperative	active,middle,passive
yam	1	causative	imperfect	active,middle,passive
yam	1	causative	optative	active,middle,passive
yam	1	causative	periphrastic_future	active
yam	1	causative	present	active,middle,passive
yam	1	primary	benedictive	active
yam	1	primary	future	active,middle
yam	1	primary	imperative	active,middle,passive
yam	1	primary	imperfect	active,middle,passive
yam	1	primary	optative	active,middle,passive
yam	1	primary	perfect	active,middle
yam	1	primary	periphrastic_future	active
yam	1	primary	present	active,middle,passive
yantra	11	primary	future	active,middle
yantra	11	primary	imperative	active,passive
yantra	11	primary	imperfect	active,passive
yantra	11	primary	optative	active,passive
yantra	11	primary	periphrastic_future	active
yantra	11	primary	present	active,passive
yas	4	causative	future	active,middle
yas	4	causative	imperative	active,middle,passive
yas	4	causative	imperfect	active,middle,passive
yas	4	causative	optative	active,middle,passive
yas	4	causative	periphrastic_future	active
yas	4	causative	present	active,middle,passive
yas	4	primary	benedictive	active
yas	4	primary	future	active
yas	4	primary	imperative	active,passive
yas	4	primary	imperfect	active,passive
yas	4	primary	optative	active,passive
yas	4	primary	perfect	active
yas	4	primary	periphrastic_future	active
yas	4	primary	present	active,passive
yat	1	causative	future	active,middle
yat	1	causative	imperative	active,middle,passive
yat	1	causative	imperfect	active,middle,passive
yat	1	causative	optative	active,middle,passive
yat	1	causative	periphrastic_future	active
yat	1	causative	present	active,middle,passive
yat	1	desiderative	future	middle
yat	1	desiderative	imperative	middle,passive
yat	1	desiderative	imperfect	middle,passive
yat	1	desiderative	optative	middle,passive
yat	1	desiderative	periphrastic_future	active
yat	1	desiderative	present	middle,passive
yat	1	intensive	imperative	middle
yat	1	intensive	imperfect	middle
yat	1	intensive	optative	middle
yat	1	intensive	present	middle
yat	1	primary	benedictive	active
yat	1	primary	future	middle
yat	1	primary	imperative	middle,passive
yat	1	primary	imperfect	middle,passive
yat	1	primary	optative	middle,passive
yat	1	primary	perfect	middle
yat	1	primary	periphrastic_future	active
yat	1	primary	present	middle,passive
yu	1	primary	imperative	active
yu	1	primary	imperfect	active
yu	1	primary	optative	active
yu	1	primary	present	active
yu	2	causative	future	active,middle
yu	2	causative	imperative	active,middle,passive
yu	2	causative	imperfect	active,middle,passive
yu	2	causative	optative	active,middle,passive
yu	2	causative	periphrastic_future	active
yu	2	causative	present	active,middle,passive
yu	2	primary	benedictive	active
yu	2	primary	future	active,middle
yu	2	primary	imperative	active,middle,passive
yu	2	primary	imperfect	active,middle,passive
yu	2	primary	optative	active,middle,passive
yu	2	primary	perfect	active,middle
yu	2	primary	periphrastic_future	active
yu	2	primary	present	active,middle,passive
yu	3	primary	imperative	active,middle
yu	3	primary	imperfect	active
yu	3	primary	optative	active
yu	3	primary	present	active
yu	6	primary	imperative	active,middle
yu	6	primary	imperfect	active,middle
yu	6	primary	optative	active,middle
yu	6	primary	present	active,middle
yu	9	primary	imperative	active,middle
yu	9	primary	imperfect	active,middle
yu	9	primary	optative	active,middle
yu	9	primary	present	active,middle
yudh	4	desiderative	future	middle
yudh	4	desiderative	imperative	middle,passive
yudh	4	desiderative	imperfect	middle,passive
yudh	4	desiderative	optative	middle,passive
yudh	4	desiderative	periphrastic_future	active
yudh	4	desiderative	present	middle,passive
yudh	4	primary	benedictive	active
yudh	4	primary	future	active,middle
yudh	4	primary	imperative	active,passive
yudh	4	primary	imperfect	active,passive
yudh	4	primary	optative	active,passive
yudh	4	primary	perfect	active,middle
yudh	4	primary	periphrastic_future	active
yudh	4	primary	present	active,passive
yuga	11	primary	future	active,middle
yuga	11	primary	imperative	middle
yuga	11	primary	imperfect	middle
yuga	11	primary	optative	middle
yuga	11	primary	periphrastic_future	active
yuga	11	primary	present	middle
yuj	1	primary	aorist	passive
yuj	2	primary	aorist	active,middle
yuj	4	causative	future	active,middle
yuj	4	causative	imperative	active,middle,passive
yuj	4	causative	imperfect	active,middle,passive
yuj	4	causative	optative	active,middle,passive
yuj	4	causative	periphrastic_future	active
yuj	4	causative	present	active,middle,passive
yuj	4	desiderative	future	active
yuj	4	desiderative	imperative	active,passive
yuj	4	desiderative	imperfect	active,passive
yuj	4	desiderative	optative	active,passive
yuj	4	desiderative	periphrastic_future	active
yuj	4	desiderative	present	active,passive
yuj	4	primary	aorist	active,middle
yuj	4	primary	benedictive	active
yuj	4	primary	future	active,middle
yuj	4	primary	imperative	active,passive
yuj	4	primary	imperfect	active,passive
yuj	4	primary	optative	active,passive
yuj	4	primary	perfect	active,middle
yuj	4	primary	periphrastic_future	active
yuj	4	primary	present	active,passive
yuj	7	primary	imperative	active,middle
yuj	7	primary	imperfect	active,middle
yuj	7	primary	optative	active,middle
yuj	7	primary	present	active,middle
yā	2	causative	future	active,middle
yā	2	causative	imperative	active,middle,passive
yā	2	causative	imperfect	active,middle,passive
yā	2	causative	optative	active,middle,passive
yā	2	causative	periphrastic_future	active
yā	2	causative	present	active,middle,passive
yā	2	desiderative	future	active
yā	2	desiderative	imperative	active,passive
yā	2	desiderative	imperfect	active,passive
yā	2	desiderative	optative	active,passive
yā	2	desiderative	periphrastic_future	active
yā	2	desiderative	present	active,passive
yā	2	primary	benedictive	active
yā	2	primary	future	active
yā	2	primary	imperative	active,passive
yā	2	primary	imperfect	active,passive
yā	2	primary	optative	active,passive
yā	2	primary	perfect	active
yā	2	primary	periphrastic_future	active
yā	2	primary	present	active,passive
yā	6	primary	aorist	active
yāc	1	primary	benedictive	active
yāc	1	primary	future	active,middle
yāc	1	primary	imperative	active,middle,passive
yāc	1	primary	imperfect	active,middle,passive
yāc	1	primary	optative	active,middle,passive
yāc	1	primary	perfect	active,middle
yāc	1	primary	periphrastic_future	active
yāc	1	primary	present	active,middle,passive
yāc	5	primary	aorist	active,middle
yāc	5	primary	injunctive	active,middle
āhvāna	11	primary	future	active,middle
āhvāna	11	primary	imperative	active,passive
āhvāna	11	primary	imperfect	active,passive
āhvāna	11	primary	optative	active,passive
āhvāna	11	primary	periphrastic_future	active
āhvāna	11	primary	present	active,passive
ākarṇa	11	primary	future	active,middle
ākarṇa	11	primary	imperative	active,passive
ākarṇa	11	primary	imperfect	active,passive
ākarṇa	11	primary	optative	active,passive
ākarṇa	11	primary	periphrastic_future	active
ākarṇa	11	primary	present	active,passive
ākhyāna	11	primary	future	active,middle
ākhyāna	11	primary	imperative	active,passive
ākhyāna	11	primary	imperfect	active,passive
ākhyāna	11	primary	optative	active,passive
ākhyāna	11	primary	periphrastic_future	active
ākhyāna	11	primary	present	active,passive
ākula	11	primary	future	active,middle
ākula	11	primary	imperative	active,passive
ākula	11	primary	imperfect	active,passive
ākula	11	primary	optative	active,passive
ākula	11	primary	periphrastic_future	active
ākula	11	primary	present	active,passive
āndola	11	primary	future	active,middle
āndola	11	primary	imperative	active,passive
āndola	11	primary	imperfect	active,passive
āndola	11	primary	optative	active,passive
āndola	11	primary	periphrastic_future	active
āndola	11	primary	present	active,passive
āp	2	causative	future	active,middle
āp	2	causative	imperative	active,middle
āp	2	causative	imperfect	active,middle
āp	2	causative	optative	active,middle
āp	2	causative	periphrastic_future	active
āp	2	causative	present	active,middle
āp	2	desiderative	future	active
āp	2	desiderative	imperative	active,passive
āp	2	desiderative	imperfect	active,passive
āp	2	desiderative	optative	active,passive
āp	2	desiderative	periphrastic_future	active
āp	2	desiderative	present	active,passive
āp	2	primary	aorist	active,middle
āp	2	primary	benedictive	active
āp	2	primary	conditional	active,middle
āp	2	primary	future	active,middle
āp	2	primary	imperative	passive
āp	2	primary	imperfect	passive
āp	2	primary	optative	passive
āp	2	primary	perfect	active,middle
āp	2	primary	periphrastic_future	active
āp	2	primary	present	passive
āp	4	primary	aorist	active,middle
āp	5	primary	imperative	active,middle
āp	5	primary	imperfect	active,middle
āp	5	primary	optative	active,middle
āp	5	primary	present	active,middle
ās	1	primary	imperative	active,middle
ās	1	primary	imperfect	active,middle
ās	1	primary	optative	active,middle
ās	1	primary	present	active,middle
ās	2	causative	future	active,middle
ās	2	causative	imperative	active,middle
ās	2	causative	imperfect	active,middle
ās	2	causative	optative	active,middle
ās	2	causative	periphrastic_future	active
ās	2	causative	present	active,middle
ās	2	desiderative	future	middle
ās	2	desiderative	imperative	middle,passive
ās	2	desiderative	imperfect	middle,passive
ās	2	desiderative	optative	middle,passive
ās	2	desiderative	periphrastic_future	active
ās	2	desiderative	present	middle,passive
ās	2	primary	benedictive	active
ās	2	primary	future	active,middle
ās	2	primary	imperative	middle,passive
ās	2	primary	imperfect	middle,passive
ās	2	primary	optative	middle,passive
ās	2	primary	perfect	active,middle
ās	2	primary	periphrastic_future	active
ās	2	primary	present	middle,passive
ās	2	primary	subjunctive	middle
ās	5	primary	injunctive	active,middle
āvila	11	primary	future	active,middle
āvila	11	primary	imperative	active,passive
āvila	11	primary	imperfect	active,passive
āvila	11	primary	optative	active,passive
āvila	11	primary	periphrastic_future	active
āvila	11	primary	present	active,passive
īh	1	causative	future	active,middle
īh	1	causative	imperative	active,middle
īh	1	causative	imperfect	active,middle
īh	1	causative	optative	active,middle
īh	1	causative	periphrastic_future	active
īh	1	causative	present	active,middle
īh	1	primary	benedictive	active
īh	1	primary	future	middle
īh	1	primary	imperative	middle,passive
īh	1	primary	imperfect	middle,passive
īh	1	primary	optative	middle,passive
īh	1	primary	perfect	middle
īh	1	primary	periphrastic_future	active
īh	1	primary	present	middle,passive
īkṣ	1	primary	aorist	middle
īkṣ	1	primary	benedictive	active,middle
īkṣ	1	primary	future	middle
īkṣ	1	primary	imperative	middle,passive
īkṣ	1	primary	imperfect	middle,passive
īkṣ	1	primary	optative	middle,passive
īkṣ	1	primary	perfect	middle
īkṣ	1	primary	periphrastic_future	active
īkṣ	1	primary	present	middle,passive
īkṣ	3	primary	aorist	active
īkṣ	5	primary	aorist	active,middle
īkṣ	5	primary	injunctive	active,middle
īr	2	causative	future	active,middle
īr	2	causative	imperative	active,middle
īr	2	causative	imperfect	active,middle
īr	2	causative	optative	active,middle
īr	2	causative	periphrastic_future	active
īr	2	causative	present	active,middle
īr	2	primary	benedictive	active
īr	2	primary	future	middle
īr	2	primary	imperative	middle,passive
īr	2	primary	imperfect	middle,passive
īr	2	primary	optative	middle,passive
īr	2	primary	perfect	middle
īr	2	primary	periphrastic_future	active
īr	2	primary	present	middle,passive
īrṣ	1	primary	benedictive	active
īrṣ	1	primary	future	active
īrṣ	1	primary	imperative	active,passive
īrṣ	1	primary	imperfect	active,passive
īrṣ	1	primary	optative	active,passive
īrṣ	1	primary	perfect	active
īrṣ	1	primary	periphrastic_future	active
īrṣ	1	primary	present	active,passive
īś	2	primary	benedictive	active
īś	2	primary	future	active,middle
īś	2	primary	imperative	middle
īś	2	primary	imperfect	middle
īś	2	primary	optative	middle
īś	2	primary	perfect	middle
īś	2	primary	periphrastic_future	active
īś	2	primary	present	middle
īḍ	2	primary	benedictive	active
īḍ	2	primary	future	middle
īḍ	2	primary	imperative	middle,passive
īḍ	2	primary	imperfect	middle,passive
īḍ	2	primary	optative	middle,passive
īḍ	2	primary	perfect	middle
īḍ	2	primary	periphrastic_future	active
īḍ	2	primary	present	middle,passive
īṅkh	1	causative	future	active,middle
īṅkh	1	causative	imperative	active,middle
īṅkh	1	causative	imperfect	active,middle
īṅkh	1	causative	optative	active,middle
īṅkh	1	causative	periphrastic_future	active
īṅkh	1	causative	present	active,middle
īṅkh	1	primary	benedictive	active
īṅkh	1	primary	future	active
īṅkh	1	primary	imperative	active,passive
īṅkh	1	primary	imperfect	active,passive
īṅkh	1	primary	optative	active,passive
īṅkh	1	primary	perfect	active
īṅkh	1	primary	periphrastic_future	active
īṅkh	1	primary	present	active,passive
īṣ	1	primary	benedictive	active
īṣ	1	primary	future	middle
īṣ	1	primary	imperative	middle,passive
īṣ	1	primary	imperfect	middle,passive
īṣ	1	primary	optative	middle,passive
īṣ	1	primary	perfect	middle
īṣ	1	primary	periphrastic_future	active
īṣ	1	primary	present	middle,passive
śabda	11	primary	future	active,middle
śabda	11	primary	imperative	active,middle,passive
śabda	11	primary	imperfect	active,middle,passive
śabda	11	primary	optative	active,middle,passive
śabda	11	primary	periphrastic_future	active
śabda	11	primary	present	active,middle,passive
śad	1	causative	future	active,middle
śad	1	causative	imperative	active,middle,passive
śad	1	causative	imperfect	active,middle,passive
śad	1	causative	optative	active,middle,passive
śad	1	causative	periphrastic_future	active
śad	1	causative	present	active,middle,passive
śad	1	primary	benedictive	active
śad	1	primary	future	middle
śad	1	primary	imperative	middle,passive
śad	1	primary	imperfect	middle,passive
śad	1	primary	optative	middle,passive
śad	1	primary	perfect	middle
śad	1	primary	periphrastic_future	active
śad	1	primary	present	middle,passive
śak	2	desiderative	future	active,middle
śak	2	desiderative	imperative	active,middle,passive
śak	2	desiderative	imperfect	active,middle,passive
śak	2	desiderative	optative	active,middle,passive
śak	2	desiderative	periphrastic_future	active
śak	2	desiderative	present	active,middle,passive
śak	2	primary	aorist	active
śak	2	primary	benedictive	active
śak	2	primary	future	active
śak	2	primary	imperative	passive
śak	2	primary	imperfect	passive
śak	2	primary	optative	passive
śak	2	primary	perfect	active
śak	2	primary	periphrastic_future	active
śak	2	primary	present	passive
śak	4	primary	imperative	active
śak	4	primary	imperfect	active
śak	4	primary	optative	active
śak	4	primary	present	active
śak	5	primary	imperative	active
śak	5	primary	imperfect	active
śak	5	primary	optative	active
śak	5	primary	present	active
śal	1	primary	benedictive	active
śal	1	primary	future	active
śal	1	primary	imperative	active,passive
śal	1	primary	imperfect	active,passive
śal	1	primary	optative	active,passive
śal	1	primary	perfect	active
śal	1	primary	periphrastic_future	active
śal	1	primary	present	active,passive
śalabha	11	primary	future	active,middle
śalabha	11	primary	imperative	middle
śalabha	11	primary	imperfect	middle
śalabha	11	primary	optative	middle
śalabha	11	primary	periphrastic_future	active
śalabha	11	primary	present	middle
śam	1	primary	aorist	passive
śam	2	causative	future	active,middle
śam	2	causative	imperative	active,middle,passive
śam	2	causative	imperfect	active,middle,passive
śam	2	causative	optative	active,middle,passive
śam	2	causative	periphrastic_future	active
śam	2	causative	present	active,middle,passive
śam	2	primary	aorist	active
śam	2	primary	benedictive	active
śam	2	primary	future	active
śam	2	primary	perfect	active
śam	2	primary	periphrastic_future	active
śam	4	primary	imperative	active
śam	4	primary	imperfect	active
śam	4	primary	optative	active
śam	4	primary	present	active
śap	1	causative	future	active,middle
śap	1	causative	imperative	active,middle,passive
śap	1	causative	imperfect	active,middle,passive
śap	1	causative	optative	active,middle,passive
śap	1	causative	periphrastic_future	active
śap	1	causative	present	active,middle,passive
śap	1	primary	benedictive	active
śap	1	primary	future	active,middle
śap	1	primary	imperative	active,middle,passive
śap	1	primary	imperfect	active,middle,passive
śap	1	primary	optative	active,middle,passive
śap	1	primary	perfect	active,middle
śap	1	primary	periphrastic_future	active
śap	1	primary	present	active,middle,passive
śas	1	primary	benedictive	active
śas	1	primary	future	active
śas	1	primary	imperative	active,passive
śas	1	primary	imperfect	active,passive
śas	1	primary	optative	active,passive
śas	1	primary	perfect	active
śas	1	primary	periphrastic_future	active
śas	1	primary	present	active,passive
śaś	1	primary	benedictive	active
śaś	1	primary	future	active
śaś	1	primary	imperative	active,passive
śaś	1	primary	imperfect	active,passive
śaś	1	primary	optative	active,passive
śaś	1	primary	perfect	active
śaś	1	primary	periphrastic_future	active
śaś	1	primary	present	active,passive
śaś	5	primary	aorist	active
śaṃs	1	causative	future	active,middle
śaṃs	1	causative	imperative	active,middle,passive
śaṃs	1	causative	imperfect	active,middle,passive
śaṃs	1	causative	optative	active,middle,passive
śaṃs	1	causative	periphrastic_future	active
śaṃs	1	causative	present	active,middle,passive
śaṃs	1	primary	benedictive	active
śaṃs	1	primary	future	active
śaṃs	1	primary	imperative	active,passive
śaṃs	1	primary	imperfect	active,passive
śaṃs	1	primary	optative	active,passive
śaṃs	1	primary	perfect	active
śaṃs	1	primary	periphrastic_future	active
śaṃs	1	primary	present	active,passive
śaṅk	1	primary	benedictive	active
śaṅk	1	primary	future	middle
śaṅk	1	primary	imperative	middle,passive
śaṅk	1	primary	imperfect	middle,passive
śaṅk	1	primary	optative	middle,passive
śaṅk	1	primary	perfect	middle
śaṅk	1	primary	periphrastic_future	active
śaṅk	1	primary	present	middle,passive
ścut	1	primary	imperative	active
ścut	1	primary	imperfect	active
ścut	1	primary	optative	active
ścut	1	primary	present	active
ścut	2	causative	future	active,middle
ścut	2	causative	imperative	active,middle,passive
ścut	2	causative	imperfect	active,middle,passive
ścut	2	causative	optative	active,middle,passive
ścut	2	causative	periphrastic_future	active
ścut	2	causative	present	active,middle,passive
ścut	2	primary	aorist	active
ścut	2	primary	benedictive	active
ścut	2	primary	future	active
ścut	2	primary	imperative	passive
ścut	2	primary	imperfect	passive
ścut	2	primary	optative	passive
ścut	2	primary	perfect	active
ścut	2	primary	periphrastic_future	active
ścut	2	primary	present	passive
ścut	5	primary	aorist	active
ścut	5	primary	injunctive	active
ścyut	1	causative	future	active,middle
ścyut	1	causative	imperative	active,middle,passive
ścyut	1	causative	imperfect	active,middle,passive
ścyut	1	causative	optative	active,middle,passive
ścyut	1	causative	periphrastic_future	active
ścyut	1	causative	present	active,middle,passive
ścyut	1	primary	benedictive	active
ścyut	1	primary	future	active
ścyut	1	primary	imperative	active,passive
ścyut	1	primary	imperfect	active,passive
ścyut	1	primary	optative	active,passive
ścyut	1	primary	perfect	active
ścyut	1	primary	periphrastic_future	active
ścyut	1	primary	present	active,passive
śithila	11	primary	future	active,middle
śithila	11	primary	imperative	active,middle,passive
śithila	11	primary	imperfect	active,middle,passive
śithila	11	primary	optative	active,middle,passive
śithila	11	primary	periphrastic_future	active
śithila	11	primary	present	active,middle,passive
śiñj	2	causative	future	active,middle
śiñj	2	causative	imperative	active,middle,passive
śiñj	2	causative	imperfect	active,middle,passive
śiñj	2	causative	optative	active,middle,passive
śiñj	2	causative	periphrastic_future	active
śiñj	2	causative	present	active,middle,passive
śiñj	2	primary	benedictive	active
śiñj	2	primary	future	middle
śiñj	2	primary	imperative	middle
śiñj	2	primary	imperfect	middle
śiñj	2	primary	optative	middle
śiñj	2	primary	perfect	middle
śiñj	2	primary	periphrastic_future	active
śiñj	2	primary	present	middle
śiśu	11	primary	future	active,middle
śiśu	11	primary	imperative	middle
śiśu	11	primary	imperfect	middle
śiśu	11	primary	optative	middle
śiśu	11	primary	periphrastic_future	active
śiśu	11	primary	present	middle
śiṣ	7	causative	future	active,middle
śiṣ	7	causative	imperative	active,middle,passive
śiṣ	7	causative	imperfect	active,middle,passive
śiṣ	7	causative	optative	active,middle,passive
śiṣ	7	causative	periphrastic_future	active
śiṣ	7	causative	present	active,middle,passive
śiṣ	7	primary	benedictive	active
śiṣ	7	primary	future	active
śiṣ	7	primary	imperative	active,passive
śiṣ	7	primary	imperfect	active,passive
śiṣ	7	primary	optative	active,passive
śiṣ	7	primary	perfect	active
śiṣ	7	primary	periphrastic_future	active
śiṣ	7	primary	present	active,passive
ślakṣṇa	11	primary	future	active,middle
ślakṣṇa	11	primary	imperative	active,passive
ślakṣṇa	11	primary	imperfect	active,passive
ślakṣṇa	11	primary	optative	active,passive
ślakṣṇa	11	primary	periphrastic_future	active
ślakṣṇa	11	primary	present	active,passive
ślath	1	causative	future	active,middle
ślath	1	causative	imperative	active,middle
ślath	1	causative	imperfect	active,middle
ślath	1	causative	optative	active,middle
ślath	1	causative	periphrastic_future	active
ślath	1	causative	present	active,middle
ślath	1	primary	benedictive	active
ślath	1	primary	imperative	active,middle,passive
ślath	1	primary	imperfect	active,middle,passive
ślath	1	primary	optative	active,middle,passive
ślath	1	primary	perfect	active,middle
ślath	1	primary	periphrastic_future	active
ślath	1	primary	present	active,middle,passive
śliṣ	4	causative	future	active,middle
śliṣ	4	causative	imperative	active,middle,passive
śliṣ	4	causative	imperfect	active,middle,passive
śliṣ	4	causative	optative	active,middle,passive
śliṣ	4	causative	periphrastic_future	active
śliṣ	4	causative	present	active,middle,passive
śliṣ	4	primary	benedictive	active
śliṣ	4	primary	future	active
śliṣ	4	primary	imperative	active,passive
śliṣ	4	primary	imperfect	active,passive
śliṣ	4	primary	optative	active,passive
śliṣ	4	primary	perfect	active
śliṣ	4	primary	periphrastic_future	active
śliṣ	4	primary	present	active,passive
ślāgh	1	primary	benedictive	active
ślāgh	1	primary	future	middle
ślāgh	1	primary	imperative	middle,passive
ślāgh	1	primary	imperfect	middle,passive
ślāgh	1	primary	optative	middle,passive
ślāgh	1	primary	perfect	middle
ślāgh	1	primary	periphrastic_future	active
ślāgh	1	primary	present	middle,passive
śram	1	primary	imperative	active,middle
śram	1	primary	imperfect	middle
śram	1	primary	optative	active,middle
śram	1	primary	present	active,middle
śram	2	causative	future	active,middle
śram	2	causative	imperative	active,middle
śram	2	causative	imperfect	active,middle
śram	2	causative	optative	active,middle
śram	2	causative	periphrastic_future	active
śram	2	causative	present	active,middle
śram	2	primary	aorist	active
śram	2	primary	benedictive	active
śram	2	primary	future	active,middle
śram	2	primary	imperative	passive
śram	2	primary	imperfect	passive
śram	2	primary	injunctive	active
śram	2	primary	optative	passive
śram	2	primary	perfect	active,middle
śram	2	primary	periphrastic_future	active
śram	2	primary	present	passive
śram	4	primary	imperative	active,middle
śram	4	primary	imperfect	active,middle
śram	4	primary	optative	active,middle
śram	4	primary	present	active,middle
śrambh	1	primary	benedictive	active
śrambh	1	primary	future	middle
śrambh	1	primary	imperative	middle
śrambh	1	primary	imperfect	middle
śrambh	1	primary	optative	middle
śrambh	1	primary	perfect	middle
śrambh	1	primary	periphrastic_future	active
śrambh	1	primary	present	middle
śrath	9	causative	future	active,middle
śrath	9	causative	imperative	active,middle
śrath	9	causative	imperfect	active,middle
śrath	9	causative	optative	active,middle
śrath	9	causative	periphrastic_future	active
śrath	9	causative	present	active,middle
śrath	9	primary	benedictive	active
śrath	9	primary	future	active,middle
śrath	9	primary	imperative	active,middle,passive
śrath	9	primary	imperfect	active,middle,passive
śrath	9	primary	optative	active,middle,passive
śrath	9	primary	perfect	active,middle
śrath	9	primary	periphrastic_future	active
śrath	9	primary	present	active,middle,passive
śri	1	primary	imperative	active,middle
śri	1	primary	imperfect	active,middle
śri	1	primary	optative	active,middle
śri	1	primary	present	active,middle
śri	3	primary	aorist	active,middle
śri	3	primary	benedictive	active
śri	3	primary	future	active,middle
śri	3	primary	imperative	passive
śri	3	primary	imperfect	passive
śri	3	primary	optative	passive
śri	3	primary	perfect	active,middle
śri	3	primary	periphrastic_future	active
śri	3	primary	present	passive
śru	1	primary	aorist	passive
śru	2	primary	aorist	active
śru	2	primary	injunctive	active
śru	3	causative	future	active,middle
śru	3	causative	imperative	active,middle,passive
śru	3	causative	imperfect	active,middle,passive
śru	3	causative	optative	active,middle,passive
śru	3	causative	periphrastic_future	active
śru	3	causative	present	active,middle,passive
śru	3	desiderative	future	active,middle
śru	3	desiderative	imperative	active,middle,passive
śru	3	desiderative	imperfect	active,middle,passive
śru	3	desiderative	optative	active,middle,passive
śru	3	desiderative	periphrastic_future	active
śru	3	desiderative	present	active,middle,passive
śru	3	primary	aorist	active,middle
śru	3	primary	benedictive	active
śru	3	primary	future	active,middle
śru	3	primary	imperative	passive
śru	3	primary	imperfect	passive
śru	3	primary	optative	passive
śru	3	primary	perfect	active,middle
śru	3	primary	periphrastic_future	active
śru	3	primary	present	passive
śru	3	primary	subjunctive	active
śru	4	primary	aorist	active,middle
śru	5	primary	imperative	active,middle
śru	5	primary	imperfect	active,middle
śru	5	primary	optative	active,middle
śru	5	primary	present	active,middle
śrā	4	causative	future	active,middle
śrā	4	causative	imperative	active,middle,passive
śrā	4	causative	imperfect	active,middle,passive
śrā	4	causative	optative	active,middle,passive
śrā	4	causative	periphrastic_future	active
śrā	4	causative	present	active,middle,passive
śrā	4	primary	benedictive	active
śrā	4	primary	future	active
śrā	4	primary	imperative	active,passive
śrā	4	primary	imperfect	active,passive
śrā	4	primary	optative	active,passive
śrā	4	primary	perfect	active
śrā	4	primary	periphrastic_future	active
śrā	4	primary	present	active,passive
śrā	9	primary	imperative	active
śrā	9	primary	imperfect	active
śrā	9	primary	optative	active
śrā	9	primary	present	active
śubh	1	causative	future	active,middle
śubh	1	causative	imperative	active,middle,passive
śubh	1	causative	imperfect	active,middle,passive
śubh	1	causative	optative	active,middle,passive
śubh	1	causative	periphrastic_future	active
śubh	1	causative	present	active,middle,passive
śubh	1	primary	benedictive	active
śubh	1	primary	future	active,middle
śubh	1	primary	imperative	active,middle,passive
śubh	1	primary	imperfect	active,middle,passive
śubh	1	primary	optative	active,middle,passive
śubh	1	primary	perfect	active,middle
śubh	1	primary	periphrastic_future	active
śubh	1	primary	present	active,middle,passive
śuc	1	primary	imperative	active
śuc	1	primary	imperfect	active
śuc	1	primary	optative	active
śuc	1	primary	present	active
śuc	2	causative	future	active,middle
śuc	2	causative	imperative	active,middle,passive
śuc	2	causative	imperfect	active,middle,passive
śuc	2	causative	optative	active,middle,passive
śuc	2	causative	periphrastic_future	active
śuc	2	causative	present	active,middle,passive
śuc	2	intensive	imperative	middle
śuc	2	intensive	imperfect	middle
śuc	2	intensive	optative	middle
śuc	2	intensive	present	middle
śuc	2	primary	aorist	active,middle
śuc	2	primary	benedictive	active
śuc	2	primary	future	active
śuc	2	primary	imperative	passive
śuc	2	primary	imperfect	passive
śuc	2	primary	injunctive	active,middle
śuc	2	primary	optative	passive
śuc	2	primary	perfect	active
śuc	2	primary	periphrastic_future	active
śuc	2	primary	present	passive
śudh	2	causative	future	active,middle
śudh	2	causative	imperative	active,middle,passive
śudh	2	causative	imperfect	active,middle,passive
śudh	2	causative	optative	active,middle,passive
śudh	2	causative	periphrastic_future	active
śudh	2	causative	present	active,middle,passive
śudh	2	primary	aorist	active,middle
śudh	2	primary	benedictive	active
śudh	2	primary	future	active
śudh	2	primary	imperative	passive
śudh	2	primary	imperfect	passive
śudh	2	primary	optative	passive
śudh	2	primary	perfect	active
śudh	2	primary	periphrastic_future	active
śudh	2	primary	present	passive
śudh	4	primary	imperative	active
śudh	4	primary	imperfect	active
śudh	4	primary	optative	active
śudh	4	primary	present	active
śumbh	1	primary	benedictive	active
śumbh	1	primary	future	active
śumbh	1	primary	imperative	active,passive
śumbh	1	primary	imperfect	active,passive
śumbh	1	primary	optative	active,passive
śumbh	1	primary	perfect	active
śumbh	1	primary	periphrastic_future	active
śumbh	1	primary	present	active,passive
śuṣ	4	causative	future	active,middle
śuṣ	4	causative	imperative	active,middle,passive
śuṣ	4	causative	imperfect	active,middle,passive
śuṣ	4	causative	optative	active,middle,passive
śuṣ	4	causative	periphrastic_future	active
śuṣ	4	causative	present	active,middle,passive
śuṣ	4	desiderative	future	active
śuṣ	4	desiderative	imperative	active,passive
śuṣ	4	desiderative	imperfect	active,passive
śuṣ	4	desiderative	optative	active,passive
śuṣ	4	desiderative	periphrastic_future	active
śuṣ	4	desiderative	present	active,passive
śuṣ	4	primary	benedictive	active
śuṣ	4	primary	future	active
śuṣ	4	primary	imperative	active,passive
śuṣ	4	primary	imperfect	active,passive
śuṣ	4	primary	optative	active,passive
śuṣ	4	primary	perfect	active
śuṣ	4	primary	periphrastic_future	active
śuṣ	4	primary	present	active,passive
śvas	1	primary	imperative	active,middle
śvas	1	primary	imperfect	active,middle
śvas	1	primary	optative	active,middle
śvas	1	primary	present	active,middle
śvas	2	causative	future	active,middle
śvas	2	causative	imperative	active,middle,passive
śvas	2	causative	imperfect	active,middle,passive
śvas	2	causative	optative	active,middle,passive
śvas	2	causative	periphrastic_future	active
śvas	2	causative	present	active,middle,passive
śvas	2	primary	benedictive	active
śvas	2	primary	future	active,middle
śvas	2	primary	imperative	active,passive
śvas	2	primary	imperfect	active,passive
śvas	2	primary	optative	active,passive
śvas	2	primary	perfect	active,middle
śvas	2	primary	periphrastic_future	active
śvas	2	primary	present	active,passive
śvit	1	primary	benedictive	active
śvit	1	primary	future	middle
śvit	1	primary	imperative	middle
śvit	1	primary	imperfect	middle
śvit	1	primary	optative	middle
śvit	1	primary	perfect	middle
śvit	1	primary	periphrastic_future	active
śvit	1	primary	present	middle
śyena	11	primary	future	active,middle
śyena	11	primary	imperative	active,middle,passive
śyena	11	primary	imperfect	active,middle,passive
śyena	11	primary	optative	active,middle,passive
śyena	11	primary	periphrastic_future	active
śyena	11	primary	present	active,middle,passive
śyā	1	primary	benedictive	active
śyā	1	primary	future	active,middle
śyā	1	primary	imperative	active,middle,passive
śyā	1	primary	imperfect	active,middle,passive
śyā	1	primary	optative	active,middle,passive
śyā	1	primary	perfect	active,middle
śyā	1	primary	periphrastic_future	active
śyā	1	primary	present	active,middle,passive
śyāma	11	primary	future	active,middle
śyāma	11	primary	imperative	middle
śyāma	11	primary	imperfect	middle
śyāma	11	primary	optative	middle
śyāma	11	primary	periphrastic_future	active
śyāma	11	primary	present	middle
śā	1	primary	aorist	active,passive
śā	1	primary	benedictive	active
śā	1	primary	future	active,middle
śā	1	primary	imperative	passive
śā	1	primary	imperfect	passive
śā	1	primary	optative	passive
śā	1	primary	perfect	active,middle
śā	1	primary	periphrastic_future	active
śā	1	primary	present	passive
śā	3	primary	imperative	active,middle
śā	3	primary	imperfect	active,middle
śā	3	primary	optative	active,middle
śā	3	primary	present	active,middle
śā	4	primary	imperative	active
śā	4	primary	imperfect	active
śā	4	primary	optative	active
śā	4	primary	present	active
śā	5	primary	aorist	middle
śā	6	primary	aorist	active
śānta	11	primary	future	active,middle
śānta	11	primary	imperative	active,passive
śānta	11	primary	imperfect	active,passive
śānta	11	primary	optative	active,passive
śānta	11	primary	periphrastic_future	active
śānta	11	primary	present	active,passive
śās	1	primary	imperative	active
śās	1	primary	imperfect	active
śās	1	primary	optative	active
śās	1	primary	present	active
śās	2	primary	aorist	active
śās	2	primary	imperative	active
śās	2	primary	imperfect	active
śās	2	primary	optative	active
śās	2	primary	present	active
śās	3	primary	aorist	active
śās	3	primary	benedictive	active
śās	3	primary	conditional	active
śās	3	primary	future	active
śās	3	primary	imperative	passive
śās	3	primary	imperfect	passive
śās	3	primary	optative	passive
śās	3	primary	perfect	active
śās	3	primary	periphrastic_future	active
śās	3	primary	present	passive
śāṇa	11	primary	future	active,middle
śāṇa	11	primary	imperative	active
śāṇa	11	primary	imperfect	active
śāṇa	11	primary	optative	active
śāṇa	11	primary	periphrastic_future	active
śāṇa	11	primary	present	active
śī	1	causative	future	active,middle
śī	1	causative	imperative	active,middle,passive
śī	1	causative	imperfect	active,middle,passive
śī	1	causative	optative	active,middle,passive
śī	1	causative	periphrastic_future	active
śī	1	causative	present	active,middle,passive
śī	1	desiderative	future	middle
śī	1	desiderative	imperative	middle,passive
śī	1	desiderative	imperfect	middle,passive
śī	1	desiderative	optative	middle,passive
śī	1	desiderative	periphrastic_future	active
śī	1	desiderative	present	middle,passive
śī	1	primary	benedictive	active
śī	1	primary	future	middle
śī	1	primary	imperative	middle,passive
śī	1	primary	imperfect	middle,passive
śī	1	primary	optative	middle,passive
śī	1	primary	perfect	middle
śī	1	primary	periphrastic_future	active
śī	1	primary	present	middle,passive
śī	2	primary	imperative	middle
śī	2	primary	imperfect	middle
śī	2	primary	optative	middle
śī	2	primary	present	middle
śī	5	primary	aorist	middle
śī	5	primary	injunctive	middle
śīghra	11	primary	future	active,middle
śīghra	11	primary	imperative	middle
śīghra	11	primary	imperfect	middle
śīghra	11	primary	optative	middle
śīghra	11	primary	periphrastic_future	active
śīghra	11	primary	present	middle
śīk	1	causative	future	active,middle
śīk	1	causative	imperative	active,middle
śīk	1	causative	imperfect	active,middle
śīk	1	causative	optative	active,middle
śīk	1	causative	periphrastic_future	active
śīk	1	causative	present	active,middle
śīk	1	primary	benedictive	active
śīk	1	primary	future	active,middle
śīk	1	primary	imperative	active,middle,passive
śīk	1	primary	imperfect	active,middle,passive
śīk	1	primary	optative	active,middle,passive
śīk	1	primary	perfect	active,middle
śīk	1	primary	periphrastic_future	active
śīk	1	primary	present	active,middle,passive
śīl	1	causative	future	active,middle
śīl	1	causative	imperative	active,middle
śīl	1	causative	imperfect	active,middle
śīl	1	causative	optative	active,middle
śīl	1	causative	periphrastic_future	active
śīl	1	causative	present	active,middle
śīl	1	primary	benedictive	active
śīl	1	primary	future	active
śīl	1	primary	imperative	active,passive
śīl	1	primary	imperfect	active,passive
śīl	1	primary	optative	active,passive
śīl	1	primary	perfect	active
śīl	1	primary	periphrastic_future	active
śīl	1	primary	present	active,passive
śū	1	primary	imperative	active
śū	1	primary	imperfect	active
śū	1	primary	optative	active
śū	1	primary	present	active
śū	2	causative	future	active,middle
śū	2	causative	imperative	active,middle,passive
śū	2	causative	imperfect	active,middle,passive
śū	2	causative	optative	active,middle,passive
śū	2	causative	periphrastic_future	active
śū	2	causative	present	active,middle,passive
śū	2	desiderative	future	active
śū	2	desiderative	imperative	active,passive
śū	2	desiderative	imperfect	active,passive
śū	2	desiderative	optative	active,passive
śū	2	desiderative	periphrastic_future	active
śū	2	desiderative	present	active,passive
śū	2	primary	aorist	active
śū	2	primary	benedictive	active
śū	2	primary	future	active
śū	2	primary	imperative	passive
śū	2	primary	imperfect	passive
śū	2	primary	optative	passive
śū	2	primary	perfect	active
śū	2	primary	periphrastic_future	active
śū	2	primary	present	passive
śū	5	primary	aorist	active
śū	5	primary	injunctive	active
śūra	11	primary	future	active,middle
śūra	11	primary	imperative	middle,passive
śūra	11	primary	imperfect	middle,passive
śūra	11	primary	optative	middle,passive
śūra	11	primary	periphrastic_future	active
śūra	11	primary	present	middle,passive
śṛdh	1	primary	benedictive	active
śṛdh	1	primary	future	active,middle
śṛdh	1	primary	imperative	active,middle
śṛdh	1	primary	imperfect	active,middle
śṛdh	1	primary	optative	active,middle
śṛdh	1	primary	perfect	active,middle
śṛdh	1	primary	periphrastic_future	active
śṛdh	1	primary	present	active,middle
śṛdh	2	primary	aorist	active
śṛdh	3	primary	aorist	active
śṛṅga	11	primary	future	active,middle
śṛṅga	11	primary	imperative	middle
śṛṅga	11	primary	imperfect	middle
śṛṅga	11	primary	optative	middle
śṛṅga	11	primary	periphrastic_future	active
śṛṅga	11	primary	present	middle
śṝ	1	primary	aorist	passive
śṝ	5	causative	future	active,middle
śṝ	5	causative	imperative	active,middle,passive
śṝ	5	causative	imperfect	active,middle,passive
śṝ	5	causative	optative	active,middle,passive
śṝ	5	causative	periphrastic_future	active
śṝ	5	causative	present	active,middle,passive
śṝ	5	desiderative	future	active
śṝ	5	desiderative	imperative	active,passive
śṝ	5	desiderative	imperfect	active,passive
śṝ	5	desiderative	optative	active,passive
śṝ	5	desiderative	periphrastic_future	active
śṝ	5	desiderative	present	active,passive
śṝ	5	primary	aorist	active,middle
śṝ	5	primary	benedictive	active
śṝ	5	primary	future	active,middle
śṝ	5	primary	imperative	passive
śṝ	5	primary	imperfect	passive
śṝ	5	primary	injunctive	active,middle
śṝ	5	primary	optative	passive
śṝ	5	primary	perfect	active,middle
śṝ	5	primary	periphrastic_future	active
śṝ	5	primary	present	passive
śṝ	9	primary	imperative	active,middle
śṝ	9	primary	imperfect	active,middle
śṝ	9	primary	optative	active,middle
śṝ	9	primary	present	active,middle
ūh	1	primary	benedictive	active
ūh	1	primary	future	active,middle
ūh	1	primary	imperative	active,middle,passive
ūh	1	primary	imperfect	active,middle,passive
ūh	1	primary	optative	active,middle,passive
ūh	1	primary	periphrastic_future	active
ūh	1	primary	present	active,middle,passive
ūh	5	primary	aorist	active,middle
ūh	5	primary	injunctive	active,middle
ūrj	10	primary	future	active,middle
ūrj	10	primary	imperative	active,middle,passive
ūrj	10	primary	imperfect	active,middle,passive
ūrj	10	primary	optative	active,middle,passive
ūrj	10	primary	periphrastic_future	active
ūrj	10	primary	present	active,middle,passive
ūṣman	11	primary	future	active,middle
ūṣman	11	primary	imperative	middle
ūṣman	11	primary	imperfect	middle
ūṣman	11	primary	optative	middle
ūṣman	11	primary	periphrastic_future	active
ūṣman	11	primary	present	middle
ḍamb	1	primary	benedictive	active
ḍamb	1	primary	future	middle
ḍamb	1	primary	imperative	middle,passive
ḍamb	1	primary	imperfect	middle,passive
ḍamb	1	primary	optative	middle,passive
ḍamb	1	primary	perfect	middle
ḍamb	1	primary	periphrastic_future	active
ḍamb	1	primary	present	middle,passive
ḍamb	10	primary	imperative	active
ḍamb	10	primary	imperfect	active
ḍamb	10	primary	optative	active
ḍamb	10	primary	present	active
ḍhauk	1	primary	benedictive	active
ḍhauk	1	primary	future	middle
ḍhauk	1	primary	imperative	middle,passive
ḍhauk	1	primary	imperfect	middle,passive
ḍhauk	1	primary	optative	middle,passive
ḍhauk	1	primary	perfect	middle
ḍhauk	1	primary	periphrastic_future	active
ḍhauk	1	primary	present	middle,passive
ḍī	1	primary	benedictive	active
ḍī	1	primary	future	middle
ḍī	1	primary	imperative	middle
ḍī	1	primary	imperfect	middle
ḍī	1	primary	optative	middle
ḍī	1	primary	perfect	middle
ḍī	1	primary	periphrastic_future	active
ḍī	1	primary	present	middle
ḍī	4	primary	imperative	middle
ḍī	4	primary	imperfect	middle
ḍī	4	primary	optative	middle
ḍī	4	primary	present	middle
ṛ	1	primary	imperative	active,middle
ṛ	1	primary	imperfect	active,middle
ṛ	1	primary	optative	active,middle
ṛ	1	primary	present	active,middle
ṛ	2	causative	future	active,middle
ṛ	2	causative	imperative	active,middle,passive
ṛ	2	causative	imperfect	active,middle,passive
ṛ	2	causative	optative	active,middle,passive
ṛ	2	causative	periphrastic_future	active
ṛ	2	causative	present	active,middle,passive
ṛ	2	desiderative	future	active
ṛ	2	desiderative	imperative	active,passive
ṛ	2	desiderative	imperfect	active,passive
ṛ	2	desiderative	optative	active,passive
ṛ	2	desiderative	periphrastic_future	active
ṛ	2	desiderative	present	active,passive
ṛ	2	primary	aorist	active
ṛ	2	primary	benedictive	active
ṛ	2	primary	future	active,middle
ṛ	2	primary	imperative	passive
ṛ	2	primary	imperfect	passive
ṛ	2	primary	optative	passive
ṛ	2	primary	perfect	active,middle
ṛ	2	primary	periphrastic_future	active
ṛ	2	primary	present	passive
ṛ	3	primary	imperative	active
ṛ	3	primary	imperfect	active
ṛ	3	primary	optative	active
ṛ	3	primary	present	active
ṛ	5	primary	imperative	active
ṛ	5	primary	imperfect	active
ṛ	5	primary	optative	active
ṛ	5	primary	present	active
ṛc	1	causative	future	active,middle
ṛc	1	causative	imperative	active,middle,passive
ṛc	1	causative	imperfect	active,middle
ṛc	1	causative	optative	active,middle,passive
ṛc	1	causative	periphrastic_future	active
ṛc	1	causative	present	active,middle,passive
ṛc	1	desiderative	future	active
ṛc	1	desiderative	imperative	active,passive
ṛc	1	desiderative	imperfect	active,passive
ṛc	1	desiderative	optative	active,passive
ṛc	1	desiderative	periphrastic_future	active
ṛc	1	desiderative	present	active,passive
ṛc	1	primary	benedictive	active
ṛc	1	primary	future	active
ṛc	1	primary	imperative	active,passive
ṛc	1	primary	imperfect	active,passive
ṛc	1	primary	optative	active,passive
ṛc	1	primary	perfect	active
ṛc	1	primary	periphrastic_future	active
ṛc	1	primary	present	active,passive
ṛc	3	primary	aorist	active,middle
ṛc	5	primary	aorist	active,middle
ṛc	5	primary	injunctive	active,middle
ṛdh	4	primary	imperative	active
ṛdh	4	primary	imperfect	active
ṛdh	4	primary	optative	active
ṛdh	4	primary	present	active
ṛdh	5	causative	future	active,middle
ṛdh	5	causative	imperative	active,middle,passive
ṛdh	5	causative	imperfect	active,middle
ṛdh	5	causative	optative	active,middle,passive
ṛdh	5	causative	periphrastic_future	active
ṛdh	5	causative	present	active,middle,passive
ṛdh	5	primary	benedictive	active
ṛdh	5	primary	future	active
ṛdh	5	primary	imperative	active,passive
ṛdh	5	primary	imperfect	active,passive
ṛdh	5	primary	optative	active,passive
ṛdh	5	primary	perfect	active
ṛdh	5	primary	periphrastic_future	active
ṛdh	5	primary	present	active,passive
ṛj	1	causative	future	active,middle
ṛj	1	causative	imperative	active,middle,passive
ṛj	1	causative	imperfect	active,middle,passive
ṛj	1	causative	optative	active,middle,passive
ṛj	1	causative	periphrastic_future	active
ṛj	1	causative	present	active,middle,passive
ṛj	1	primary	benedictive	active
ṛj	1	primary	future	active,middle
ṛj	1	primary	imperative	active,middle,passive
ṛj	1	primary	imperfect	active,middle
ṛj	1	primary	optative	active,middle,passive
ṛj	1	primary	perfect	active,middle
ṛj	1	primary	periphrastic_future	active
ṛj	1	primary	present	active,middle,passive
ṛj	6	primary	imperative	active,middle
ṛj	6	primary	imperfect	active,middle
ṛj	6	primary	optative	active,middle
ṛj	6	primary	present	active,middle
ṛta	11	primary	future	active,middle
ṛta	11	primary	imperative	active,middle,passive
ṛta	11	primary	imperfect	active,middle,passive
ṛta	11	primary	optative	active,middle,passive
ṛta	11	primary	periphrastic_future	active
ṛta	11	primary	present	active,middle,passive
ṛṣ	1	primary	benedictive	active
ṛṣ	1	primary	future	active
ṛṣ	1	primary	imperative	active,passive
ṛṣ	1	primary	imperfect	active,passive
ṛṣ	1	primary	optative	active,passive
ṛṣ	1	primary	perfect	active
ṛṣ	1	primary	periphrastic_future	active
ṛṣ	1	primary	present	active,passive
ṛṣ	5	primary	aorist	active
ṛṣ	6	primary	imperative	active
ṛṣ	6	primary	optative	active
ṛṣ	6	primary	present	active
ṣaṇḍha	11	primary	future	active,middle
ṣaṇḍha	11	primary	imperative	active,passive
ṣaṇḍha	11	primary	imperfect	active,passive
ṣaṇḍha	11	primary	optative	active,passive
ṣaṇḍha	11	primary	periphrastic_future	active
ṣaṇḍha	11	primary	present	active,passive
ṣṭhīv	1	primary	future	active
ṣṭhīv	1	primary	imperative	active,passive
ṣṭhīv	1	primary	imperfect	active,passive
ṣṭhīv	1	primary	optative	active,passive
ṣṭhīv	1	primary	perfect	active
ṣṭhīv	1	primary	periphrastic_future	active
ṣṭhīv	1	primary	present	active,passive
ṣṭhīv	4	primary	imperative	active
ṣṭhīv	4	primary	imperfect	active
ṣṭhīv	4	primary	optative	active
ṣṭhīv	4	primary	present	active
