stem,root,class,mode,voice,modification,stem_IAST,root_IAST
aMSanIya,aMS,,fut,pass,,aṃśanīya,aṃś
aMSayat,aMS,10,pres,para,,aṃśayat,aṃś
aMSayamAna,aMS,10,pres,atma,,aṃśayamāna,aṃś
aMSayitavya,aMS,,fut,pass,,aṃśayitavya,aṃś
aMSayizyat,aMS,,fut,para,,aṃśayiṣyat,aṃś
aMSayizyamAna,aMS,,fut,atma,,aṃśayiṣyamāna,aṃś
aMSitavat,aMS,,past,active,,aṃśitavat,aṃś
aMSita,aMS,,past,pass,,aṃśita,aṃś
aMSyamAna,aMS,,pres,pass,,aṃśyamāna,aṃś
aMSya,aMS,,fut,pass,,aṃśya,aṃś
aktavat,aj,,past,active,,aktavat,aj
aktavat,aYc,,past,active,,aktavat,añc
aktavat,aYj,,past,active,,aktavat,añj
aktavya,aj,,fut,pass,,aktavya,aj
akta,aj,,past,pass,,akta,aj
akta,aYc,,past,pass,,akta,añc
akta,aYj,,past,pass,,akta,añj
aknavat,aYc,,past,active,,aknavat,añc
akna,aYc,,past,pass,,akna,añc
akzaRIya,akz,,fut,pass,,akṣaṇīya,akṣ
akzat,akz,1,pres,para,,akṣat,akṣ
akzamAna,akz,1,pres,atma,,akṣamāna,akṣ
akzitavya,akz,,fut,pass,,akṣitavya,akṣ
akzizyat,akz,,fut,para,,akṣiṣyat,akṣ
akzizyamAna,akz,,fut,atma,,akṣiṣyamāna,akṣ
akzyat,akz,,fut,para,,akṣyat,akṣ
akzyat,aj,,fut,para,,akṣyat,aj
akzyat,aS#1,,fut,para,,akṣyat,aś#1
akzyat,aS#2,,fut,para,,akṣyat,aś#2
akzyamAna,akz,,fut,atma,,akṣyamāna,akṣ
akzyamAna,akz,,pres,pass,,akṣyamāna,akṣ
akzyamAna,aj,,fut,atma,,akṣyamāna,aj
akzyamAna,aS#1,,fut,atma,,akṣyamāna,aś#1
akzyamAna,aS#2,,fut,atma,,akṣyamāna,aś#2
akzya,akz,,fut,pass,,akṣya,akṣ
aGatavat,aGa#2,,past,active,,aghatavat,agha#2
aGata,aGa#2,,past,pass,,aghata,agha#2
aGaya,aGa#2,,fut,pass,,aghaya,agha#2
aGAnIya,aGa#2,,fut,pass,,aghānīya,agha#2
aGAyat,aGa#2,10,pres,para,,aghāyat,agha#2
aGAyamAna,aGa#2,10,pres,atma,,aghāyamāna,agha#2
aGAyamAna,aGa#2,,pres,pass,,aghāyamāna,agha#2
aGAyitavya,aGa#2,,fut,pass,,aghāyitavya,agha#2
aGAyizyat,aGa#2,,fut,para,,aghāyiṣyat,agha#2
aGAyizyamAna,aGa#2,,fut,atma,,aghāyiṣyamāna,agha#2
aNkanIya,aNk,,fut,pass,,aṅkanīya,aṅk
aNkayat,aNk,10,pres,para,,aṅkayat,aṅk
aNkayamAna,aNk,10,pres,atma,,aṅkayamāna,aṅk
aNkayitavya,aNk,,fut,pass,,aṅkayitavya,aṅk
aNkayizyat,aNk,,fut,para,,aṅkayiṣyat,aṅk
aNkayizyamAna,aNk,,fut,atma,,aṅkayiṣyamāna,aṅk
aNkitavat,aNk,,past,active,,aṅkitavat,aṅk
aNkita,aNk,,past,pass,,aṅkita,aṅk
aNktavya,aYc,,fut,pass,,aṅktavya,añc
aNktavya,aYj,,fut,pass,,aṅktavya,añj
aNkyamAna,aNk,,pres,pass,,aṅkyamāna,aṅk
aNkya,aNk,,fut,pass,,aṅkya,aṅk
aNkzyat,aNg,,fut,para,,aṅkṣyat,aṅg
aNkzyat,aYc,,fut,para,,aṅkṣyat,añc
aNkzyat,aYj,,fut,para,,aṅkṣyat,añj
aNkzyamAna,aNg,,fut,atma,,aṅkṣyamāna,aṅg
aNkzyamAna,aYc,,fut,atma,,aṅkṣyamāna,añc
aNkzyamAna,aYj,,fut,atma,,aṅkṣyamāna,añj
aNKanIya,aNK,,fut,pass,,aṅkhanīya,aṅkh
aNKayat,aNK,10,pres,para,,aṅkhayat,aṅkh
aNKayamAna,aNK,10,pres,atma,,aṅkhayamāna,aṅkh
aNKayitavya,aNK,,fut,pass,,aṅkhayitavya,aṅkh
aNKayizyat,aNK,,fut,para,,aṅkhayiṣyat,aṅkh
aNKayizyamAna,aNK,,fut,atma,,aṅkhayiṣyamāna,aṅkh
aNKitavat,aNK,,past,active,,aṅkhitavat,aṅkh
aNKita,aNK,,past,pass,,aṅkhita,aṅkh
aNKyamAna,aNK,,pres,pass,,aṅkhyamāna,aṅkh
aNKya,aNK,,fut,pass,,aṅkhya,aṅkh
aNgat,aNg,1,pres,para,,aṅgat,aṅg
aNganIya,aNg,,fut,pass,,aṅganīya,aṅg
aNgamAna,aNg,1,pres,atma,,aṅgamāna,aṅg
aNgitavat,aNg,,past,active,,aṅgitavat,aṅg
aNgita,aNg,,past,pass,,aṅgita,aṅg
aNgtavya,aNg,,fut,pass,,aṅgtavya,aṅg
aNgyamAna,aNg,,pres,pass,,aṅgyamāna,aṅg
aNgya,aNg,,fut,pass,,aṅgya,aṅg
acat,aYc,1,pres,para,,acat,añc
acamAna,aYc,1,pres,atma,,acamāna,añc
acyamAna,aYc,,pres,pass,,acyamāna,añc
ajat,aj,1,pres,para,,ajat,aj
ajanIya,aj,,fut,pass,,ajanīya,aj
ajamAna,aj,1,pres,atma,,ajamāna,aj
ajiratavat,ajira#2,,past,active,,ajiratavat,ajira#2
ajirata,ajira#2,,past,pass,,ajirata,ajira#2
ajiraya,ajira#2,,fut,pass,,ajiraya,ajira#2
ajirARIya,ajira#2,,fut,pass,,ajirāṇīya,ajira#2
ajirAyat,ajira#2,10,pres,para,,ajirāyat,ajira#2
ajirAyamAna,ajira#2,10,pres,atma,,ajirāyamāna,ajira#2
ajirAyamAna,ajira#2,,pres,pass,,ajirāyamāna,ajira#2
ajirAyitavya,ajira#2,,fut,pass,,ajirāyitavya,ajira#2
ajirAyizyat,ajira#2,,fut,para,,ajirāyiṣyat,ajira#2
ajirAyizyamAna,ajira#2,,fut,atma,,ajirāyiṣyamāna,ajira#2
ajyamAna,aj,,pres,pass,,ajyamāna,aj
ajyamAna,aYj,,pres,pass,,ajyamāna,añj
ajya,aj,,fut,pass,,ajya,aj
aYcat,aYc,1,pres,para,,añcat,añc
aYcanIya,aYc,,fut,pass,,añcanīya,añc
aYcanIya,aYc,,fut,pass,caus,añcanīya,añc
aYcamAna,aYc,1,pres,atma,,añcamāna,añc
aYcayat,aYc,,pres,para,caus,añcayat,añc
aYcayamAna,aYc,,pres,atma,caus,añcayamāna,añc
aYcayitavya,aYc,,fut,pass,caus,añcayitavya,añc
aYcayizyat,aYc,,fut,para,caus,añcayiṣyat,añc
aYcayizyamAna,aYc,,fut,atma,,añcayiṣyamāna,añc
aYcayizyamAna,aYc,,fut,atma,caus,añcayiṣyamāna,añc
aYcitavat,aYc,,past,active,,añcitavat,añc
aYcitavat,aYc,,past,active,caus,añcitavat,añc
aYcita,aYc,,past,pass,,añcita,añc
aYcita,aYc,,past,pass,caus,añcita,añc
aYcyamAna,aYc,,pres,pass,caus,añcyamāna,añc
aYcya,aYc,,fut,pass,,añcya,añc
aYcya,aYc,,fut,pass,caus,añcya,añc
aYjat,aYj,7,pres,para,,añjat,añj
aYjanIya,aYj,,fut,pass,,añjanīya,añj
aYjanIya,aYj,,fut,pass,caus,añjanīya,añj
aYjayat,aYj,,pres,para,caus,añjayat,añj
aYjayamAna,aYj,,pres,atma,caus,añjayamāna,añj
aYjayitavya,aYj,,fut,pass,caus,añjayitavya,añj
aYjayizyat,aYj,,fut,para,caus,añjayiṣyat,añj
aYjayizyamAna,aYj,,fut,atma,,añjayiṣyamāna,añj
aYjayizyamAna,aYj,,fut,atma,caus,añjayiṣyamāna,añj
aYjAna,aYj,7,pres,atma,,añjāna,añj
aYjitavat,aYj,,past,active,caus,añjitavat,añj
aYjita,aYj,,past,pass,caus,añjita,añj
aYjyamAna,aYj,,pres,pass,caus,añjyamāna,añj
aYjya,aYj,,fut,pass,,añjya,añj
aYjya,aYj,,fut,pass,caus,añjya,añj
awat,aw,1,pres,para,,aṭat,aṭ
awanIya,aw,,fut,pass,,aṭanīya,aṭ
awamAna,aw,1,pres,atma,,aṭamāna,aṭ
awitavat,aw,,past,active,,aṭitavat,aṭ
awita,aw,,past,pass,,aṭita,aṭ
awwavya,aw,,fut,pass,,aṭṭavya,aṭ
awyamAna,aw,,pres,pass,,aṭyamāna,aṭ
awya,aw,,fut,pass,,aṭya,aṭ
awsyat,aw,,fut,para,,aṭsyat,aṭ
awsyamAna,aw,,fut,atma,,aṭsyamāna,aṭ
atat,at,1,pres,para,,atat,at
atanIya,at,,fut,pass,,atanīya,at
atamAna,at,1,pres,atma,,atamāna,at
atitavat,at,,past,active,,atitavat,at
atita,at,,past,pass,,atita,at
attavat,ad#1,,past,active,,attavat,ad#1
attavya,at,,fut,pass,,attavya,at
attavya,ad#1,,fut,pass,,attavya,ad#1
atta,ad#1,,past,pass,,atta,ad#1
atyamAna,at,,pres,pass,,atyamāna,at
atya,at,,fut,pass,,atya,at
atsyat,at,,fut,para,,atsyat,at
atsyat,ad#1,,fut,para,,atsyat,ad#1
atsyamAna,at,,fut,atma,,atsyamāna,at
atsyamAna,ad#1,,fut,atma,,atsyamāna,ad#1
adat,ad#1,2,pres,para,,adat,ad#1
adanIya,ad#1,,fut,pass,,adanīya,ad#1
adAna,ad#1,2,pres,atma,,adāna,ad#1
adyamAna,ad#1,,pres,pass,,adyamāna,ad#1
adya,ad#1,,fut,pass,,adya,ad#1
aDvaraRIya,aDvar,,fut,pass,,adhvaraṇīya,adhvar
aDvartavat,aDvar,,past,active,,adhvartavat,adhvar
aDvarta,aDvar,,past,pass,,adhvarta,adhvar
aDvaryat,aDvar,10,pres,para,,adhvaryat,adhvar
aDvaryamAna,aDvar,10,pres,atma,,adhvaryamāna,adhvar
aDvarya,aDvar,,fut,pass,,adhvarya,adhvar
aDvaryitavya,aDvar,,fut,pass,,adhvaryitavya,adhvar
aDvaryizyat,aDvar,,fut,para,,adhvaryiṣyat,adhvar
aDvaryizyamAna,aDvar,,fut,atma,,adhvaryiṣyamāna,adhvar
anaMSAna,aMS,,perf,atma,,anaṃśāna,aṃś
anaMSvas,aMS,,perf,para,,anaṃśvas,aṃś
anaGavas,aGa#2,,perf,para,,anaghavas,agha#2
anaGAna,aGa#2,,perf,atma,,anaghāna,agha#2
anaNkAna,aNk,,perf,atma,,anaṅkāna,aṅk
anaNkvas,aNk,,perf,para,,anaṅkvas,aṅk
anaNKAna,aNK,,perf,atma,,anaṅkhāna,aṅkh
anaNKvas,aNK,,perf,para,,anaṅkhvas,aṅkh
anaNgAna,aNg,,perf,atma,,anaṅgāna,aṅg
anaNgvas,aNg,,perf,para,,anaṅgvas,aṅg
anajiravas,ajira#2,,perf,para,,anajiravas,ajira#2
anajirARa,ajira#2,,perf,atma,,anajirāṇa,ajira#2
anaDvarARa,aDvar,,perf,atma,,anadhvarāṇa,adhvar
anaDvarvas,aDvar,,perf,para,,anadhvarvas,adhvar
anat,an#2,2,pres,para,,anat,an#2
ananinizvas,an#2,,perf,para,desid,ananiniṣvas,an#2
anamitrARa,amitr,,perf,atma,,anamitrāṇa,amitr
anamitrvas,amitr,,perf,para,,anamitrvas,amitr
anarcicizvas,fc#1,,perf,para,desid,anarciciṣvas,ṛc#1
anarTAna,arT,,perf,atma,,anarthāna,arth
anarTvas,arT,,perf,para,,anarthvas,arth
anardAna,ard,,perf,atma,,anardāna,ard
anardvas,ard,,perf,para,,anardvas,ard
anarhARa,arh,,perf,atma,,anarhāṇa,arh
anarhvas,arh,,perf,para,,anarhvas,arh
anaSanAna,aSan,,perf,atma,,anaśanāna,aśan
anaSanvas,aSan,,perf,para,,anaśanvas,aśan
anasUvas,asU,,perf,para,,anasūvas,asū
anasvAna,asU,,perf,atma,,anasvāna,asū
anAna,an#2,2,pres,atma,,anāna,an#2
anitavat,an#2,,past,active,,anitavat,an#2
anita,an#2,,past,pass,,anita,an#2
aninizaRIya,an#2,,fut,pass,desid,aniniṣaṇīya,an#2
aninizat,an#2,,pres,para,desid,aniniṣat,an#2
aninizitavat,an#2,,past,active,desid,aniniṣitavat,an#2
aninizita,an#2,,past,pass,desid,aniniṣita,an#2
anizyat,an#2,,fut,para,,aniṣyat,an#2
anizyamAna,an#2,,fut,atma,,aniṣyamāna,an#2
amat,am,2,pres,para,,amat,am
amat,am,1,pres,para,,amat,am
amamAna,am,1,pres,atma,,amamāna,am
amAna,am,2,pres,atma,,amāna,am
amitavat,am,,past,active,,amitavat,am
amita,am,,past,pass,,amita,am
amitrayat,amitr,10,pres,para,,amitrayat,amitr
amitrayamAna,amitr,10,pres,atma,,amitrayamāna,amitr
amitrayitavya,amitr,,fut,pass,,amitrayitavya,amitr
amitrayizyat,amitr,,fut,para,,amitrayiṣyat,amitr
amitrayizyamAna,amitr,,fut,atma,,amitrayiṣyamāna,amitr
amitritavat,amitr,,past,active,,amitritavat,amitr
amitrita,amitr,,past,pass,,amitrita,amitr
amitryamAna,amitr,,pres,pass,,amitryamāna,amitr
amItavya,am,,fut,pass,,amītavya,am
amIzyat,am,,fut,para,,amīṣyat,am
amIzyamAna,am,,fut,atma,,amīṣyamāna,am
ametraRIya,amitr,,fut,pass,,ametraṇīya,amitr
ametrya,amitr,,fut,pass,,ametrya,amitr
amyanIya,am,,fut,pass,,amyanīya,am
amyamAna,am,,pres,pass,,amyamāna,am
amya,am,,fut,pass,,amya,am
ayat,i,1,pres,para,,ayat,i
ayanIya,i,,fut,pass,,ayanīya,i
ayamAna,i,1,pres,atma,,ayamāna,i
araRIya,f,,fut,pass,,araṇīya,ṛ
arARa,f,,perf,atma,,arāṇa,ṛ
arivas,f,,perf,para,,arivas,ṛ
arizyat,f,,fut,para,,ariṣyat,ṛ
arizyamAna,f,,fut,atma,,ariṣyamāna,ṛ
arkzyat,arh,,fut,para,,arkṣyat,arh
arkzyat,fz,,fut,para,,arkṣyat,ṛṣ
arkzyamAna,arh,,fut,atma,,arkṣyamāna,arh
arkzyamAna,fz,,fut,atma,,arkṣyamāna,ṛṣ
arcat,fc#1,1,pres,para,,arcat,ṛc#1
arcanIya,fc#1,,fut,pass,,arcanīya,ṛc#1
arcanIya,fc#1,,fut,pass,caus,arcanīya,ṛc#1
arcamAna,fc#1,1,pres,atma,,arcamāna,ṛc#1
arcayat,fc#1,,pres,para,caus,arcayat,ṛc#1
arcayamAna,fc#1,,pres,atma,caus,arcayamāna,ṛc#1
arcayitavya,fc#1,,fut,pass,caus,arcayitavya,ṛc#1
arcayizyat,fc#1,,fut,para,caus,arcayiṣyat,ṛc#1
arcayizyamAna,fc#1,,fut,atma,,arcayiṣyamāna,ṛc#1
arcayizyamAna,fc#1,,fut,atma,caus,arcayiṣyamāna,ṛc#1
arcicizaRIya,fc#1,,fut,pass,desid,arciciṣaṇīya,ṛc#1
arcicizat,fc#1,,pres,para,desid,arciciṣat,ṛc#1
arcicizitavat,fc#1,,past,active,desid,arciciṣitavat,ṛc#1
arcicizita,fc#1,,past,pass,desid,arciciṣita,ṛc#1
arcitavat,fc#1,,past,active,,arcitavat,ṛc#1
arcitavat,fc#1,,past,active,caus,arcitavat,ṛc#1
arcitavya,fc#1,,fut,pass,,arcitavya,ṛc#1
arcita,fc#1,,past,pass,,arcita,ṛc#1
arcita,fc#1,,past,pass,caus,arcita,ṛc#1
arcizyat,fc#1,,fut,para,,arciṣyat,ṛc#1
arcizyamAna,fc#1,,fut,atma,,arciṣyamāna,ṛc#1
arcyamAna,fc#1,,pres,pass,caus,arcyamāna,ṛc#1
arcya,fc#1,,fut,pass,caus,arcya,ṛc#1
arjat,fj,1,pres,para,,arjat,ṛj
arjanIya,fj,,fut,pass,caus,arjanīya,ṛj
arjanIya,fj,,fut,pass,,arjanīya,ṛj
arjamAna,fj,1,pres,atma,,arjamāna,ṛj
arjayat,fj,,pres,para,caus,arjayat,ṛj
arjayamAna,fj,,pres,atma,caus,arjayamāna,ṛj
arjayitavya,fj,,fut,pass,caus,arjayitavya,ṛj
arjayizyat,fj,,fut,para,caus,arjayiṣyat,ṛj
arjayizyamAna,fj,,fut,atma,,arjayiṣyamāna,ṛj
arjayizyamAna,fj,,fut,atma,caus,arjayiṣyamāna,ṛj
arjitavat,fj,,past,active,caus,arjitavat,ṛj
arjitavat,fj,,past,active,,arjitavat,ṛj
arjitavya,fj,,fut,pass,,arjitavya,ṛj
arjita,fj,,past,pass,caus,arjita,ṛj
arjita,fj,,past,pass,,arjita,ṛj
arjizyat,fj,,fut,para,,arjiṣyat,ṛj
arjizyamAna,fj,,fut,atma,,arjiṣyamāna,ṛj
arjyamAna,fj,,pres,pass,caus,arjyamāna,ṛj
arjya,fj,,fut,pass,caus,arjya,ṛj
arQavya,arh,,fut,pass,,arḍhavya,arh
artavya,f,,fut,pass,,artavya,ṛ
arttavya,ard,,fut,pass,,arttavya,ard
artsyat,ard,,fut,para,,artsyat,ard
artsyamAna,ard,,fut,atma,,artsyamāna,ard
arTanIya,arT,,fut,pass,,arthanīya,arth
arTayat,arT,10,pres,para,,arthayat,arth
arTayamAna,arT,10,pres,atma,,arthayamāna,arth
arTayitavya,arT,,fut,pass,,arthayitavya,arth
arTayizyat,arT,,fut,para,,arthayiṣyat,arth
arTayizyamAna,arT,,fut,atma,,arthayiṣyamāna,arth
arTitavat,arT,,past,active,,arthitavat,arth
arTita,arT,,past,pass,,arthita,arth
arTyamAna,arT,,pres,pass,,arthyamāna,arth
arTya,arT,,fut,pass,,arthya,arth
ardat,ard,1,pres,para,,ardat,ard
ardanIya,ard,,fut,pass,,ardanīya,ard
ardamAna,ard,1,pres,atma,,ardamāna,ard
arditavat,ard,,past,active,,arditavat,ard
ardita,ard,,past,pass,,ardita,ard
ardyamAna,ard,,pres,pass,,ardyamāna,ard
ardya,ard,,fut,pass,,ardya,ard
arDanIya,fD,,fut,pass,,ardhanīya,ṛdh
arDanIya,fD,,fut,pass,caus,ardhanīya,ṛdh
arDayat,fD,,pres,para,caus,ardhayat,ṛdh
arDayamAna,fD,,pres,atma,caus,ardhayamāna,ṛdh
arDayitavya,fD,,fut,pass,caus,ardhayitavya,ṛdh
arDayizyat,fD,,fut,para,caus,ardhayiṣyat,ṛdh
arDayizyamAna,fD,,fut,atma,,ardhayiṣyamāna,ṛdh
arDayizyamAna,fD,,fut,atma,caus,ardhayiṣyamāna,ṛdh
arDitavat,fD,,past,active,caus,ardhitavat,ṛdh
arDitavya,fD,,fut,pass,,ardhitavya,ṛdh
arDita,fD,,past,pass,caus,ardhita,ṛdh
arDizyat,fD,,fut,para,,ardhiṣyat,ṛdh
arDizyamAna,fD,,fut,atma,,ardhiṣyamāna,ṛdh
arDyamAna,fD,,pres,pass,caus,ardhyamāna,ṛdh
arDya,fD,,fut,pass,caus,ardhya,ṛdh
arpaRIya,f,,fut,pass,caus,arpaṇīya,ṛ
arpayat,f,,pres,para,caus,arpayat,ṛ
arpayamAna,f,,pres,atma,caus,arpayamāna,ṛ
arpayitavya,f,,fut,pass,caus,arpayitavya,ṛ
arpayizyat,f,,fut,para,caus,arpayiṣyat,ṛ
arpayizyamAna,f,,fut,atma,,arpayiṣyamāna,ṛ
arpayizyamAna,f,,fut,atma,caus,arpayiṣyamāna,ṛ
arpitavat,f,,past,active,caus,arpitavat,ṛ
arpita,f,,past,pass,caus,arpita,ṛ
arpyamAna,f,,pres,pass,caus,arpyamāna,ṛ
arpya,f,,fut,pass,caus,arpya,ṛ
aryamAna,f,,pres,pass,,aryamāna,ṛ
arzaRIya,fz,,fut,pass,,arṣaṇīya,ṛṣ
arzat,fz,1,pres,para,,arṣat,ṛṣ
arzamAna,fz,1,pres,atma,,arṣamāna,ṛṣ
arzwavya,fz,,fut,pass,,arṣṭavya,ṛṣ
arhaRIya,arh,,fut,pass,,arhaṇīya,arh
arhaRIya,arh,,fut,pass,caus,arhaṇīya,arh
arhat,arh,1,pres,para,,arhat,arh
arhamAna,arh,1,pres,atma,,arhamāna,arh
arhayat,arh,,pres,para,caus,arhayat,arh
arhayamAna,arh,,pres,atma,caus,arhayamāna,arh
arhayitavya,arh,,fut,pass,caus,arhayitavya,arh
arhayizyat,arh,,fut,para,caus,arhayiṣyat,arh
arhayizyamAna,arh,,fut,atma,,arhayiṣyamāna,arh
arhayizyamAna,arh,,fut,atma,caus,arhayiṣyamāna,arh
arhitavat,arh,,past,active,,arhitavat,arh
arhitavat,arh,,past,active,caus,arhitavat,arh
arhita,arh,,past,pass,,arhita,arh
arhita,arh,,past,pass,caus,arhita,arh
arhyamAna,arh,,pres,pass,,arhyamāna,arh
arhyamAna,arh,,pres,pass,caus,arhyamāna,arh
arhya,arh,,fut,pass,,arhya,arh
arhya,arh,,fut,pass,caus,arhya,arh
avat,av,1,pres,para,,avat,av
avanIya,av,,fut,pass,,avanīya,av
avamAna,av,1,pres,atma,,avamāna,av
avitavat,av,,past,active,,avitavat,av
avitavya,av,,fut,pass,,avitavya,av
avita,av,,past,pass,,avita,av
avizyat,av,,fut,para,,aviṣyat,av
avizyamAna,av,,fut,atma,,aviṣyamāna,av
avyamAna,av,,pres,pass,,avyamāna,av
avya,av,,fut,pass,,avya,av
aSananIya,aSan,,fut,pass,,aśananīya,aśan
aSanayizyat,aSan,,fut,para,,aśanayiṣyat,aśan
aSanayizyamAna,aSan,,fut,atma,,aśanayiṣyamāna,aśan
aSanAyat,aSan,10,pres,para,,aśanāyat,aśan
aSanAyamAna,aSan,10,pres,atma,,aśanāyamāna,aśan
aSanAyitavya,aSan,,fut,pass,,aśanāyitavya,aśan
aSanIya,aS#1,,fut,pass,,aśanīya,aś#1
aSanIya,aS#2,,fut,pass,,aśanīya,aś#2
aSantavat,aSan,,past,active,,aśantavat,aśan
aSanta,aSan,,past,pass,,aśanta,aśan
aSanyamAna,aSan,,pres,pass,,aśanyamāna,aśan
aSanya,aSan,,fut,pass,,aśanya,aśan
aSitavat,aS#2,,past,active,,aśitavat,aś#2
aSita,aS#2,,past,pass,,aśita,aś#2
aSnat,aS#2,9,pres,para,,aśnat,aś#2
aSnAna,aS#2,9,pres,atma,,aśnāna,aś#2
aSnuvat,aS#1,5,pres,para,,aśnuvat,aś#1
aSnvAna,aS#1,5,pres,atma,,aśnvāna,aś#1
aSyamAna,aS#1,,pres,pass,,aśyamāna,aś#1
aSyamAna,aS#2,,pres,pass,,aśyamāna,aś#2
aSya,aS#1,,fut,pass,,aśya,aś#1
aSya,aS#2,,fut,pass,,aśya,aś#2
azwavat,aS#1,,past,active,,aṣṭavat,aś#1
azwavya,akz,,fut,pass,,aṣṭavya,akṣ
azwavya,aS#1,,fut,pass,,aṣṭavya,aś#1
azwavya,aS#2,,fut,pass,,aṣṭavya,aś#2
azwa,aS#1,,past,pass,,aṣṭa,aś#1
asat,as#2,1,pres,para,,asat,as#2
asanIya,as#2,,fut,pass,,asanīya,as#2
asamAna,as#2,1,pres,atma,,asamāna,as#2
asavanIya,asU,,fut,pass,,asavanīya,asū
asitavya,as#2,,fut,pass,,asitavya,as#2
asizyat,as#2,,fut,para,,asiṣyat,as#2
asizyamAna,as#2,,fut,atma,,asiṣyamāna,as#2
asUtavat,asU,,past,active,,asūtavat,asū
asUta,asU,,past,pass,,asūta,asū
asUyat,asU,10,pres,para,,asūyat,asū
asUyamAna,asU,10,pres,atma,,asūyamāna,asū
asUyitavya,asU,,fut,pass,,asūyitavya,asū
asUyizyat,asU,,fut,para,,asūyiṣyat,asū
asUyizyamAna,asU,,fut,atma,,asūyiṣyamāna,asū
asoya,asU,,fut,pass,,asoya,asū
astavat,as#2,,past,active,,astavat,as#2
asta,as#2,,past,pass,,asta,as#2
asyat,as#2,4,pres,para,,asyat,as#2
asyamAna,as#2,4,pres,atma,,asyamāna,as#2
asyamAna,as#2,,pres,pass,,asyamāna,as#2
asya,as#2,,fut,pass,,asya,as#2
Akulayat,Akul,10,pres,para,,ākulayat,ākul
AkulayamAna,Akul,10,pres,atma,,ākulayamāna,ākul
Akulayitavya,Akul,,fut,pass,,ākulayitavya,ākul
Akulayizyat,Akul,,fut,para,,ākulayiṣyat,ākul
AkulayizyamAna,Akul,,fut,atma,,ākulayiṣyamāna,ākul
AkulAna,Akul,,perf,atma,,ākulāna,ākul
Akulitavat,Akul,,past,active,,ākulitavat,ākul
Akulita,Akul,,past,pass,,ākulita,ākul
AkulyamAna,Akul,,pres,pass,,ākulyamāna,ākul
Akulvas,Akul,,perf,para,,ākulvas,ākul
AkolanIya,Akul,,fut,pass,,ākolanīya,ākul
Akolya,Akul,,fut,pass,,ākolya,ākul
AjAna,aj,,perf,atma,,ājāna,aj
Ajivas,aj,,perf,para,,ājivas,aj
AwAna,aw,,perf,atma,,āṭāna,aṭ
Awivas,aw,,perf,para,,āṭivas,aṭ
AtAna,at,,perf,atma,,ātāna,at
Ativas,at,,perf,para,,ātivas,at
AdanIya,ad#1,,fut,pass,caus,ādanīya,ad#1
Adayat,ad#1,,pres,para,caus,ādayat,ad#1
AdayamAna,ad#1,,pres,atma,caus,ādayamāna,ad#1
Adayitavya,ad#1,,fut,pass,caus,ādayitavya,ad#1
Adayizyat,ad#1,,fut,para,caus,ādayiṣyat,ad#1
AdayizyamAna,ad#1,,fut,atma,,ādayiṣyamāna,ad#1
AdayizyamAna,ad#1,,fut,atma,caus,ādayiṣyamāna,ad#1
AdAna,ad#1,,perf,atma,,ādāna,ad#1
Aditavat,ad#1,,past,active,caus,āditavat,ad#1
Adita,ad#1,,past,pass,caus,ādita,ad#1
Adivas,ad#1,,perf,para,,ādivas,ad#1
AdyamAna,ad#1,,pres,pass,caus,ādyamāna,ad#1
Adya,ad#1,,fut,pass,caus,ādya,ad#1
AnakzARa,akz,,perf,atma,,ānakṣāṇa,akṣ
Anakzvas,akz,,perf,para,,ānakṣvas,akṣ
AnaYcAna,aYc,,perf,atma,,ānañcāna,añc
AnaYcvas,aYc,,perf,para,,ānañcvas,añc
AnaYjAna,aYj,,perf,atma,,ānañjāna,añj
AnaYjvas,aYj,,perf,para,,ānañjvas,añj
AnanIya,an#2,,fut,pass,caus,ānanīya,an#2
Anayat,an#2,,pres,para,caus,ānayat,an#2
AnayamAna,an#2,,pres,atma,caus,ānayamāna,an#2
Anayizyat,an#2,,fut,para,caus,ānayiṣyat,an#2
AnayizyamAna,an#2,,fut,atma,,ānayiṣyamāna,an#2
AnayizyamAna,an#2,,fut,atma,caus,ānayiṣyamāna,an#2
AnAna,an#2,,perf,atma,,ānāna,an#2
Anitavat,an#2,,past,active,caus,ānitavat,an#2
Anitavat,am,,past,active,,ānitavat,am
Anita,an#2,,past,pass,caus,ānita,an#2
Anita,am,,past,pass,,ānita,am
Anivas,an#2,,perf,para,,ānivas,an#2
AnfcAna,fc#1,,perf,atma,,ānṛcāna,ṛc#1
Anfcvas,fc#1,,perf,para,,ānṛcvas,ṛc#1
AnfDAna,fD,,perf,atma,,ānṛdhāna,ṛdh
AnfDvas,fD,,perf,para,,ānṛdhvas,ṛdh
AnfzARa,fz,,perf,atma,,ānṛṣāṇa,ṛṣ
Anfzvas,fz,,perf,para,,ānṛṣvas,ṛṣ
AnyamAna,an#2,,pres,pass,caus,ānyamāna,an#2
Anya,an#2,,fut,pass,caus,ānya,an#2
ApanIya,Ap,,fut,pass,,āpanīya,āp
ApanIya,Ap,,fut,pass,caus,āpanīya,āp
Apayat,Ap,,pres,para,caus,āpayat,āp
ApayamAna,Ap,,pres,atma,caus,āpayamāna,āp
Apayitavya,Ap,,fut,pass,caus,āpayitavya,āp
Apayizyat,Ap,,fut,para,caus,āpayiṣyat,āp
ApayizyamAna,Ap,,fut,atma,,āpayiṣyamāna,āp
ApayizyamAna,Ap,,fut,atma,caus,āpayiṣyamāna,āp
ApAna,Ap,,perf,atma,,āpāna,āp
Apitavat,Ap,,past,active,caus,āpitavat,āp
Apita,Ap,,past,pass,caus,āpita,āp
Apivas,Ap,,perf,para,,āpivas,āp
Aptavat,Ap,,past,active,,āptavat,āp
Aptavya,Ap,,fut,pass,,āptavya,āp
Apta,Ap,,past,pass,,āpta,āp
Apnuvat,Ap,5,pres,para,,āpnuvat,āp
ApnvAna,Ap,5,pres,atma,,āpnvāna,āp
ApyamAna,Ap,,pres,pass,,āpyamāna,āp
ApyamAna,Ap,,pres,pass,caus,āpyamāna,āp
Apya,Ap,,fut,pass,,āpya,āp
Apya,Ap,,fut,pass,caus,āpya,āp
Apsyat,Ap,,fut,para,,āpsyat,āp
ApsyamAna,Ap,,fut,atma,,āpsyamāna,āp
AmanIya,am,,fut,pass,caus,āmanīya,am
Amayat,am,,pres,para,caus,āmayat,am
AmayamAna,am,,pres,atma,caus,āmayamāna,am
Amayitavya,am,,fut,pass,caus,āmayitavya,am
Amayizyat,am,,fut,para,caus,āmayiṣyat,am
AmayizyamAna,am,,fut,atma,,āmayiṣyamāna,am
AmayizyamAna,am,,fut,atma,caus,āmayiṣyamāna,am
AmAna,am,,perf,atma,,āmāna,am
Amitavat,am,,past,active,caus,āmitavat,am
Amita,am,,past,pass,caus,āmita,am
Amivas,am,,perf,para,,āmivas,am
AmyamAna,am,,pres,pass,caus,āmyamāna,am
Amya,am,,fut,pass,caus,āmya,am
Arya,f,,fut,pass,,ārya,ṛ
AvanIya,av,,fut,pass,caus,āvanīya,av
Avayat,av,,pres,para,caus,āvayat,av
AvayamAna,av,,pres,atma,caus,āvayamāna,av
Avayitavya,av,,fut,pass,caus,āvayitavya,av
Avayizyat,av,,fut,para,caus,āvayiṣyat,av
AvayizyamAna,av,,fut,atma,,āvayiṣyamāna,av
AvayizyamAna,av,,fut,atma,caus,āvayiṣyamāna,av
AvAna,av,,perf,atma,,āvāna,av
Avitavat,av,,past,active,caus,āvitavat,av
Avita,av,,past,pass,caus,āvita,av
Avilayat,Avil,10,pres,para,,āvilayat,āvil
AvilayamAna,Avil,10,pres,atma,,āvilayamāna,āvil
Avilayitavya,Avil,,fut,pass,,āvilayitavya,āvil
Avilayizyat,Avil,,fut,para,,āvilayiṣyat,āvil
AvilayizyamAna,Avil,,fut,atma,,āvilayiṣyamāna,āvil
AvilAna,Avil,,perf,atma,,āvilāna,āvil
Aviltavat,Avil,,past,active,,āviltavat,āvil
Avilta,Avil,,past,pass,,āvilta,āvil
AvilyamAna,Avil,,pres,pass,,āvilyamāna,āvil
Avilvas,Avil,,perf,para,,āvilvas,āvil
Avivas,av,,perf,para,,āvivas,av
AvelanIya,Avil,,fut,pass,,āvelanīya,āvil
Avelya,Avil,,fut,pass,,āvelya,āvil
AvyamAna,av,,pres,pass,caus,āvyamāna,av
Avya,av,,fut,pass,caus,āvya,av
ASanIya,aS#2,,fut,pass,caus,āśanīya,aś#2
ASayat,aS#2,,pres,para,caus,āśayat,aś#2
ASayamAna,aS#2,,pres,atma,caus,āśayamāna,aś#2
ASayitavya,aS#2,,fut,pass,caus,āśayitavya,aś#2
ASayizyat,aS#2,,fut,para,caus,āśayiṣyat,aś#2
ASayizyamAna,aS#2,,fut,atma,,āśayiṣyamāna,aś#2
ASayizyamAna,aS#2,,fut,atma,caus,āśayiṣyamāna,aś#2
ASAna,aS#1,,perf,atma,,āśāna,aś#1
ASAna,aS#2,,perf,atma,,āśāna,aś#2
ASitavat,aS#2,,past,active,caus,āśitavat,aś#2
ASita,aS#2,,past,pass,caus,āśita,aś#2
ASivas,aS#1,,perf,para,,āśivas,aś#1
ASivas,aS#2,,perf,para,,āśivas,aś#2
ASyamAna,aS#2,,pres,pass,caus,āśyamāna,aś#2
ASya,aS#2,,fut,pass,caus,āśya,aś#2
AsanIya,As#2,,fut,pass,,āsanīya,ās#2
AsanIya,As#2,,fut,pass,caus,āsanīya,ās#2
AsanIya,as#2,,fut,pass,caus,āsanīya,as#2
Asayat,As#2,,pres,para,caus,āsayat,ās#2
Asayat,as#2,,pres,para,caus,āsayat,as#2
AsayamAna,As#2,,pres,atma,caus,āsayamāna,ās#2
AsayamAna,as#2,,pres,atma,caus,āsayamāna,as#2
Asayitavya,As#2,,fut,pass,caus,āsayitavya,ās#2
Asayitavya,as#2,,fut,pass,caus,āsayitavya,as#2
Asayizyat,as#2,,fut,para,caus,āsayiṣyat,as#2
AsayizyamAna,As#2,,fut,atma,,āsayiṣyamāna,ās#2
AsayizyamAna,As#2,,fut,atma,caus,āsayiṣyamāna,ās#2
AsayizyamAna,as#2,,fut,atma,,āsayiṣyamāna,as#2
AsayizyamAna,as#2,,fut,atma,caus,āsayiṣyamāna,as#2
AsAna,as#2,,perf,atma,,āsāna,as#2
Asitavat,As#2,,past,active,,āsitavat,ās#2
Asitavat,As#2,,past,active,caus,āsitavat,ās#2
Asitavat,as#2,,past,active,caus,āsitavat,as#2
Asitavya,As#2,,fut,pass,,āsitavya,ās#2
Asita,As#2,,past,pass,,āsita,ās#2
Asita,As#2,,past,pass,caus,āsita,ās#2
Asita,as#2,,past,pass,caus,āsita,as#2
Asivas,as#1,,perf,para,,āsivas,as#1
Asivas,as#2,,perf,para,,āsivas,as#2
AsizyamAna,As#2,,fut,atma,,āsiṣyamāna,ās#2
AsIna,As#2,2,pres,atma,,āsīna,ās#2
AsIna,As#2,,perf,atma,,āsīna,ās#2
AsyamAna,As#2,,pres,pass,,āsyamāna,ās#2
AsyamAna,As#2,,pres,pass,caus,āsyamāna,ās#2
AsyamAna,as#2,,pres,pass,caus,āsyamāna,as#2
Asya,As#2,,fut,pass,,āsya,ās#2
Asya,As#2,,fut,pass,caus,āsya,ās#2
Asya,as#2,,fut,pass,caus,āsya,as#2
iNgat,iNg,1,pres,para,,iṅgat,iṅg
iNganIya,iNg,,fut,pass,caus,iṅganīya,iṅg
iNgamAna,iNg,1,pres,atma,,iṅgamāna,iṅg
iNgayat,iNg,,pres,para,caus,iṅgayat,iṅg
iNgayamAna,iNg,,pres,atma,caus,iṅgayamāna,iṅg
iNgayitavya,iNg,,fut,pass,caus,iṅgayitavya,iṅg
iNgayizyat,iNg,,fut,para,caus,iṅgayiṣyat,iṅg
iNgayizyamAna,iNg,,fut,atma,,iṅgayiṣyamāna,iṅg
iNgayizyamAna,iNg,,fut,atma,caus,iṅgayiṣyamāna,iṅg
iNgitavat,iNg,,past,active,,iṅgitavat,iṅg
iNgitavat,iNg,,past,active,caus,iṅgitavat,iṅg
iNgita,iNg,,past,pass,,iṅgita,iṅg
iNgita,iNg,,past,pass,caus,iṅgita,iṅg
iNgyamAna,iNg,,pres,pass,,iṅgyamāna,iṅg
iNgyamAna,iNg,,pres,pass,caus,iṅgyamāna,iṅg
iNgya,iNg,,fut,pass,caus,iṅgya,iṅg
icCat,iz#1,6,pres,para,,icchat,iṣ#1
icCamAna,iz#1,6,pres,atma,,icchamāna,iṣ#1
ijyamAna,yaj#1,,pres,pass,,ijyamāna,yaj#1
itavat,i,,past,active,,itavat,i
ita,i,,past,pass,,ita,i
itya,i,,fut,pass,,itya,i
idDavat,inD,,past,active,,iddhavat,indh
idDa,inD,,past,pass,,iddha,indh
iDyamAna,inD,,pres,pass,,idhyamāna,indh
intavat,in,,past,active,,intavat,in
inta,in,,past,pass,,inta,in
indat,ind,1,pres,para,,indat,ind
indamAna,ind,1,pres,atma,,indamāna,ind
inditavat,ind,,past,active,,inditavat,ind
indita,ind,,past,pass,,indita,ind
indyamAna,ind,,pres,pass,,indyamāna,ind
inDAna,inD,7,pres,atma,,indhāna,indh
inDitavya,inD,,fut,pass,,indhitavya,indh
inDizyamAna,inD,,fut,atma,,indhiṣyamāna,indh
inyamAna,in,,pres,pass,,inyamāna,in
invat,inv,6,pres,para,,invat,inv
invat,in,5,pres,para,,invat,in
invamAna,inv,6,pres,atma,,invamāna,inv
invAna,in,5,pres,atma,,invāna,in
invitavat,inv,,past,active,,invitavat,inv
invita,inv,,past,pass,,invita,inv
invyamAna,inv,,pres,pass,,invyamāna,inv
iyrat,f,3,pres,para,,iyrat,ṛ
iyrARa,f,3,pres,atma,,iyrāṇa,ṛ
irasanIya,iras#2,,fut,pass,,irasanīya,iras#2
irastavat,iras#2,,past,active,,irastavat,iras#2
irasta,iras#2,,past,pass,,irasta,iras#2
irasyat,iras#2,10,pres,para,,irasyat,iras#2
irasyamAna,iras#2,10,pres,atma,,irasyamāna,iras#2
irasya,iras#2,,fut,pass,,irasya,iras#2
irasyitavya,iras#2,,fut,pass,,irasyitavya,iras#2
irasyizyat,iras#2,,fut,para,,irasyiṣyat,iras#2
irasyizyamAna,iras#2,,fut,atma,,irasyiṣyamāna,iras#2
ilat,il,6,pres,para,,ilat,il
ilanIya,il,,fut,pass,caus,ilanīya,il
ilamAna,il,6,pres,atma,,ilamāna,il
ilayat,il,,pres,para,caus,ilayat,il
ilayamAna,il,,pres,atma,caus,ilayamāna,il
ilayitavya,il,,fut,pass,caus,ilayitavya,il
ilayizyat,il,,fut,para,caus,ilayiṣyat,il
ilayizyamAna,il,,fut,atma,,ilayiṣyamāna,il
ilayizyamAna,il,,fut,atma,caus,ilayiṣyamāna,il
ilitavat,il,,past,active,caus,ilitavat,il
ilita,il,,past,pass,caus,ilita,il
iltavat,il,,past,active,,iltavat,il
ilta,il,,past,pass,,ilta,il
ilyamAna,il,,pres,pass,,ilyamāna,il
ilyamAna,il,,pres,pass,caus,ilyamāna,il
ilya,il,,fut,pass,caus,ilya,il
izaRIya,iz#1,,fut,pass,caus,iṣaṇīya,iṣ#1
izayat,iz#1,,pres,para,caus,iṣayat,iṣ#1
izayamAna,iz#1,,pres,atma,caus,iṣayamāna,iṣ#1
izayitavya,iz#1,,fut,pass,caus,iṣayitavya,iṣ#1
izayizyat,iz#1,,fut,para,caus,iṣayiṣyat,iṣ#1
izayizyamAna,iz#1,,fut,atma,,iṣayiṣyamāna,iṣ#1
izayizyamAna,iz#1,,fut,atma,caus,iṣayiṣyamāna,iṣ#1
izitavat,iz#1,,past,active,caus,iṣitavat,iṣ#1
izitavat,iz#2,,past,active,,iṣitavat,iṣ#2
izita,iz#1,,past,pass,caus,iṣita,iṣ#1
izita,iz#2,,past,pass,,iṣita,iṣ#2
izwavat,iz#1,,past,active,,iṣṭavat,iṣ#1
izwavat,yaj#1,,past,active,,iṣṭavat,yaj#1
izwa,iz#1,,past,pass,,iṣṭa,iṣ#1
izwa,yaj#1,,past,pass,,iṣṭa,yaj#1
izRat,iz#2,9,pres,para,,iṣṇat,iṣ#2
izRAna,iz#2,9,pres,atma,,iṣṇāna,iṣ#2
izyat,iz#2,4,pres,para,,iṣyat,iṣ#2
izyamAna,iz#1,,pres,pass,,iṣyamāna,iṣ#1
izyamAna,iz#1,,pres,pass,caus,iṣyamāna,iṣ#1
izyamAna,iz#2,4,pres,atma,,iṣyamāna,iṣ#2
izyamAna,iz#2,,pres,pass,,iṣyamāna,iṣ#2
izya,iz#1,,fut,pass,caus,iṣya,iṣ#1
Ikzat,Ikz,1,pres,para,,īkṣat,īkṣ
IkzamAna,Ikz,1,pres,atma,,īkṣamāna,īkṣ
IkzARa,Ikz,,perf,atma,,īkṣāṇa,īkṣ
Ikzitavat,Ikz,,past,active,,īkṣitavat,īkṣ
Ikzitavya,Ikz,,fut,pass,,īkṣitavya,īkṣ
Ikzita,Ikz,,past,pass,,īkṣita,īkṣ
Ikzivas,Ikz,,perf,para,,īkṣivas,īkṣ
Ikzizyat,Ikz,,fut,para,,īkṣiṣyat,īkṣ
IkzizyamAna,Ikz,,fut,atma,,īkṣiṣyamāna,īkṣ
IkzyamAna,Ikz,,pres,pass,,īkṣyamāna,īkṣ
Ikzya,Ikz,,fut,pass,,īkṣya,īkṣ
INKat,INK,1,pres,para,,īṅkhat,īṅkh
INKanIya,INK,,fut,pass,caus,īṅkhanīya,īṅkh
INKamAna,INK,1,pres,atma,,īṅkhamāna,īṅkh
INKayat,INK,,pres,para,caus,īṅkhayat,īṅkh
INKayamAna,INK,,pres,atma,caus,īṅkhayamāna,īṅkh
INKayitavya,INK,,fut,pass,caus,īṅkhayitavya,īṅkh
INKayizyat,INK,,fut,para,caus,īṅkhayiṣyat,īṅkh
INKayizyamAna,INK,,fut,atma,,īṅkhayiṣyamāna,īṅkh
INKayizyamAna,INK,,fut,atma,caus,īṅkhayiṣyamāna,īṅkh
INKAna,INK,,perf,atma,,īṅkhāna,īṅkh
INKitavat,INK,,past,active,,īṅkhitavat,īṅkh
INKitavat,INK,,past,active,caus,īṅkhitavat,īṅkh
INKita,INK,,past,pass,,īṅkhita,īṅkh
INKita,INK,,past,pass,caus,īṅkhita,īṅkh
INKivas,INK,,perf,para,,īṅkhivas,īṅkh
INKyamAna,INK,,pres,pass,,īṅkhyamāna,īṅkh
INKyamAna,INK,,pres,pass,caus,īṅkhyamāna,īṅkh
INKya,INK,,fut,pass,,īṅkhya,īṅkh
INKya,INK,,fut,pass,caus,īṅkhya,īṅkh
IjAna,yaj#1,,perf,atma,,ījāna,yaj#1
Ijivas,yaj#1,,perf,para,,ījivas,yaj#1
IqAna,Iq,2,pres,atma,,īḍāna,īḍ
IqAna,Iq,,perf,atma,,īḍāna,īḍ
Iqitavat,Iq,,past,active,,īḍitavat,īḍ
Iqitavya,Iq,,fut,pass,,īḍitavya,īḍ
Iqita,Iq,,past,pass,,īḍita,īḍ
IqizyamAna,Iq,,fut,atma,,īḍiṣyamāna,īḍ
IqyamAna,Iq,,pres,pass,,īḍyamāna,īḍ
Iqya,Iq,,fut,pass,,īḍya,īḍ
IDAna,inD,,perf,atma,,īdhāna,indh
Ipsat,Ap,,pres,para,desid,īpsat,āp
IpsanIya,Ap,,fut,pass,desid,īpsanīya,āp
Ipsitavat,Ap,,past,active,desid,īpsitavat,āp
Ipsita,Ap,,past,pass,desid,īpsita,āp
Ipsivas,Ap,,perf,para,desid,īpsivas,āp
IyamAna,i,4,pres,atma,,īyamāna,i
IyamAna,i,,pres,pass,,īyamāna,i
IyamAna,yA#1,,pres,pass,,īyamāna,yā#1
IyAna,i,,perf,atma,,īyāna,i
Iyivas,i,,perf,para,,īyivas,i
IyNgAna,iNg,,perf,atma,,īyṅgāna,iṅg
IyNgivas,iNg,,perf,para,,īyṅgivas,iṅg
IynAna,in,,perf,atma,,īynāna,in
Iynivas,in,,perf,para,,īynivas,in
IyndAna,ind,,perf,atma,,īyndāna,ind
Iyndivas,ind,,perf,para,,īyndivas,ind
IynvAna,inv,,perf,atma,,īynvāna,inv
Iynvivas,inv,,perf,para,,īynvivas,inv
IyrasAna,iras#2,,perf,atma,,īyrasāna,iras#2
Iyrasvas,iras#2,,perf,para,,īyrasvas,iras#2
IylAna,il,,perf,atma,,īylāna,il
Iylivas,il,,perf,para,,īylivas,il
IraRIya,Ir,,fut,pass,caus,īraṇīya,īr
Irayat,Ir,,pres,para,caus,īrayat,īr
IrayamAna,Ir,,pres,atma,caus,īrayamāna,īr
Irayitavya,Ir,,fut,pass,caus,īrayitavya,īr
Irayizyat,Ir,,fut,para,caus,īrayiṣyat,īr
IrayizyamAna,Ir,,fut,atma,,īrayiṣyamāna,īr
IrayizyamAna,Ir,,fut,atma,caus,īrayiṣyamāna,īr
IrARa,Ir,2,pres,atma,,īrāṇa,īr
IrARa,Ir,,perf,atma,,īrāṇa,īr
Iritavat,Ir,,past,active,,īritavat,īr
Iritavat,Ir,,past,active,caus,īritavat,īr
Iritavya,Ir,,fut,pass,,īritavya,īr
Irita,Ir,,past,pass,,īrita,īr
Irita,Ir,,past,pass,caus,īrita,īr
IryamAna,Ir,,pres,pass,,īryamāna,īr
IryamAna,Ir,,pres,pass,caus,īryamāna,īr
Irya,Ir,,fut,pass,,īrya,īr
Irya,Ir,,fut,pass,caus,īrya,īr
IrzARa,Irz,,perf,atma,,īrṣāṇa,īrṣ
Irzitavat,Irz,,past,active,,īrṣitavat,īrṣ
Irzita,Irz,,past,pass,,īrṣita,īrṣ
Irzivas,Irz,,perf,para,,īrṣivas,īrṣ
Irzyat,Irz,1,pres,para,,īrṣyat,īrṣ
IrzyamAna,Irz,1,pres,atma,,īrṣyamāna,īrṣ
IrzyamAna,Irz,,pres,pass,,īrṣyamāna,īrṣ
Irzya,Irz,,fut,pass,,īrṣya,īrṣ
ISAna,IS#1,2,pres,atma,,īśāna,īś#1
ISAna,IS#1,,perf,atma,,īśāna,īś#1
ISitavat,IS#1,,past,active,,īśitavat,īś#1
ISita,IS#1,,past,pass,,īśita,īś#1
ISizyat,IS#1,,fut,para,,īśiṣyat,īś#1
ISizyamAna,IS#1,,fut,atma,,īśiṣyamāna,īś#1
Izat,Iz,1,pres,para,,īṣat,īṣ
IzamAna,Iz,1,pres,atma,,īṣamāna,īṣ
IzARa,Iz,,perf,atma,,īṣāṇa,īṣ
IzARa,iz#1,,perf,atma,,īṣāṇa,iṣ#1
IzARa,iz#2,,perf,atma,,īṣāṇa,iṣ#2
Izitavat,Iz,,past,active,,īṣitavat,īṣ
Izita,Iz,,past,pass,,īṣita,īṣ
Izivas,Iz,,perf,para,,īṣivas,īṣ
Izivas,iz#1,,perf,para,,īṣivas,iṣ#1
Izivas,iz#2,,perf,para,,īṣivas,iṣ#2
IzyamAna,Iz,,pres,pass,,īṣyamāna,īṣ
Izya,Iz,,fut,pass,,īṣya,īṣ
Ihat,Ih,1,pres,para,,īhat,īh
IhamAna,Ih,1,pres,atma,,īhamāna,īh
IhAna,Ih,,perf,atma,,īhāna,īh
Ihitavat,Ih,,past,active,,īhitavat,īh
Ihita,Ih,,past,pass,,īhita,īh
Ihivas,Ih,,perf,para,,īhivas,īh
IhyamAna,Ih,,pres,pass,,īhyamāna,īh
Ihya,Ih,,fut,pass,,īhya,īh
uktavat,vac,,past,active,,uktavat,vac
ukta,vac,,past,pass,,ukta,vac
ukzat,ukz,6,pres,para,,ukṣat,ukṣ
ukzamAna,ukz,6,pres,atma,,ukṣamāna,ukṣ
ukzitavat,ukz,,past,active,,ukṣitavat,ukṣ
ukzita,ukz,,past,pass,,ukṣita,ukṣ
ukzyamAna,ukz,,pres,pass,,ukṣyamāna,ukṣ
ucitavat,uc#2,,past,active,,ucitavat,uc#2
ucitavya,uc#2,,fut,pass,,ucitavya,uc#2
ucita,uc#2,,past,pass,,ucita,uc#2
ucizyat,uc#2,,fut,para,,uciṣyat,uc#2
ucizyamAna,uc#2,,fut,atma,,uciṣyamāna,uc#2
ucCat,vas#4,6,pres,para,,ucchat,vas#4
ucCamAna,vas#4,6,pres,atma,,ucchamāna,vas#4
ucyat,uc#2,4,pres,para,,ucyat,uc#2
ucyamAna,uc#2,4,pres,atma,,ucyamāna,uc#2
ucyamAna,uc#2,,pres,pass,,ucyamāna,uc#2
ucyamAna,vac,,pres,pass,,ucyamāna,vac
ujJat,ujJ,6,pres,para,,ujjhat,ujjh
ujJamAna,ujJ,6,pres,atma,,ujjhamāna,ujjh
ujJitavat,ujJ,,past,active,,ujjhitavat,ujjh
ujJita,ujJ,,past,pass,,ujjhita,ujjh
ujJyamAna,ujJ,,pres,pass,,ujjhyamāna,ujjh
uYCat,uYC,1,pres,para,,uñchat,uñch
uYCamAna,uYC,1,pres,atma,,uñchamāna,uñch
uYCitavat,uYC,,past,active,,uñchitavat,uñch
uYCita,uYC,,past,pass,,uñchita,uñch
uYCyamAna,uYC,,pres,pass,,uñchyamāna,uñch
utavat,vA#3,,past,active,,utavat,vā#3
uta,vA#3,,past,pass,,uta,vā#3
utkaRwWavya,utkaRW,,fut,pass,,utkaṇṭṭhavya,utkaṇṭh
utkaRWat,utkaRW,1,pres,para,,utkaṇṭhat,utkaṇṭh
utkaRWanIya,utkaRW,,fut,pass,,utkaṇṭhanīya,utkaṇṭh
utkaRWanIya,utkaRW,,fut,pass,caus,utkaṇṭhanīya,utkaṇṭh
utkaRWamAna,utkaRW,1,pres,atma,,utkaṇṭhamāna,utkaṇṭh
utkaRWayat,utkaRW,,pres,para,caus,utkaṇṭhayat,utkaṇṭh
utkaRWayamAna,utkaRW,,pres,atma,caus,utkaṇṭhayamāna,utkaṇṭh
utkaRWayitavya,utkaRW,,fut,pass,caus,utkaṇṭhayitavya,utkaṇṭh
utkaRWayizyat,utkaRW,,fut,para,caus,utkaṇṭhayiṣyat,utkaṇṭh
utkaRWayizyamAna,utkaRW,,fut,atma,,utkaṇṭhayiṣyamāna,utkaṇṭh
utkaRWayizyamAna,utkaRW,,fut,atma,caus,utkaṇṭhayiṣyamāna,utkaṇṭh
utkaRWitavat,utkaRW,,past,active,,utkaṇṭhitavat,utkaṇṭh
utkaRWitavat,utkaRW,,past,active,caus,utkaṇṭhitavat,utkaṇṭh
utkaRWita,utkaRW,,past,pass,,utkaṇṭhita,utkaṇṭh
utkaRWita,utkaRW,,past,pass,caus,utkaṇṭhita,utkaṇṭh
utkaRWyamAna,utkaRW,,pres,pass,,utkaṇṭhyamāna,utkaṇṭh
utkaRWyamAna,utkaRW,,pres,pass,caus,utkaṇṭhyamāna,utkaṇṭh
utkaRWya,utkaRW,,fut,pass,,utkaṇṭhya,utkaṇṭh
utkaRWya,utkaRW,,fut,pass,caus,utkaṇṭhya,utkaṇṭh
utkaRWsyat,utkaRW,,fut,para,,utkaṇṭhsyat,utkaṇṭh
utkaRWsyamAna,utkaRW,,fut,atma,,utkaṇṭhsyamāna,utkaṇṭh
uttavat,und,,past,active,,uttavat,und
utta,und,,past,pass,,utta,und
uditavat,vad,,past,active,,uditavat,vad
udita,vad,,past,pass,,udita,vad
udyamAna,vad,,pres,pass,,udyamāna,vad
udya,vad,,fut,pass,,udya,vad
undat,und,7,pres,para,,undat,und
undAna,und,7,pres,atma,,undāna,und
undyamAna,und,,pres,pass,,undyamāna,und
unnavat,und,,past,active,,unnavat,und
unna,und,,past,pass,,unna,und
uptavat,vap#1,,past,active,,uptavat,vap#1
uptavat,vap#2,,past,active,,uptavat,vap#2
upta,vap#1,,past,pass,,upta,vap#1
upta,vap#2,,past,pass,,upta,vap#2
upyamAna,vap#1,,pres,pass,,upyamāna,vap#1
upyamAna,vap#2,,pres,pass,,upyamāna,vap#2
ubDavat,uB,,past,active,,ubdhavat,ubh
ubDa,uB,,past,pass,,ubdha,ubh
uBitavya,uB,,fut,pass,,ubhitavya,ubh
uBizyat,uB,,fut,para,,ubhiṣyat,ubh
uBizyamAna,uB,,fut,atma,,ubhiṣyamāna,ubh
uBnat,uB,9,pres,para,,ubhnat,ubh
uBnAna,uB,9,pres,atma,,ubhnāna,ubh
uByamAna,uB,,pres,pass,,ubhyamāna,ubh
umBat,uB,6,pres,para,,umbhat,ubh
umBamAna,uB,6,pres,atma,,umbhamāna,ubh
umBitavat,uB,,past,active,,umbhitavat,ubh
umBita,uB,,past,pass,,umbhita,ubh
uruzwavat,uruz,,past,active,,uruṣṭavat,uruṣ
uruzwa,uruz,,past,pass,,uruṣṭa,uruṣ
uruzyat,uruz,4,pres,para,,uruṣyat,uruṣ
uruzyamAna,uruz,4,pres,atma,,uruṣyamāna,uruṣ
uruzyamAna,uruz,,pres,pass,,uruṣyamāna,uruṣ
urokzyat,uruz,,fut,para,,urokṣyat,uruṣ
urokzyamAna,uruz,,fut,atma,,urokṣyamāna,uruṣ
urozaRIya,uruz,,fut,pass,,uroṣaṇīya,uruṣ
urozwavya,uruz,,fut,pass,,uroṣṭavya,uruṣ
urozya,uruz,,fut,pass,,uroṣya,uruṣ
uSat,vaS,2,pres,para,,uśat,vaś
uSyamAna,vaS,,pres,pass,,uśyamāna,vaś
uzitavat,vas#1,,past,active,,uṣitavat,vas#1
uzitavat,vas#4,,past,active,,uṣitavat,vas#4
uzita,vas#1,,past,pass,,uṣita,vas#1
uzita,vas#4,,past,pass,,uṣita,vas#4
uzwavat,uz,,past,active,,uṣṭavat,uṣ
uzwavat,vas#1,,past,active,,uṣṭavat,vas#1
uzwavat,vas#4,,past,active,,uṣṭavat,vas#4
uzwa,uz,,past,pass,,uṣṭa,uṣ
uzwa,vas#1,,past,pass,,uṣṭa,vas#1
uzwa,vas#4,,past,pass,,uṣṭa,vas#4
uzyamAna,uz,,pres,pass,,uṣyamāna,uṣ
uzyamAna,vas#1,,pres,pass,,uṣyamāna,vas#1
uhyamAna,vah#1,,pres,pass,,uhyamāna,vah#1
UkzARa,ukz,,perf,atma,,ūkṣāṇa,ukṣ
Ukzivas,ukz,,perf,para,,ūkṣivas,ukṣ
UcAna,uc#2,,perf,atma,,ūcāna,uc#2
UcAna,vac,,perf,atma,,ūcāna,vac
Ucivas,uc#2,,perf,para,,ūcivas,uc#2
Ucivas,vac,,perf,para,,ūcivas,vac
UjJAna,ujJ,,perf,atma,,ūjjhāna,ujjh
UjJivas,ujJ,,perf,para,,ūjjhivas,ujjh
UYCAna,uYC,,perf,atma,,ūñchāna,uñch
UYCivas,uYC,,perf,para,,ūñchivas,uñch
UQavat,Uh,,past,active,,ūḍhavat,ūh
UQavat,vah#1,,past,active,,ūḍhavat,vah#1
UQa,Uh,,past,pass,,ūḍha,ūh
UQa,vah#1,,past,pass,,ūḍha,vah#1
Utavat,vA#3,,past,active,,ūtavat,vā#3
Uta,vA#3,,past,pass,,ūta,vā#3
UtkaRWAna,utkaRW,,perf,atma,,ūtkaṇṭhāna,utkaṇṭh
UtkaRWvas,utkaRW,,perf,para,,ūtkaṇṭhvas,utkaṇṭh
UdAna,vad,,perf,atma,,ūdāna,vad
Udivas,vad,,perf,para,,ūdivas,vad
UndAna,und,,perf,atma,,ūndāna,und
Undivas,und,,perf,para,,ūndivas,und
UpAna,vap#1,,perf,atma,,ūpāna,vap#1
UpAna,vap#2,,perf,atma,,ūpāna,vap#2
Upivas,vap#1,,perf,para,,ūpivas,vap#1
Upivas,vap#2,,perf,para,,ūpivas,vap#2
UBAna,uB,,perf,atma,,ūbhāna,ubh
UBivas,uB,,perf,para,,ūbhivas,ubh
UyamAna,vA#3,,pres,pass,,ūyamāna,vā#3
UruzARa,uruz,,perf,atma,,ūruṣāṇa,uruṣ
Uruzvas,uruz,,perf,para,,ūruṣvas,uruṣ
UrjanIya,Urj#1,,fut,pass,caus,ūrjanīya,ūrj#1
Urjayat,Urj#1,,pres,para,caus,ūrjayat,ūrj#1
UrjayamAna,Urj#1,,pres,atma,caus,ūrjayamāna,ūrj#1
Urjayitavya,Urj#1,,fut,pass,caus,ūrjayitavya,ūrj#1
Urjayizyat,Urj#1,,fut,para,caus,ūrjayiṣyat,ūrj#1
UrjayizyamAna,Urj#1,,fut,atma,,ūrjayiṣyamāna,ūrj#1
UrjayizyamAna,Urj#1,,fut,atma,caus,ūrjayiṣyamāna,ūrj#1
Urjitavat,Urj#1,,past,active,caus,ūrjitavat,ūrj#1
Urjita,Urj#1,,past,pass,caus,ūrjita,ūrj#1
UrjyamAna,Urj#1,,pres,pass,caus,ūrjyamāna,ūrj#1
Urjya,Urj#1,,fut,pass,caus,ūrjya,ūrj#1
UrRvat,vf#1,5,pres,para,,ūrṇvat,vṛ#1
UrRvAna,vf#1,5,pres,atma,,ūrṇvāna,vṛ#1
UvAna,vA#3,,perf,atma,,ūvāna,vā#3
Uvivas,vA#3,,perf,para,,ūvivas,vā#3
USivas,vaS,,perf,para,,ūśivas,vaś
UzARa,uz,,perf,atma,,ūṣāṇa,uṣ
Uzivas,uz,,perf,para,,ūṣivas,uṣ
UsAna,vas#1,,perf,atma,,ūsāna,vas#1
UsAna,vas#4,,perf,atma,,ūsāna,vas#4
Usivas,vas#1,,perf,para,,ūsivas,vas#1
Usivas,vas#4,,perf,para,,ūsivas,vas#4
Uhat,Uh,1,pres,para,,ūhat,ūh
UhamAna,Uh,1,pres,atma,,ūhamāna,ūh
UhAna,Uh,,perf,atma,,ūhāna,ūh
UhAna,vah#1,,perf,atma,,ūhāna,vah#1
Uhitavat,Uh,,past,active,,ūhitavat,ūh
Uhitavya,Uh,,fut,pass,,ūhitavya,ūh
Uhita,Uh,,past,pass,,ūhita,ūh
Uhivas,Uh,,perf,para,,ūhivas,ūh
Uhivas,vah#1,,perf,para,,ūhivas,vah#1
Uhizyat,Uh,,fut,para,,ūhiṣyat,ūh
UhizyamAna,Uh,,fut,atma,,ūhiṣyamāna,ūh
UhyamAna,Uh,,pres,pass,,ūhyamāna,ūh
Uhya,Uh,,fut,pass,,ūhya,ūh
fcCat,f,1,pres,para,,ṛcchat,ṛ
fcCamAna,f,1,pres,atma,,ṛcchamāna,ṛ
fcyamAna,fc#1,,pres,pass,,ṛcyamāna,ṛc#1
fcya,fc#1,,fut,pass,,ṛcya,ṛc#1
fjAna,fj,,perf,atma,,ṛjāna,ṛj
fjivas,fj,,perf,para,,ṛjivas,ṛj
fjyamAna,fj,,pres,pass,,ṛjyamāna,ṛj
fjya,fj,,fut,pass,,ṛjya,ṛj
fYjat,fj,6,pres,para,,ṛñjat,ṛj
fYjamAna,fj,6,pres,atma,,ṛñjamāna,ṛj
fRvat,f,5,pres,para,,ṛṇvat,ṛ
fRvAna,f,5,pres,atma,,ṛṇvāna,ṛ
ftavat,f,,past,active,,ṛtavat,ṛ
fta,f,,past,pass,,ṛta,ṛ
fdDavat,fD,,past,active,,ṛddhavat,ṛdh
fdDa,fD,,past,pass,,ṛddha,ṛdh
fDnuvat,fD,5,pres,para,,ṛdhnuvat,ṛdh
fDnvAna,fD,5,pres,atma,,ṛdhnvāna,ṛdh
fDyat,fD,4,pres,para,,ṛdhyat,ṛdh
fDyamAna,fD,4,pres,atma,,ṛdhyamāna,ṛdh
fDyamAna,fD,,pres,pass,,ṛdhyamāna,ṛdh
fDya,fD,,fut,pass,,ṛdhya,ṛdh
fzat,fz,6,pres,para,,ṛṣat,ṛṣ
fzamAna,fz,6,pres,atma,,ṛṣamāna,ṛṣ
fzwavat,fz,,past,active,,ṛṣṭavat,ṛṣ
fzwa,fz,,past,pass,,ṛṣṭa,ṛṣ
fzyamAna,fz,,pres,pass,,ṛṣyamāna,ṛṣ
fzya,fz,,fut,pass,,ṛṣya,ṛṣ
eMzyat,in,,fut,para,,eṃṣyat,in
eMzyamAna,in,,fut,atma,,eṃṣyamāna,in
ektavya,ej,,fut,pass,,ektavya,ej
ekzaRIya,Ikz,,fut,pass,,ekṣaṇīya,īkṣ
ekzyat,ej,,fut,para,,ekṣyat,ej
ekzyat,Iz,,fut,para,,ekṣyat,īṣ
ekzyat,Ih,,fut,para,,ekṣyat,īh
ekzyamAna,ej,,fut,atma,,ekṣyamāna,ej
ekzyamAna,Iz,,fut,atma,,ekṣyamāna,īṣ
ekzyamAna,Ih,,fut,atma,,ekṣyamāna,īh
eNkzyat,iNg,,fut,para,,eṅkṣyat,iṅg
eNkzyamAna,iNg,,fut,atma,,eṅkṣyamāna,iṅg
eNKanIya,INK,,fut,pass,,eṅkhanīya,īṅkh
eNKtavya,INK,,fut,pass,,eṅkhtavya,īṅkh
eNKsyat,INK,,fut,para,,eṅkhsyat,īṅkh
eNKsyamAna,INK,,fut,atma,,eṅkhsyamāna,īṅkh
eNganIya,iNg,,fut,pass,,eṅganīya,iṅg
eNgtavya,iNg,,fut,pass,,eṅgtavya,iṅg
eNgya,iNg,,fut,pass,,eṅgya,iṅg
ejat,ej,1,pres,para,,ejat,ej
ejanIya,ej,,fut,pass,,ejanīya,ej
ejanIya,ej,,fut,pass,caus,ejanīya,ej
ejamAna,ej,1,pres,atma,,ejamāna,ej
ejayat,ej,,pres,para,caus,ejayat,ej
ejayamAna,ej,,pres,atma,caus,ejayamāna,ej
ejayitavya,ej,,fut,pass,caus,ejayitavya,ej
ejayizyat,ej,,fut,para,caus,ejayiṣyat,ej
ejayizyamAna,ej,,fut,atma,,ejayiṣyamāna,ej
ejayizyamAna,ej,,fut,atma,caus,ejayiṣyamāna,ej
ejAna,ej,,perf,atma,,ejāna,ej
ejitavat,ej,,past,active,,ejitavat,ej
ejitavat,ej,,past,active,caus,ejitavat,ej
ejita,ej,,past,pass,,ejita,ej
ejita,ej,,past,pass,caus,ejita,ej
ejivas,ej,,perf,para,,ejivas,ej
ejyamAna,ej,,pres,pass,,ejyamāna,ej
ejyamAna,ej,,pres,pass,caus,ejyamāna,ej
ejya,ej,,fut,pass,,ejya,ej
ejya,ej,,fut,pass,caus,ejya,ej
eqanIya,Iq,,fut,pass,,eḍanīya,īḍ
eQavya,Ih,,fut,pass,,eḍhavya,īh
etavya,i,,fut,pass,,etavya,i
etsyat,eD,,fut,para,,etsyat,edh
etsyamAna,eD,,fut,atma,,etsyamāna,edh
edDavya,eD,,fut,pass,,eddhavya,edh
eDat,eD,1,pres,para,,edhat,edh
eDanIya,eD,,fut,pass,,edhanīya,edh
eDanIya,eD,,fut,pass,caus,edhanīya,edh
eDamAna,eD,1,pres,atma,,edhamāna,edh
eDayat,eD,,pres,para,caus,edhayat,edh
eDayamAna,eD,,pres,atma,caus,edhayamāna,edh
eDayitavya,eD,,fut,pass,caus,edhayitavya,edh
eDayizyat,eD,,fut,para,caus,edhayiṣyat,edh
eDayizyamAna,eD,,fut,atma,,edhayiṣyamāna,edh
eDayizyamAna,eD,,fut,atma,caus,edhayiṣyamāna,edh
eDAna,eD,,perf,atma,,edhāna,edh
eDitavat,eD,,past,active,,edhitavat,edh
eDitavat,eD,,past,active,caus,edhitavat,edh
eDita,eD,,past,pass,,edhita,edh
eDita,eD,,past,pass,caus,edhita,edh
eDivas,eD,,perf,para,,edhivas,edh
eDyamAna,eD,,pres,pass,,edhyamāna,edh
eDyamAna,eD,,pres,pass,caus,edhyamāna,edh
eDya,eD,,fut,pass,,edhya,edh
eDya,eD,,fut,pass,caus,edhya,edh
enanIya,in,,fut,pass,,enanīya,in
entavya,in,,fut,pass,,entavya,in
enttavya,ind,,fut,pass,,enttavya,ind
entsyat,ind,,fut,para,,entsyat,ind
entsyamAna,ind,,fut,atma,,entsyamāna,ind
endanIya,ind,,fut,pass,,endanīya,ind
endya,ind,,fut,pass,,endya,ind
enDanIya,inD,,fut,pass,,endhanīya,indh
enDya,inD,,fut,pass,,endhya,indh
enya,in,,fut,pass,,enya,in
envanIya,inv,,fut,pass,,envanīya,inv
envitavya,inv,,fut,pass,,envitavya,inv
envizyat,inv,,fut,para,,enviṣyat,inv
envizyamAna,inv,,fut,atma,,enviṣyamāna,inv
envya,inv,,fut,pass,,envya,inv
eya,i,,fut,pass,,eya,i
eraRIya,Ir,,fut,pass,,eraṇīya,īr
erizyamAna,Ir,,fut,atma,,eriṣyamāna,īr
erkzyat,Irz,,fut,para,,erkṣyat,īrṣ
erkzyamAna,Irz,,fut,atma,,erkṣyamāna,īrṣ
erzaRIya,Irz,,fut,pass,,erṣaṇīya,īrṣ
erzwavya,Irz,,fut,pass,,erṣṭavya,īrṣ
elanIya,il,,fut,pass,,elanīya,il
elanIya,il,,fut,pass,caus,elanīya,il
elayat,il,,pres,para,caus,elayat,il
elayamAna,il,,pres,atma,caus,elayamāna,il
elayitavya,il,,fut,pass,caus,elayitavya,il
elayizyat,il,,fut,para,caus,elayiṣyat,il
elayizyamAna,il,,fut,atma,,elayiṣyamāna,il
elayizyamAna,il,,fut,atma,caus,elayiṣyamāna,il
elitavat,il,,past,active,caus,elitavat,il
elitavya,il,,fut,pass,,elitavya,il
elita,il,,past,pass,caus,elita,il
elizyat,il,,fut,para,,eliṣyat,il
elizyamAna,il,,fut,atma,,eliṣyamāna,il
elyamAna,il,,pres,pass,caus,elyamāna,il
elya,il,,fut,pass,,elya,il
elya,il,,fut,pass,caus,elya,il
ezaRIya,iz#1,,fut,pass,,eṣaṇīya,iṣ#1
ezaRIya,iz#2,,fut,pass,,eṣaṇīya,iṣ#2
ezaRIya,Iz,,fut,pass,,eṣaṇīya,īṣ
ezitavya,iz#1,,fut,pass,,eṣitavya,iṣ#1
ezitavya,iz#2,,fut,pass,,eṣitavya,iṣ#2
ezizyat,iz#1,,fut,para,,eṣiṣyat,iṣ#1
ezizyat,iz#2,,fut,para,,eṣiṣyat,iṣ#2
ezizyamAna,iz#1,,fut,atma,,eṣiṣyamāna,iṣ#1
ezizyamAna,iz#2,,fut,atma,,eṣiṣyamāna,iṣ#2
ezwavya,Iz,,fut,pass,,eṣṭavya,īṣ
ezyat,i,,fut,para,,eṣyat,i
ezyamAna,i,,fut,atma,,eṣyamāna,i
ezya,iz#1,,fut,pass,,eṣya,iṣ#1
ezya,iz#2,,fut,pass,,eṣya,iṣ#2
ehanIya,Ih,,fut,pass,,ehanīya,īh
okzaRIya,ukz,,fut,pass,,okṣaṇīya,ukṣ
okzyat,ukz,,fut,para,,okṣyat,ukṣ
okzyat,uz,,fut,para,,okṣyat,uṣ
okzyamAna,ukz,,fut,atma,,okṣyamāna,ukṣ
okzyamAna,uz,,fut,atma,,okṣyamāna,uṣ
okzya,ukz,,fut,pass,,okṣya,ukṣ
oNkzyat,uYC,,fut,para,,oṅkṣyat,uñch
oNkzyamAna,uYC,,fut,atma,,oṅkṣyamāna,uñch
ocanIya,uc#2,,fut,pass,,ocanīya,uc#2
ocya,uc#2,,fut,pass,,ocya,uc#2
ojkzyat,ujJ,,fut,para,,ojkṣyat,ujjh
ojkzyamAna,ujJ,,fut,atma,,ojkṣyamāna,ujjh
ojjDavya,ujJ,,fut,pass,,ojjdhavya,ujjh
ojJanIya,ujJ,,fut,pass,,ojjhanīya,ujjh
ojJya,ujJ,,fut,pass,,ojjhya,ujjh
oYCanIya,uYC,,fut,pass,,oñchanīya,uñch
oYCya,uYC,,fut,pass,,oñchya,uñch
oYzwavya,uYC,,fut,pass,,oñṣṭavya,uñch
onttavya,und,,fut,pass,,onttavya,und
ontsyat,und,,fut,para,,ontsyat,und
ontsyamAna,und,,fut,atma,,ontsyamāna,und
ondanIya,und,,fut,pass,,ondanīya,und
ondya,und,,fut,pass,,ondya,und
oBanIya,uB,,fut,pass,,obhanīya,ubh
oBya,uB,,fut,pass,,obhya,ubh
ozaRIya,uz,,fut,pass,,oṣaṇīya,uṣ
ozat,uz,1,pres,para,,oṣat,uṣ
ozamAna,uz,1,pres,atma,,oṣamāna,uṣ
ozwavya,ukz,,fut,pass,,oṣṭavya,ukṣ
ozwavya,uz,,fut,pass,,oṣṭavya,uṣ
ozya,uz,,fut,pass,,oṣya,uṣ
ohanIya,Uh,,fut,pass,,ohanīya,ūh
ohamAna,Uh,1,pres,atma,,ohamāna,ūh
kaMsyat,kan,,fut,para,,kaṃsyat,kan
kaMsyamAna,kan,,fut,atma,,kaṃsyamāna,kan
kaHsyat,kas,,fut,para,,kaḥsyat,kas
kaHsyamAna,kas,,fut,atma,,kaḥsyamāna,kas
kaRqanIya,kaRq,,fut,pass,,kaṇḍanīya,kaṇḍ
kaRqayat,kaRq,10,pres,para,,kaṇḍayat,kaṇḍ
kaRqayamAna,kaRq,10,pres,atma,,kaṇḍayamāna,kaṇḍ
kaRqayitavya,kaRq,,fut,pass,,kaṇḍayitavya,kaṇḍ
kaRqayizyat,kaRq,,fut,para,,kaṇḍayiṣyat,kaṇḍ
kaRqayizyamAna,kaRq,,fut,atma,,kaṇḍayiṣyamāna,kaṇḍ
kaRqavanIya,kaRqU#2,,fut,pass,,kaṇḍavanīya,kaṇḍū#2
kaRqitavat,kaRq,,past,active,,kaṇḍitavat,kaṇḍ
kaRqita,kaRq,,past,pass,,kaṇḍita,kaṇḍ
kaRqUtavat,kaRqU#2,,past,active,,kaṇḍūtavat,kaṇḍū#2
kaRqUta,kaRqU#2,,past,pass,,kaṇḍūta,kaṇḍū#2
kaRqUyat,kaRqU#2,10,pres,para,,kaṇḍūyat,kaṇḍū#2
kaRqUyamAna,kaRqU#2,10,pres,atma,,kaṇḍūyamāna,kaṇḍū#2
kaRqUyitavya,kaRqU#2,,fut,pass,,kaṇḍūyitavya,kaṇḍū#2
kaRqUyizyat,kaRqU#2,,fut,para,,kaṇḍūyiṣyat,kaṇḍū#2
kaRqUyizyamAna,kaRqU#2,,fut,atma,,kaṇḍūyiṣyamāna,kaṇḍū#2
kaRqoya,kaRqU#2,,fut,pass,,kaṇḍoya,kaṇḍū#2
kaRqyamAna,kaRq,,pres,pass,,kaṇḍyamāna,kaṇḍ
kaRqya,kaRq,,fut,pass,,kaṇḍya,kaṇḍ
kaRvanIya,kaRv,,fut,pass,,kaṇvanīya,kaṇv
kaRvayizyat,kaRv,,fut,para,,kaṇvayiṣyat,kaṇv
kaRvayizyamAna,kaRv,,fut,atma,,kaṇvayiṣyamāna,kaṇv
kaRvAyat,kaRv,10,pres,para,,kaṇvāyat,kaṇv
kaRvAyamAna,kaRv,10,pres,atma,,kaṇvāyamāna,kaṇv
kaRvAyitavya,kaRv,,fut,pass,,kaṇvāyitavya,kaṇv
kaRvitavat,kaRv,,past,active,,kaṇvitavat,kaṇv
kaRvita,kaRv,,past,pass,,kaṇvita,kaṇv
kaRvyamAna,kaRv,,pres,pass,,kaṇvyamāna,kaṇv
kaRvya,kaRv,,fut,pass,,kaṇvya,kaṇv
kattTavya,katT,,fut,pass,,kattthavya,katth
kattsyat,katT,,fut,para,,kattsyat,katth
kattsyamAna,katT,,fut,atma,,kattsyamāna,katth
katTat,katT,1,pres,para,,katthat,katth
katTanIya,katT,,fut,pass,,katthanīya,katth
katTamAna,katT,1,pres,atma,,katthamāna,katth
katTitavat,katT,,past,active,,katthitavat,katth
katTita,katT,,past,pass,,katthita,katth
katTyamAna,katT,,pres,pass,,katthyamāna,katth
katTya,katT,,fut,pass,,katthya,katth
kaTanIya,kaT,,fut,pass,,kathanīya,kath
kaTayat,kaT,10,pres,para,,kathayat,kath
kaTayamAna,kaT,10,pres,atma,,kathayamāna,kath
kaTayitavya,kaT,,fut,pass,,kathayitavya,kath
kaTayizyat,kaT,,fut,para,,kathayiṣyat,kath
kaTayizyamAna,kaT,,fut,atma,,kathayiṣyamāna,kath
kaTitavat,kaT,,past,active,,kathitavat,kath
kaTita,kaT,,past,pass,,kathita,kath
kaTyamAna,kaT,,pres,pass,,kathyamāna,kath
kaTya,kaT,,fut,pass,,kathya,kath
kadarTanIya,kadarT,,fut,pass,,kadarthanīya,kadarth
kadarTayat,kadarT,10,pres,para,,kadarthayat,kadarth
kadarTayamAna,kadarT,10,pres,atma,,kadarthayamāna,kadarth
kadarTayitavya,kadarT,,fut,pass,,kadarthayitavya,kadarth
kadarTayizyat,kadarT,,fut,para,,kadarthayiṣyat,kadarth
kadarTayizyamAna,kadarT,,fut,atma,,kadarthayiṣyamāna,kadarth
kadarTitavat,kadarT,,past,active,,kadarthitavat,kadarth
kadarTita,kadarT,,past,pass,,kadarthita,kadarth
kadarTyamAna,kadarT,,pres,pass,,kadarthyamāna,kadarth
kadarTya,kadarT,,fut,pass,,kadarthya,kadarth
kanat,kan,1,pres,para,,kanat,kan
kananIya,kan,,fut,pass,,kananīya,kan
kanamAna,kan,1,pres,atma,,kanamāna,kan
kantavat,kan,,past,active,,kantavat,kan
kantavya,kan,,fut,pass,,kantavya,kan
kanta,kan,,past,pass,,kanta,kan
kanyamAna,kan,,pres,pass,,kanyamāna,kan
kanya,kan,,fut,pass,,kanya,kan
kampat,kamp,1,pres,para,,kampat,kamp
kampanIya,kamp,,fut,pass,,kampanīya,kamp
kampanIya,kamp,,fut,pass,caus,kampanīya,kamp
kampamAna,kamp,1,pres,atma,,kampamāna,kamp
kampayat,kamp,,pres,para,caus,kampayat,kamp
kampayamAna,kamp,,pres,atma,caus,kampayamāna,kamp
kampayitavya,kamp,,fut,pass,caus,kampayitavya,kamp
kampayizyat,kamp,,fut,para,caus,kampayiṣyat,kamp
kampayizyamAna,kamp,,fut,atma,,kampayiṣyamāna,kamp
kampayizyamAna,kamp,,fut,atma,caus,kampayiṣyamāna,kamp
kampitavat,kamp,,past,active,,kampitavat,kamp
kampitavat,kamp,,past,active,caus,kampitavat,kamp
kampita,kamp,,past,pass,,kampita,kamp
kampita,kamp,,past,pass,caus,kampita,kamp
kamptavya,kamp,,fut,pass,,kamptavya,kamp
kampyamAna,kamp,,pres,pass,,kampyamāna,kamp
kampyamAna,kamp,,pres,pass,caus,kampyamāna,kamp
kampya,kamp,,fut,pass,,kampya,kamp
kampya,kamp,,fut,pass,caus,kampya,kamp
kampsyat,kamp,,fut,para,,kampsyat,kamp
kampsyamAna,kamp,,fut,atma,,kampsyamāna,kamp
karaRIya,kf#1,,fut,pass,,karaṇīya,kṛ#1
karaRIya,kF,,fut,pass,,karaṇīya,kṝ
karitavya,kF,,fut,pass,,karitavya,kṝ
karizyat,kf#1,,fut,para,,kariṣyat,kṛ#1
karizyat,kF,,fut,para,,kariṣyat,kṝ
karizyamAna,kf#1,,fut,atma,,kariṣyamāna,kṛ#1
karizyamAna,kF,,fut,atma,,kariṣyamāna,kṝ
karItavya,kF,,fut,pass,,karītavya,kṝ
karIzyat,kF,,fut,para,,karīṣyat,kṝ
karIzyamAna,kF,,fut,atma,,karīṣyamāna,kṝ
karuRayizyamAna,karuR,,fut,atma,,karuṇayiṣyamāna,karuṇ
karuRAyamAna,karuR,10,pres,atma,,karuṇāyamāna,karuṇ
karuRAyitavya,karuR,,fut,pass,,karuṇāyitavya,karuṇ
karuRtavat,karuR,,past,active,,karuṇtavat,karuṇ
karuRta,karuR,,past,pass,,karuṇta,karuṇ
karoRanIya,karuR,,fut,pass,,karoṇanīya,karuṇ
karoRya,karuR,,fut,pass,,karoṇya,karuṇ
karkzyat,kfS,,fut,para,,karkṣyat,kṛś
karkzyat,kfz,,fut,para,,karkṣyat,kṛṣ
karkzyamAna,kfS,,fut,atma,,karkṣyamāna,kṛś
karkzyamAna,kfz,,fut,atma,,karkṣyamāna,kṛṣ
karcCraRIya,kfcCr,,fut,pass,,karcchraṇīya,kṛcchr
karRanIya,karR,,fut,pass,,karṇanīya,karṇ
karRayat,karR,10,pres,para,,karṇayat,karṇ
karRayamAna,karR,10,pres,atma,,karṇayamāna,karṇ
karRayitavya,karR,,fut,pass,,karṇayitavya,karṇ
karRayizyat,karR,,fut,para,,karṇayiṣyat,karṇ
karRayizyamAna,karR,,fut,atma,,karṇayiṣyamāna,karṇ
karRitavat,karR,,past,active,,karṇitavat,karṇ
karRita,karR,,past,pass,,karṇita,karṇ
karRyamAna,karR,,pres,pass,,karṇyamāna,karṇ
karRya,karR,,fut,pass,,karṇya,karṇ
kartanIya,kft#1,,fut,pass,,kartanīya,kṛt#1
kartavya,kf#1,,fut,pass,,kartavya,kṛ#1
kartitavya,kft#1,,fut,pass,,kartitavya,kṛt#1
kartizyat,kft#1,,fut,para,,kartiṣyat,kṛt#1
kartizyamAna,kft#1,,fut,atma,,kartiṣyamāna,kṛt#1
karttavya,kft#1,,fut,pass,,karttavya,kṛt#1
kartsyat,kft#1,,fut,para,,kartsyat,kṛt#1
kartsyamAna,kft#1,,fut,atma,,kartsyamāna,kṛt#1
karpaRIya,kfp,,fut,pass,,karpaṇīya,kṛp
karpitavya,kfp,,fut,pass,,karpitavya,kṛp
karpizyat,kfp,,fut,para,,karpiṣyat,kṛp
karpizyamAna,kfp,,fut,atma,,karpiṣyamāna,kṛp
karptavya,kfp,,fut,pass,,karptavya,kṛp
karpsyat,kfp,,fut,para,,karpsyat,kṛp
karpsyamAna,kfp,,fut,atma,,karpsyamāna,kṛp
karSanIya,kfS,,fut,pass,,karśanīya,kṛś
karSanIya,kfS,,fut,pass,caus,karśanīya,kṛś
karSayat,kfS,,pres,para,caus,karśayat,kṛś
karSayamAna,kfS,,pres,atma,caus,karśayamāna,kṛś
karSayitavya,kfS,,fut,pass,caus,karśayitavya,kṛś
karSayizyat,kfS,,fut,para,caus,karśayiṣyat,kṛś
karSayizyamAna,kfS,,fut,atma,,karśayiṣyamāna,kṛś
karSayizyamAna,kfS,,fut,atma,caus,karśayiṣyamāna,kṛś
karSitavat,kfS,,past,active,caus,karśitavat,kṛś
karSita,kfS,,past,pass,caus,karśita,kṛś
karSyamAna,kfS,,pres,pass,caus,karśyamāna,kṛś
karSya,kfS,,fut,pass,caus,karśya,kṛś
karzaRIya,kfz,,fut,pass,,karṣaṇīya,kṛṣ
karzaRIya,kfz,,fut,pass,caus,karṣaṇīya,kṛṣ
karzat,kfz,1,pres,para,,karṣat,kṛṣ
karzamAna,kfz,1,pres,atma,,karṣamāna,kṛṣ
karzayat,kfz,,pres,para,caus,karṣayat,kṛṣ
karzayamAna,kfz,,pres,atma,caus,karṣayamāna,kṛṣ
karzayitavya,kfz,,fut,pass,caus,karṣayitavya,kṛṣ
karzayizyat,kfz,,fut,para,caus,karṣayiṣyat,kṛṣ
karzayizyamAna,kfz,,fut,atma,,karṣayiṣyamāna,kṛṣ
karzayizyamAna,kfz,,fut,atma,caus,karṣayiṣyamāna,kṛṣ
karzitavat,kfz,,past,active,caus,karṣitavat,kṛṣ
karzita,kfz,,past,pass,caus,karṣita,kṛṣ
karzizyat,kfz,,fut,para,,karṣiṣyat,kṛṣ
karzizyamAna,kfz,,fut,atma,,karṣiṣyamāna,kṛṣ
karzwavya,kfS,,fut,pass,,karṣṭavya,kṛś
karzwavya,kfz,,fut,pass,,karṣṭavya,kṛṣ
karzyamAna,kfz,,pres,pass,caus,karṣyamāna,kṛṣ
karzya,kfz,,fut,pass,caus,karṣya,kṛṣ
kalaNkanIya,kalaNk,,fut,pass,,kalaṅkanīya,kalaṅk
kalaNkayat,kalaNk,10,pres,para,,kalaṅkayat,kalaṅk
kalaNkayamAna,kalaNk,10,pres,atma,,kalaṅkayamāna,kalaṅk
kalaNkayitavya,kalaNk,,fut,pass,,kalaṅkayitavya,kalaṅk
kalaNkayizyat,kalaNk,,fut,para,,kalaṅkayiṣyat,kalaṅk
kalaNkayizyamAna,kalaNk,,fut,atma,,kalaṅkayiṣyamāna,kalaṅk
kalaNkitavat,kalaNk,,past,active,,kalaṅkitavat,kalaṅk
kalaNkita,kalaNk,,past,pass,,kalaṅkita,kalaṅk
kalaNkyamAna,kalaNk,,pres,pass,,kalaṅkyamāna,kalaṅk
kalaNkya,kalaNk,,fut,pass,,kalaṅkya,kalaṅk
kalanIya,kal,,fut,pass,,kalanīya,kal
kalayat,kal,10,pres,para,,kalayat,kal
kalayamAna,kal,10,pres,atma,,kalayamāna,kal
kalayitavya,kal,,fut,pass,,kalayitavya,kal
kalayizyat,kal,,fut,para,,kalayiṣyat,kal
kalayizyamAna,kal,,fut,atma,,kalayiṣyamāna,kal
kaltavat,kal,,past,active,,kaltavat,kal
kalta,kal,,past,pass,,kalta,kal
kalpanIya,kxp,,fut,pass,caus,kalpanīya,kḷp
kalpamAna,kxp,1,pres,atma,,kalpamāna,kḷp
kalpayat,kxp,,pres,para,caus,kalpayat,kḷp
kalpayamAna,kxp,,pres,atma,caus,kalpayamāna,kḷp
kalpayizyat,kxp,,fut,para,caus,kalpayiṣyat,kḷp
kalpayizyamAna,kxp,,fut,atma,,kalpayiṣyamāna,kḷp
kalpayizyamAna,kxp,,fut,atma,caus,kalpayiṣyamāna,kḷp
kalpitavat,kxp,,past,active,caus,kalpitavat,kḷp
kalpita,kxp,,past,pass,caus,kalpita,kḷp
kalpizyamAna,kxp,,fut,atma,,kalpiṣyamāna,kḷp
kalpyamAna,kxp,,pres,pass,caus,kalpyamāna,kḷp
kalpya,kxp,,fut,pass,caus,kalpya,kḷp
kalpsyamAna,kxp,,fut,atma,,kalpsyamāna,kḷp
kalyamAna,kal,,pres,pass,,kalyamāna,kal
kalya,kal,,fut,pass,,kalya,kal
kavalanIya,kaval,,fut,pass,,kavalanīya,kaval
kavalayat,kaval,10,pres,para,,kavalayat,kaval
kavalayamAna,kaval,10,pres,atma,,kavalayamāna,kaval
kavalayitavya,kaval,,fut,pass,,kavalayitavya,kaval
kavalayizyat,kaval,,fut,para,,kavalayiṣyat,kaval
kavalayizyamAna,kaval,,fut,atma,,kavalayiṣyamāna,kaval
kavaltavat,kaval,,past,active,,kavaltavat,kaval
kavalta,kaval,,past,pass,,kavalta,kaval
kavalyamAna,kaval,,pres,pass,,kavalyamāna,kaval
kavalya,kaval,,fut,pass,,kavalya,kaval
kavizyamAna,kU,,fut,atma,,kaviṣyamāna,kū
kazaRIya,kaz,,fut,pass,,kaṣaṇīya,kaṣ
kazat,kaz,1,pres,para,,kaṣat,kaṣ
kazamAna,kaz,1,pres,atma,,kaṣamāna,kaṣ
kazitavat,kaz,,past,active,,kaṣitavat,kaṣ
kazitavya,kaz,,fut,pass,,kaṣitavya,kaṣ
kazita,kaz,,past,pass,,kaṣita,kaṣ
kazizyat,kaz,,fut,para,,kaṣiṣyat,kaṣ
kazizyamAna,kaz,,fut,atma,,kaṣiṣyamāna,kaṣ
kazyamAna,kaz,,pres,pass,,kaṣyamāna,kaṣ
kazya,kaz,,fut,pass,,kaṣya,kaṣ
kasat,kas,1,pres,para,,kasat,kas
kasanIya,kas,,fut,pass,,kasanīya,kas
kasamAna,kas,1,pres,atma,,kasamāna,kas
kasitavat,kas,,past,active,,kasitavat,kas
kasita,kas,,past,pass,,kasita,kas
kastavya,kas,,fut,pass,,kastavya,kas
kasyamAna,kas,,pres,pass,,kasyamāna,kas
kasya,kas,,fut,pass,,kasya,kas
kAkzyat,kAS,,fut,para,,kākṣyat,kāś
kAkzyamAna,kAS,,fut,atma,,kākṣyamāna,kāś
kANkzaRIya,kANkz,,fut,pass,,kāṅkṣaṇīya,kāṅkṣ
kANkzat,kANkz,1,pres,para,,kāṅkṣat,kāṅkṣ
kANkzamAna,kANkz,1,pres,atma,,kāṅkṣamāna,kāṅkṣ
kANkzitavat,kANkz,,past,active,,kāṅkṣitavat,kāṅkṣ
kANkzita,kANkz,,past,pass,,kāṅkṣita,kāṅkṣ
kANkzyat,kANkz,,fut,para,,kāṅkṣyat,kāṅkṣ
kANkzyamAna,kANkz,,fut,atma,,kāṅkṣyamāna,kāṅkṣ
kANkzyamAna,kANkz,,pres,pass,,kāṅkṣyamāna,kāṅkṣ
kANkzya,kANkz,,fut,pass,,kāṅkṣya,kāṅkṣ
kANzwavya,kANkz,,fut,pass,,kāṅṣṭavya,kāṅkṣ
kAmanIya,kam,,fut,pass,caus,kāmanīya,kam
kAmayat,kam,,pres,para,caus,kāmayat,kam
kAmayamAna,kam,,pres,atma,caus,kāmayamāna,kam
kAmayitavya,kam,,fut,pass,caus,kāmayitavya,kam
kAmayizyat,kam,,fut,para,caus,kāmayiṣyat,kam
kAmayizyamAna,kam,,fut,atma,,kāmayiṣyamāna,kam
kAmayizyamAna,kam,,fut,atma,caus,kāmayiṣyamāna,kam
kAmitavat,kam,,past,active,caus,kāmitavat,kam
kAmita,kam,,past,pass,caus,kāmita,kam
kAmyamAna,kam,,pres,pass,caus,kāmyamāna,kam
kAmya,kam,,fut,pass,caus,kāmya,kam
kAraRIya,kf#1,,fut,pass,caus,kāraṇīya,kṛ#1
kArayat,kf#1,,pres,para,caus,kārayat,kṛ#1
kArayamAna,kf#1,,pres,atma,caus,kārayamāna,kṛ#1
kArayitavya,kf#1,,fut,pass,caus,kārayitavya,kṛ#1
kArayizyat,kf#1,,fut,para,caus,kārayiṣyat,kṛ#1
kArayizyamAna,kf#1,,fut,atma,,kārayiṣyamāna,kṛ#1
kArayizyamAna,kf#1,,fut,atma,caus,kārayiṣyamāna,kṛ#1
kAritavat,kf#1,,past,active,caus,kāritavat,kṛ#1
kArita,kf#1,,past,pass,caus,kārita,kṛ#1
kAryamAna,kf#1,,pres,pass,caus,kāryamāna,kṛ#1
kArya,kf#1,,fut,pass,,kārya,kṛ#1
kArya,kf#1,,fut,pass,caus,kārya,kṛ#1
kArya,kF,,fut,pass,,kārya,kṝ
kASat,kAS,1,pres,para,,kāśat,kāś
kASanIya,kAS,,fut,pass,,kāśanīya,kāś
kASanIya,kAS,,fut,pass,caus,kāśanīya,kāś
kASamAna,kAS,1,pres,atma,,kāśamāna,kāś
kASayat,kAS,,pres,para,caus,kāśayat,kāś
kASayamAna,kAS,,pres,atma,caus,kāśayamāna,kāś
kASayitavya,kAS,,fut,pass,caus,kāśayitavya,kāś
kASayizyat,kAS,,fut,para,caus,kāśayiṣyat,kāś
kASayizyamAna,kAS,,fut,atma,,kāśayiṣyamāna,kāś
kASayizyamAna,kAS,,fut,atma,caus,kāśayiṣyamāna,kāś
kASitavat,kAS,,past,active,,kāśitavat,kāś
kASitavat,kAS,,past,active,caus,kāśitavat,kāś
kASita,kAS,,past,pass,,kāśita,kāś
kASita,kAS,,past,pass,caus,kāśita,kāś
kASyamAna,kAS,,pres,pass,,kāśyamāna,kāś
kASyamAna,kAS,,pres,pass,caus,kāśyamāna,kāś
kASya,kAS,,fut,pass,,kāśya,kāś
kASya,kAS,,fut,pass,caus,kāśya,kāś
kAzwavya,kAS,,fut,pass,,kāṣṭavya,kāś
kirat,kF,6,pres,para,,kirat,kṝ
kiramAna,kF,6,pres,atma,,kiramāna,kṝ
kIrRavat,kF,,past,active,,kīrṇavat,kṝ
kIrRa,kF,,past,pass,,kīrṇa,kṝ
kIrtayat,kIrt,10,pres,para,,kīrtayat,kīrt
kIrtayamAna,kIrt,10,pres,atma,,kīrtayamāna,kīrt
kIrtayitavya,kIrt,,fut,pass,,kīrtayitavya,kīrt
kIrtayizyat,kIrt,,fut,para,,kīrtayiṣyat,kīrt
kIrtayizyamAna,kIrt,,fut,atma,,kīrtayiṣyamāna,kīrt
kIrtitavat,kIrt,,past,active,,kīrtitavat,kīrt
kIrtita,kIrt,,past,pass,,kīrtita,kīrt
kIrtyamAna,kIrt,,pres,pass,,kīrtyamāna,kīrt
kIrtya,kIrt,,fut,pass,,kīrtya,kīrt
kIryamAna,kF,,pres,pass,,kīryamāna,kṝ
kucat,kuc,6,pres,para,,kucat,kuc
kucamAna,kuc,6,pres,atma,,kucamāna,kuc
kucitavat,kuc,,past,active,,kucitavat,kuc
kucita,kuc,,past,pass,,kucita,kuc
kucyamAna,kuc,,pres,pass,,kucyamāna,kuc
kuYcitavat,kuc,,past,active,,kuñcitavat,kuc
kuYcita,kuc,,past,pass,,kuñcita,kuc
kuwat,kuw,6,pres,para,,kuṭat,kuṭ
kuwamAna,kuw,6,pres,atma,,kuṭamāna,kuṭ
kuwwayat,kuww,10,pres,para,,kuṭṭayat,kuṭṭ
kuwwayamAna,kuww,10,pres,atma,,kuṭṭayamāna,kuṭṭ
kuwwayitavya,kuww,,fut,pass,,kuṭṭayitavya,kuṭṭ
kuwwayizyat,kuww,,fut,para,,kuṭṭayiṣyat,kuṭṭ
kuwwayizyamAna,kuww,,fut,atma,,kuṭṭayiṣyamāna,kuṭṭ
kuwwavat,kuw,,past,active,,kuṭṭavat,kuṭ
kuwwa,kuw,,past,pass,,kuṭṭa,kuṭ
kuwwitavat,kuww,,past,active,,kuṭṭitavat,kuṭṭ
kuwwita,kuww,,past,pass,,kuṭṭita,kuṭṭ
kuwwyamAna,kuww,,pres,pass,,kuṭṭyamāna,kuṭṭ
kuwyamAna,kuw,,pres,pass,,kuṭyamāna,kuṭ
kuRWat,kuRW,1,pres,para,,kuṇṭhat,kuṇṭh
kuRWamAna,kuRW,1,pres,atma,,kuṇṭhamāna,kuṇṭh
kuRWitavat,kuRW,,past,active,,kuṇṭhitavat,kuṇṭh
kuRWita,kuRW,,past,pass,,kuṇṭhita,kuṇṭh
kuRWyamAna,kuRW,,pres,pass,,kuṇṭhyamāna,kuṇṭh
kuRqat,kuRq,1,pres,para,,kuṇḍat,kuṇḍ
kuRqamAna,kuRq,1,pres,atma,,kuṇḍamāna,kuṇḍ
kuRqitavat,kuRq,,past,active,,kuṇḍitavat,kuṇḍ
kuRqita,kuRq,,past,pass,,kuṇḍita,kuṇḍ
kuRqyamAna,kuRq,,pres,pass,,kuṇḍyamāna,kuṇḍ
kutsayat,kuts,10,pres,para,,kutsayat,kuts
kutsayamAna,kuts,10,pres,atma,,kutsayamāna,kuts
kutsayitavya,kuts,,fut,pass,,kutsayitavya,kuts
kutsayizyat,kuts,,fut,para,,kutsayiṣyat,kuts
kutsayizyamAna,kuts,,fut,atma,,kutsayiṣyamāna,kuts
kutsitavat,kuts,,past,active,,kutsitavat,kuts
kutsita,kuts,,past,pass,,kutsita,kuts
kutsyamAna,kuts,,pres,pass,,kutsyamāna,kuts
kunTat,kunT,1,pres,para,,kunthat,kunth
kunTamAna,kunT,1,pres,atma,,kunthamāna,kunth
kunTitavat,kunT,,past,active,,kunthitavat,kunth
kunTita,kunT,,past,pass,,kunthita,kunth
kunTyamAna,kunT,,pres,pass,,kunthyamāna,kunth
kupitavat,kup,,past,active,,kupitavat,kup
kupita,kup,,past,pass,,kupita,kup
kupyat,kup,4,pres,para,,kupyat,kup
kupyamAna,kup,4,pres,atma,,kupyamāna,kup
kupyamAna,kup,,pres,pass,,kupyamāna,kup
kurvat,kf#1,8,pres,para,,kurvat,kṛ#1
kurvARa,kf#1,8,pres,atma,,kurvāṇa,kṛ#1
kultavat,kul,,past,active,,kultavat,kul
kulta,kul,,past,pass,,kulta,kul
kulyamAna,kul,,pres,pass,,kulyamāna,kul
kuvamAna,kU,6,pres,atma,,kuvamāna,kū
kusumayat,kusum,10,pres,para,,kusumayat,kusum
kusumayamAna,kusum,10,pres,atma,,kusumayamāna,kusum
kusumayitavya,kusum,,fut,pass,,kusumayitavya,kusum
kusumayizyat,kusum,,fut,para,,kusumayiṣyat,kusum
kusumayizyamAna,kusum,,fut,atma,,kusumayiṣyamāna,kusum
kusumitavat,kusum,,past,active,,kusumitavat,kusum
kusumita,kusum,,past,pass,,kusumita,kusum
kusumyamAna,kusum,,pres,pass,,kusumyamāna,kusum
kusomanIya,kusum,,fut,pass,,kusomanīya,kusum
kusomya,kusum,,fut,pass,,kusomya,kusum
kUjat,kUj,1,pres,para,,kūjat,kūj
kUjamAna,kUj,1,pres,atma,,kūjamāna,kūj
kUjitavat,kUj,,past,active,,kūjitavat,kūj
kUjita,kUj,,past,pass,,kūjita,kūj
kUjyamAna,kUj,,pres,pass,,kūjyamāna,kūj
kUjya,kUj,,fut,pass,,kūjya,kūj
kUtavat,kU,,past,active,,kūtavat,kū
kUta,kU,,past,pass,,kūta,kū
kfcCrayizyat,kfcCr,,fut,para,,kṛcchrayiṣyat,kṛcchr
kfcCrayizyamAna,kfcCr,,fut,atma,,kṛcchrayiṣyamāna,kṛcchr
kfcCrAyat,kfcCr,10,pres,para,,kṛcchrāyat,kṛcchr
kfcCrAyamAna,kfcCr,10,pres,atma,,kṛcchrāyamāna,kṛcchr
kfcCrAyitavya,kfcCr,,fut,pass,,kṛcchrāyitavya,kṛcchr
kfcCritavat,kfcCr,,past,active,,kṛcchritavat,kṛcchr
kfcCrita,kfcCr,,past,pass,,kṛcchrita,kṛcchr
kfcCryamAna,kfcCr,,pres,pass,,kṛcchryamāna,kṛcchr
kfcCrya,kfcCr,,fut,pass,,kṛcchrya,kṛcchr
kfRvat,kf#1,5,pres,para,,kṛṇvat,kṛ#1
kfRvAna,kf#1,5,pres,atma,,kṛṇvāna,kṛ#1
kftavat,kf#1,,past,active,,kṛtavat,kṛ#1
kfta,kf#1,,past,pass,,kṛta,kṛ#1
kfttavat,kft#1,,past,active,,kṛttavat,kṛt#1
kftta,kft#1,,past,pass,,kṛtta,kṛt#1
kftyamAna,kft#1,,pres,pass,,kṛtyamāna,kṛt#1
kftya,kft#1,,fut,pass,,kṛtya,kṛt#1
kftya,kf#1,,fut,pass,,kṛtya,kṛ#1
kfntat,kft#1,6,pres,para,,kṛntat,kṛt#1
kfntamAna,kft#1,6,pres,atma,,kṛntamāna,kṛt#1
kfpaRIya,kfp,,fut,pass,caus,kṛpaṇīya,kṛp
kfpat,kfp,6,pres,para,,kṛpat,kṛp
kfpamAna,kfp,6,pres,atma,,kṛpamāna,kṛp
kfpayat,kfp,,pres,para,caus,kṛpayat,kṛp
kfpayamAna,kfp,,pres,atma,caus,kṛpayamāna,kṛp
kfpayitavya,kfp,,fut,pass,caus,kṛpayitavya,kṛp
kfpayizyat,kfp,,fut,para,caus,kṛpayiṣyat,kṛp
kfpayizyamAna,kfp,,fut,atma,,kṛpayiṣyamāna,kṛp
kfpayizyamAna,kfp,,fut,atma,caus,kṛpayiṣyamāna,kṛp
kfpitavat,kfp,,past,active,caus,kṛpitavat,kṛp
kfpita,kfp,,past,pass,caus,kṛpita,kṛp
kfptavat,kfp,,past,active,,kṛptavat,kṛp
kfpta,kfp,,past,pass,,kṛpta,kṛp
kfpyamAna,kfp,,pres,pass,,kṛpyamāna,kṛp
kfpyamAna,kfp,,pres,pass,caus,kṛpyamāna,kṛp
kfpya,kfp,,fut,pass,,kṛpya,kṛp
kfpya,kfp,,fut,pass,caus,kṛpya,kṛp
kfSitavat,kfS,,past,active,,kṛśitavat,kṛś
kfSita,kfS,,past,pass,,kṛśita,kṛś
kfSyat,kfS,4,pres,para,,kṛśyat,kṛś
kfSyamAna,kfS,4,pres,atma,,kṛśyamāna,kṛś
kfSyamAna,kfS,,pres,pass,,kṛśyamāna,kṛś
kfSya,kfS,,fut,pass,,kṛśya,kṛś
kfzat,kfz,6,pres,para,,kṛṣat,kṛṣ
kfzamAna,kfz,6,pres,atma,,kṛṣamāna,kṛṣ
kfzwavat,kfz,,past,active,,kṛṣṭavat,kṛṣ
kfzwa,kfz,,past,pass,,kṛṣṭa,kṛṣ
kfzyamAna,kfz,,pres,pass,,kṛṣyamāna,kṛṣ
kfzya,kfz,,fut,pass,,kṛṣya,kṛṣ
kxptavat,kxp,,past,active,,kḷptavat,kḷp
kxpta,kxp,,past,pass,,kḷpta,kḷp
kertanIya,kIrt,,fut,pass,,kertanīya,kīrt
koktavya,kuc,,fut,pass,,koktavya,kuc
koktavya,kUj,,fut,pass,,koktavya,kūj
kokzyat,kuc,,fut,para,,kokṣyat,kuc
kokzyat,kUj,,fut,para,,kokṣyat,kūj
kokzyamAna,kuc,,fut,atma,,kokṣyamāna,kuc
kokzyamAna,kUj,,fut,atma,,kokṣyamāna,kūj
kocanIya,kuc,,fut,pass,,kocanīya,kuc
kocya,kuc,,fut,pass,,kocya,kuc
kojanIya,kUj,,fut,pass,,kojanīya,kūj
kowanIya,kuw,,fut,pass,,koṭanīya,kuṭ
kowwanIya,kuww,,fut,pass,,koṭṭanīya,kuṭṭ
kowwavya,kuw,,fut,pass,,koṭṭavya,kuṭ
kowwya,kuww,,fut,pass,,koṭṭya,kuṭṭ
kowya,kuw,,fut,pass,,koṭya,kuṭ
kowsyat,kuw,,fut,para,,koṭsyat,kuṭ
kowsyamAna,kuw,,fut,atma,,koṭsyamāna,kuṭ
koRwwavya,kuRq,,fut,pass,,koṇṭṭavya,kuṇḍ
koRwWavya,kuRW,,fut,pass,,koṇṭṭhavya,kuṇṭh
koRWanIya,kuRW,,fut,pass,,koṇṭhanīya,kuṇṭh
koRWya,kuRW,,fut,pass,,koṇṭhya,kuṇṭh
koRWsyat,kuRW,,fut,para,,koṇṭhsyat,kuṇṭh
koRWsyamAna,kuRW,,fut,atma,,koṇṭhsyamāna,kuṇṭh
koRqanIya,kuRq,,fut,pass,,koṇḍanīya,kuṇḍ
koRqya,kuRq,,fut,pass,,koṇḍya,kuṇḍ
koRqsyat,kuRq,,fut,para,,koṇḍsyat,kuṇḍ
koRqsyamAna,kuRq,,fut,atma,,koṇḍsyamāna,kuṇḍ
kotsanIya,kuts,,fut,pass,,kotsanīya,kuts
kotsya,kuts,,fut,pass,,kotsya,kuts
kontTavya,kunT,,fut,pass,,kontthavya,kunth
kontsyat,kunT,,fut,para,,kontsyat,kunth
kontsyamAna,kunT,,fut,atma,,kontsyamāna,kunth
konTanIya,kunT,,fut,pass,,konthanīya,kunth
konTya,kunT,,fut,pass,,konthya,kunth
kopanIya,kup,,fut,pass,,kopanīya,kup
kopitavya,kup,,fut,pass,,kopitavya,kup
kopizyat,kup,,fut,para,,kopiṣyat,kup
kopizyamAna,kup,,fut,atma,,kopiṣyamāna,kup
kopya,kup,,fut,pass,,kopya,kup
kolat,kul,1,pres,para,,kolat,kul
kolanIya,kul,,fut,pass,,kolanīya,kul
kolamAna,kul,1,pres,atma,,kolamāna,kul
kolitavya,kul,,fut,pass,,kolitavya,kul
kolizyat,kul,,fut,para,,koliṣyat,kul
kolizyamAna,kul,,fut,atma,,koliṣyamāna,kul
kolya,kul,,fut,pass,,kolya,kul
kraMsyat,kram,,fut,para,,kraṃsyat,kram
kraMsyamAna,kram,,fut,atma,,kraṃsyamāna,kram
krakzyat,kfz,,fut,para,,krakṣyat,kṛṣ
krakzyamAna,kfz,,fut,atma,,krakṣyamāna,kṛṣ
krantavya,kram,,fut,pass,,krantavya,kram
krandat,krand,1,pres,para,,krandat,krand
krandanIya,krand,,fut,pass,,krandanīya,krand
krandamAna,krand,1,pres,atma,,krandamāna,krand
kranditavat,krand,,past,active,,kranditavat,krand
kranditavya,krand,,fut,pass,,kranditavya,krand
krandita,krand,,past,pass,,krandita,krand
krandizyat,krand,,fut,para,,krandiṣyat,krand
krandizyamAna,krand,,fut,atma,,krandiṣyamāna,krand
krandyamAna,krand,,pres,pass,,krandyamāna,krand
krandya,krand,,fut,pass,,krandya,krand
kramaRIya,kram,,fut,pass,,kramaṇīya,kram
kramaRIya,kram,,fut,pass,caus,kramaṇīya,kram
kramat,kram,1,pres,para,,kramat,kram
kramamAna,kram,1,pres,atma,,kramamāna,kram
kramayat,kram,,pres,para,caus,kramayat,kram
kramayamAna,kram,,pres,atma,caus,kramayamāna,kram
kramayitavya,kram,,fut,pass,caus,kramayitavya,kram
kramayizyat,kram,,fut,para,caus,kramayiṣyat,kram
kramayizyamAna,kram,,fut,atma,,kramayiṣyamāna,kram
kramayizyamAna,kram,,fut,atma,caus,kramayiṣyamāna,kram
kramitavat,kram,,past,active,caus,kramitavat,kram
kramitavya,kram,,fut,pass,,kramitavya,kram
kramita,kram,,past,pass,caus,kramita,kram
kramizyat,kram,,fut,para,,kramiṣyat,kram
kramizyamAna,kram,,fut,atma,,kramiṣyamāna,kram
kramyamAna,kram,,pres,pass,,kramyamāna,kram
kramyamAna,kram,,pres,pass,caus,kramyamāna,kram
kramya,kram,,fut,pass,,kramya,kram
kramya,kram,,fut,pass,caus,kramya,kram
krayaRIya,krI,,fut,pass,,krayaṇīya,krī
krazwavya,kfz,,fut,pass,,kraṣṭavya,kṛṣ
krAntavat,kram,,past,active,,krāntavat,kram
krAnta,kram,,past,pass,,krānta,kram
krAmaRIya,kram,,fut,pass,caus,krāmaṇīya,kram
krAmat,kram,1,pres,para,,krāmat,kram
krAmamAna,kram,1,pres,atma,,krāmamāna,kram
krAmayat,kram,,pres,para,caus,krāmayat,kram
krAmayamAna,kram,,pres,atma,caus,krāmayamāna,kram
krAmayitavya,kram,,fut,pass,caus,krāmayitavya,kram
krAmayizyat,kram,,fut,para,caus,krāmayiṣyat,kram
krAmayizyamAna,kram,,fut,atma,,krāmayiṣyamāna,kram
krAmayizyamAna,kram,,fut,atma,caus,krāmayiṣyamāna,kram
krAmitavat,kram,,past,active,caus,krāmitavat,kram
krAmita,kram,,past,pass,caus,krāmita,kram
krAmyamAna,kram,,pres,pass,caus,krāmyamāna,kram
krAmya,kram,,fut,pass,caus,krāmya,kram
kriyamAna,kf#1,,pres,pass,,kriyamāna,kṛ#1
krIqat,krIq,1,pres,para,,krīḍat,krīḍ
krIqanIya,krIq,,fut,pass,caus,krīḍanīya,krīḍ
krIqamAna,krIq,1,pres,atma,,krīḍamāna,krīḍ
krIqayat,krIq,,pres,para,caus,krīḍayat,krīḍ
krIqayamAna,krIq,,pres,atma,caus,krīḍayamāna,krīḍ
krIqayitavya,krIq,,fut,pass,caus,krīḍayitavya,krīḍ
krIqayizyat,krIq,,fut,para,caus,krīḍayiṣyat,krīḍ
krIqayizyamAna,krIq,,fut,atma,,krīḍayiṣyamāna,krīḍ
krIqayizyamAna,krIq,,fut,atma,caus,krīḍayiṣyamāna,krīḍ
krIqitavat,krIq,,past,active,,krīḍitavat,krīḍ
krIqitavat,krIq,,past,active,caus,krīḍitavat,krīḍ
krIqitavya,krIq,,fut,pass,,krīḍitavya,krīḍ
krIqita,krIq,,past,pass,,krīḍita,krīḍ
krIqita,krIq,,past,pass,caus,krīḍita,krīḍ
krIqizyat,krIq,,fut,para,,krīḍiṣyat,krīḍ
krIqizyamAna,krIq,,fut,atma,,krīḍiṣyamāna,krīḍ
krIqyamAna,krIq,,pres,pass,,krīḍyamāna,krīḍ
krIqyamAna,krIq,,pres,pass,caus,krīḍyamāna,krīḍ
krIqya,krIq,,fut,pass,,krīḍya,krīḍ
krIqya,krIq,,fut,pass,caus,krīḍya,krīḍ
krIRat,krI,9,pres,para,,krīṇat,krī
krIRAna,krI,9,pres,atma,,krīṇāna,krī
krItavat,krI,,past,active,,krītavat,krī
krIta,krI,,past,pass,,krīta,krī
krIyamAna,krI,,pres,pass,,krīyamāna,krī
kruktavat,kruYc#1,,past,active,,kruktavat,kruñc#1
krukta,kruYc#1,,past,pass,,krukta,kruñc#1
krucyamAna,kruYc#1,,pres,pass,,krucyamāna,kruñc#1
kruYcat,kruYc#1,1,pres,para,,kruñcat,kruñc#1
kruYcamAna,kruYc#1,1,pres,atma,,kruñcamāna,kruñc#1
krudDavat,kruD#1,,past,active,,kruddhavat,krudh#1
krudDa,kruD#1,,past,pass,,kruddha,krudh#1
kruDyat,kruD#1,4,pres,para,,krudhyat,krudh#1
kruDyamAna,kruD#1,4,pres,atma,,krudhyamāna,krudh#1
kruDyamAna,kruD#1,,pres,pass,,krudhyamāna,krudh#1
kruSyamAna,kruS,,pres,pass,,kruśyamāna,kruś
kruzwavat,kruS,,past,active,,kruṣṭavat,kruś
kruzwa,kruS,,past,pass,,kruṣṭa,kruś
kreqanIya,krIq,,fut,pass,,kreḍanīya,krīḍ
kretavya,krI,,fut,pass,,kretavya,krī
kreya,krI,,fut,pass,,kreya,krī
krezyat,krI,,fut,para,,kreṣyat,krī
krezyamAna,krI,,fut,atma,,kreṣyamāna,krī
krokzyat,kruS,,fut,para,,krokṣyat,kruś
krokzyamAna,kruS,,fut,atma,,krokṣyamāna,kruś
kroNktavya,kruYc#1,,fut,pass,,kroṅktavya,kruñc#1
kroNkzyat,kruYc#1,,fut,para,,kroṅkṣyat,kruñc#1
kroNkzyamAna,kruYc#1,,fut,atma,,kroṅkṣyamāna,kruñc#1
kroYcanIya,kruYc#1,,fut,pass,,kroñcanīya,kruñc#1
kroYcya,kruYc#1,,fut,pass,,kroñcya,kruñc#1
krotsyat,kruD#1,,fut,para,,krotsyat,krudh#1
krotsyamAna,kruD#1,,fut,atma,,krotsyamāna,krudh#1
krodDavya,kruD#1,,fut,pass,,kroddhavya,krudh#1
kroDanIya,kruD#1,,fut,pass,,krodhanīya,krudh#1
kroDanIya,kruD#1,,fut,pass,caus,krodhanīya,krudh#1
kroDayat,kruD#1,,pres,para,caus,krodhayat,krudh#1
kroDayamAna,kruD#1,,pres,atma,caus,krodhayamāna,krudh#1
kroDayitavya,kruD#1,,fut,pass,caus,krodhayitavya,krudh#1
kroDayizyat,kruD#1,,fut,para,caus,krodhayiṣyat,krudh#1
kroDayizyamAna,kruD#1,,fut,atma,,krodhayiṣyamāna,krudh#1
kroDayizyamAna,kruD#1,,fut,atma,caus,krodhayiṣyamāna,krudh#1
kroDitavat,kruD#1,,past,active,caus,krodhitavat,krudh#1
kroDita,kruD#1,,past,pass,caus,krodhita,krudh#1
kroDyamAna,kruD#1,,pres,pass,caus,krodhyamāna,krudh#1
kroDya,kruD#1,,fut,pass,,krodhya,krudh#1
kroDya,kruD#1,,fut,pass,caus,krodhya,krudh#1
kroSat,kruS,1,pres,para,,krośat,kruś
kroSanIya,kruS,,fut,pass,,krośanīya,kruś
kroSamAna,kruS,1,pres,atma,,krośamāna,kruś
kroSya,kruS,,fut,pass,,krośya,kruś
krozwavya,kruS,,fut,pass,,kroṣṭavya,kruś
kliSnat,kliS,9,pres,para,,kliśnat,kliś
kliSnAna,kliS,9,pres,atma,,kliśnāna,kliś
kliSyamAna,kliS,,pres,pass,,kliśyamāna,kliś
klizwavat,kliS,,past,active,,kliṣṭavat,kliś
klizwa,kliS,,past,pass,,kliṣṭa,kliś
klekzyat,kliS,,fut,para,,klekṣyat,kliś
klekzyamAna,kliS,,fut,atma,,klekṣyamāna,kliś
kleSanIya,kliS,,fut,pass,,kleśanīya,kliś
kleSanIya,kliS,,fut,pass,caus,kleśanīya,kliś
kleSayat,kliS,,pres,para,caus,kleśayat,kliś
kleSayamAna,kliS,,pres,atma,caus,kleśayamāna,kliś
kleSayitavya,kliS,,fut,pass,caus,kleśayitavya,kliś
kleSayizyat,kliS,,fut,para,caus,kleśayiṣyat,kliś
kleSayizyamAna,kliS,,fut,atma,,kleśayiṣyamāna,kliś
kleSayizyamAna,kliS,,fut,atma,caus,kleśayiṣyamāna,kliś
kleSitavat,kliS,,past,active,caus,kleśitavat,kliś
kleSita,kliS,,past,pass,caus,kleśita,kliś
kleSyamAna,kliS,,pres,pass,caus,kleśyamāna,kliś
kleSya,kliS,,fut,pass,,kleśya,kliś
kleSya,kliS,,fut,pass,caus,kleśya,kliś
klezwavya,kliS,,fut,pass,,kleṣṭavya,kliś
kvatTavya,kvaT,,fut,pass,,kvatthavya,kvath
kvatsyat,kvaT,,fut,para,,kvatsyat,kvath
kvatsyamAna,kvaT,,fut,atma,,kvatsyamāna,kvath
kvaTat,kvaT,1,pres,para,,kvathat,kvath
kvaTanIya,kvaT,,fut,pass,,kvathanīya,kvath
kvaTamAna,kvaT,1,pres,atma,,kvathamāna,kvath
kvaTitavat,kvaT,,past,active,,kvathitavat,kvath
kvaTita,kvaT,,past,pass,,kvathita,kvath
kvaTyamAna,kvaT,,pres,pass,,kvathyamāna,kvath
kvaTya,kvaT,,fut,pass,,kvathya,kvath
kvATanIya,kvaT,,fut,pass,caus,kvāthanīya,kvath
kvATayat,kvaT,,pres,para,caus,kvāthayat,kvath
kvATayamAna,kvaT,,pres,atma,caus,kvāthayamāna,kvath
kvATayitavya,kvaT,,fut,pass,caus,kvāthayitavya,kvath
kvATayizyat,kvaT,,fut,para,caus,kvāthayiṣyat,kvath
kvATayizyamAna,kvaT,,fut,atma,,kvāthayiṣyamāna,kvath
kvATayizyamAna,kvaT,,fut,atma,caus,kvāthayiṣyamāna,kvath
kvATitavat,kvaT,,past,active,caus,kvāthitavat,kvath
kvATita,kvaT,,past,pass,caus,kvāthita,kvath
kvATyamAna,kvaT,,pres,pass,caus,kvāthyamāna,kvath
kvATya,kvaT,,fut,pass,caus,kvāthya,kvath
kzaMsyat,kzan,,fut,para,,kṣaṃsyat,kṣan
kzaMsyamAna,kzan,,fut,atma,,kṣaṃsyamāna,kṣan
kzaMsyamAna,kzam,,fut,atma,,kṣaṃsyamāna,kṣam
kzaRuvat,kzan,5,pres,para,,kṣaṇuvat,kṣan
kzaRya,kzan,,fut,pass,,kṣaṇya,kṣan
kzaRvAna,kzan,5,pres,atma,,kṣaṇvāna,kṣan
kzatavat,kzan,,past,active,,kṣatavat,kṣan
kzata,kzan,,past,pass,,kṣata,kṣan
kzattavat,kzad,,past,active,,kṣattavat,kṣad
kzattavya,kzad,,fut,pass,,kṣattavya,kṣad
kzatta,kzad,,past,pass,,kṣatta,kṣad
kzatsyat,kzad,,fut,para,,kṣatsyat,kṣad
kzatsyamAna,kzad,,fut,atma,,kṣatsyamāna,kṣad
kzadat,kzad,1,pres,para,,kṣadat,kṣad
kzadanIya,kzad,,fut,pass,,kṣadanīya,kṣad
kzadamAna,kzad,1,pres,atma,,kṣadamāna,kṣad
kzadyamAna,kzad,,pres,pass,,kṣadyamāna,kṣad
kzadya,kzad,,fut,pass,,kṣadya,kṣad
kzananIya,kzan,,fut,pass,,kṣananīya,kṣan
kzantavya,kzan,,fut,pass,,kṣantavya,kṣan
kzantavya,kzam,,fut,pass,,kṣantavya,kṣam
kzanyamAna,kzan,,pres,pass,,kṣanyamāna,kṣan
kzapaRIya,kzap,,fut,pass,,kṣapaṇīya,kṣap
kzapat,kzap,1,pres,para,,kṣapat,kṣap
kzapamAna,kzap,1,pres,atma,,kṣapamāna,kṣap
kzaptavat,kzap,,past,active,,kṣaptavat,kṣap
kzaptavya,kzap,,fut,pass,,kṣaptavya,kṣap
kzapta,kzap,,past,pass,,kṣapta,kṣap
kzapyamAna,kzap,,pres,pass,,kṣapyamāna,kṣap
kzapya,kzap,,fut,pass,,kṣapya,kṣap
kzapsyat,kzap,,fut,para,,kṣapsyat,kṣap
kzapsyamAna,kzap,,fut,atma,,kṣapsyamāna,kṣap
kzamaRIya,kzam,,fut,pass,,kṣamaṇīya,kṣam
kzamaRIya,kzam,,fut,pass,caus,kṣamaṇīya,kṣam
kzamamAna,kzam,1,pres,atma,,kṣamamāna,kṣam
kzamayat,kzam,,pres,para,caus,kṣamayat,kṣam
kzamayamAna,kzam,,pres,atma,caus,kṣamayamāna,kṣam
kzamayitavya,kzam,,fut,pass,caus,kṣamayitavya,kṣam
kzamayizyat,kzam,,fut,para,caus,kṣamayiṣyat,kṣam
kzamayizyamAna,kzam,,fut,atma,,kṣamayiṣyamāna,kṣam
kzamayizyamAna,kzam,,fut,atma,caus,kṣamayiṣyamāna,kṣam
kzamitavat,kzam,,past,active,,kṣamitavat,kṣam
kzamitavat,kzam,,past,active,caus,kṣamitavat,kṣam
kzamitavya,kzam,,fut,pass,,kṣamitavya,kṣam
kzamita,kzam,,past,pass,,kṣamita,kṣam
kzamita,kzam,,past,pass,caus,kṣamita,kṣam
kzamizyamAna,kzam,,fut,atma,,kṣamiṣyamāna,kṣam
kzamyamAna,kzam,,pres,pass,,kṣamyamāna,kṣam
kzamyamAna,kzam,,pres,pass,caus,kṣamyamāna,kṣam
kzamya,kzam,,fut,pass,,kṣamya,kṣam
kzamya,kzam,,fut,pass,caus,kṣamya,kṣam
kzayaRIya,kzi,,fut,pass,,kṣayaṇīya,kṣi
kzayaRIya,kzI,,fut,pass,,kṣayaṇīya,kṣī
kzayat,kzi,1,pres,para,,kṣayat,kṣi
kzayamAna,kzi,1,pres,atma,,kṣayamāna,kṣi
kzayitavya,kzI,,fut,pass,,kṣayitavya,kṣī
kzayizyat,kzI,,fut,para,,kṣayiṣyat,kṣī
kzayizyamAna,kzI,,fut,atma,,kṣayiṣyamāna,kṣī
kzayya,kzI,,fut,pass,,kṣayya,kṣī
kzaraRIya,kzar,,fut,pass,,kṣaraṇīya,kṣar
kzarat,kzar,1,pres,para,,kṣarat,kṣar
kzaramAna,kzar,1,pres,atma,,kṣaramāna,kṣar
kzaritavat,kzar,,past,active,,kṣaritavat,kṣar
kzaritavya,kzar,,fut,pass,,kṣaritavya,kṣar
kzarita,kzar,,past,pass,,kṣarita,kṣar
kzarizyat,kzar,,fut,para,,kṣariṣyat,kṣar
kzarizyamAna,kzar,,fut,atma,,kṣariṣyamāna,kṣar
kzaryamAna,kzar,,pres,pass,,kṣaryamāna,kṣar
kzarya,kzar,,fut,pass,,kṣarya,kṣar
kzalanIya,kzal,,fut,pass,,kṣalanīya,kṣal
kzaltavat,kzal,,past,active,,kṣaltavat,kṣal
kzalta,kzal,,past,pass,,kṣalta,kṣal
kzalya,kzal,,fut,pass,,kṣalya,kṣal
kzavaRIya,kzu,,fut,pass,,kṣavaṇīya,kṣu
kzavitavya,kzu,,fut,pass,,kṣavitavya,kṣu
kzavizyat,kzu,,fut,para,,kṣaviṣyat,kṣu
kzavizyamAna,kzu,,fut,atma,,kṣaviṣyamāna,kṣu
kzAnitavat,kzam,,past,active,,kṣānitavat,kṣam
kzAnita,kzam,,past,pass,,kṣānita,kṣam
kzAmaRIya,kzam,,fut,pass,caus,kṣāmaṇīya,kṣam
kzAmayat,kzam,,pres,para,caus,kṣāmayat,kṣam
kzAmayamAna,kzam,,pres,atma,caus,kṣāmayamāna,kṣam
kzAmayitavya,kzam,,fut,pass,caus,kṣāmayitavya,kṣam
kzAmayizyat,kzam,,fut,para,caus,kṣāmayiṣyat,kṣam
kzAmayizyamAna,kzam,,fut,atma,,kṣāmayiṣyamāna,kṣam
kzAmayizyamAna,kzam,,fut,atma,caus,kṣāmayiṣyamāna,kṣam
kzAmitavat,kzam,,past,active,caus,kṣāmitavat,kṣam
kzAmita,kzam,,past,pass,caus,kṣāmita,kṣam
kzAmyamAna,kzam,,pres,pass,caus,kṣāmyamāna,kṣam
kzAmya,kzam,,fut,pass,caus,kṣāmya,kṣam
kzAlayat,kzal,10,pres,para,,kṣālayat,kṣal
kzAlayamAna,kzal,10,pres,atma,,kṣālayamāna,kṣal
kzAlayitavya,kzal,,fut,pass,,kṣālayitavya,kṣal
kzAlayizyat,kzal,,fut,para,,kṣālayiṣyat,kṣal
kzAlayizyamAna,kzal,,fut,atma,,kṣālayiṣyamāna,kṣal
kzAlyamAna,kzal,,pres,pass,,kṣālyamāna,kṣal
kziRat,kzI,9,pres,para,,kṣiṇat,kṣī
kziRAna,kzI,9,pres,atma,,kṣiṇāna,kṣī
kziRvat,kzI,5,pres,para,,kṣiṇvat,kṣī
kziRvAna,kzI,5,pres,atma,,kṣiṇvāna,kṣī
kzipat,kzip,1,pres,para,,kṣipat,kṣip
kzipamAna,kzip,1,pres,atma,,kṣipamāna,kṣip
kziptavat,kzip,,past,active,,kṣiptavat,kṣip
kzipta,kzip,,past,pass,,kṣipta,kṣip
kzipyamAna,kzip,,pres,pass,,kṣipyamāna,kṣip
kziyat,kzi,2,pres,para,,kṣiyat,kṣi
kziyat,kzi,6,pres,para,,kṣiyat,kṣi
kziyamAna,kzi,6,pres,atma,,kṣiyamāna,kṣi
kziyARa,kzi,2,pres,atma,,kṣiyāṇa,kṣi
kzIRavat,kzI,,past,active,,kṣīṇavat,kṣī
kzIRa,kzI,,past,pass,,kṣīṇa,kṣī
kzItavat,kzi,,past,active,,kṣītavat,kṣi
kzIta,kzi,,past,pass,,kṣīta,kṣi
kzIyamAna,kzI,,pres,pass,,kṣīyamāna,kṣī
kzIyamAna,kzi,,pres,pass,,kṣīyamāna,kṣi
kzuRRavat,kzud,,past,active,,kṣuṇṇavat,kṣud
kzuRRa,kzud,,past,pass,,kṣuṇṇa,kṣud
kzutavat,kzu,,past,active,,kṣutavat,kṣu
kzuta,kzu,,past,pass,,kṣuta,kṣu
kzudyamAna,kzud,,pres,pass,,kṣudyamāna,kṣud
kzuDitavat,kzuD#1,,past,active,,kṣudhitavat,kṣudh#1
kzuDita,kzuD#1,,past,pass,,kṣudhita,kṣudh#1
kzuDyat,kzuD#1,4,pres,para,,kṣudhyat,kṣudh#1
kzuDyamAna,kzuD#1,4,pres,atma,,kṣudhyamāna,kṣudh#1
kzuDyamAna,kzuD#1,,pres,pass,,kṣudhyamāna,kṣudh#1
kzubDavat,kzuB,,past,active,,kṣubdhavat,kṣubh
kzubDa,kzuB,,past,pass,,kṣubdha,kṣubh
kzuBitavat,kzuB,,past,active,,kṣubhitavat,kṣubh
kzuBita,kzuB,,past,pass,,kṣubhita,kṣubh
kzuByat,kzuB,4,pres,para,,kṣubhyat,kṣubh
kzuByamAna,kzuB,4,pres,atma,,kṣubhyamāna,kṣubh
kzuByamAna,kzuB,,pres,pass,,kṣubhyamāna,kṣubh
kzuyamAna,kzu,,pres,pass,,kṣuyamāna,kṣu
kzuvat,kzu,2,pres,para,,kṣuvat,kṣu
kzuvARa,kzu,2,pres,atma,,kṣuvāṇa,kṣu
kzetavya,kzi,,fut,pass,,kṣetavya,kṣi
kzetavya,kzI,,fut,pass,,kṣetavya,kṣī
kzepaRIya,kzip,,fut,pass,,kṣepaṇīya,kṣip
kzepaRIya,kzip,,fut,pass,caus,kṣepaṇīya,kṣip
kzepayat,kzip,,pres,para,caus,kṣepayat,kṣip
kzepayamAna,kzip,,pres,atma,caus,kṣepayamāna,kṣip
kzepayitavya,kzip,,fut,pass,caus,kṣepayitavya,kṣip
kzepayizyat,kzip,,fut,para,caus,kṣepayiṣyat,kṣip
kzepayizyamAna,kzip,,fut,atma,,kṣepayiṣyamāna,kṣip
kzepayizyamAna,kzip,,fut,atma,caus,kṣepayiṣyamāna,kṣip
kzepitavat,kzip,,past,active,caus,kṣepitavat,kṣip
kzepita,kzip,,past,pass,caus,kṣepita,kṣip
kzeptavya,kzip,,fut,pass,,kṣeptavya,kṣip
kzepyamAna,kzip,,pres,pass,caus,kṣepyamāna,kṣip
kzepya,kzip,,fut,pass,,kṣepya,kṣip
kzepya,kzip,,fut,pass,caus,kṣepya,kṣip
kzepsyat,kzip,,fut,para,,kṣepsyat,kṣip
kzepsyamAna,kzip,,fut,atma,,kṣepsyamāna,kṣip
kzeya,kzi,,fut,pass,,kṣeya,kṣi
kzeya,kzI,,fut,pass,,kṣeya,kṣī
kzezyat,kzi,,fut,para,,kṣeṣyat,kṣi
kzezyat,kzI,,fut,para,,kṣeṣyat,kṣī
kzezyamAna,kzi,,fut,atma,,kṣeṣyamāna,kṣi
kzezyamAna,kzI,,fut,atma,,kṣeṣyamāna,kṣī
kzottavya,kzud,,fut,pass,,kṣottavya,kṣud
kzotsyat,kzud,,fut,para,,kṣotsyat,kṣud
kzotsyat,kzuD#1,,fut,para,,kṣotsyat,kṣudh#1
kzotsyamAna,kzud,,fut,atma,,kṣotsyamāna,kṣud
kzotsyamAna,kzuD#1,,fut,atma,,kṣotsyamāna,kṣudh#1
kzodat,kzud,1,pres,para,,kṣodat,kṣud
kzodanIya,kzud,,fut,pass,,kṣodanīya,kṣud
kzodamAna,kzud,1,pres,atma,,kṣodamāna,kṣud
kzodDavya,kzuD#1,,fut,pass,,kṣoddhavya,kṣudh#1
kzodya,kzud,,fut,pass,,kṣodya,kṣud
kzoDanIya,kzuD#1,,fut,pass,,kṣodhanīya,kṣudh#1
kzoDya,kzuD#1,,fut,pass,,kṣodhya,kṣudh#1
kzopsyat,kzuB,,fut,para,,kṣopsyat,kṣubh
kzopsyamAna,kzuB,,fut,atma,,kṣopsyamāna,kṣubh
kzobDavya,kzuB,,fut,pass,,kṣobdhavya,kṣubh
kzoBaRIya,kzuB,,fut,pass,,kṣobhaṇīya,kṣubh
kzoBaRIya,kzuB,,fut,pass,caus,kṣobhaṇīya,kṣubh
kzoBayat,kzuB,,pres,para,caus,kṣobhayat,kṣubh
kzoBayamAna,kzuB,,pres,atma,caus,kṣobhayamāna,kṣubh
kzoBayitavya,kzuB,,fut,pass,caus,kṣobhayitavya,kṣubh
kzoBayizyat,kzuB,,fut,para,caus,kṣobhayiṣyat,kṣubh
kzoBayizyamAna,kzuB,,fut,atma,,kṣobhayiṣyamāna,kṣubh
kzoBayizyamAna,kzuB,,fut,atma,caus,kṣobhayiṣyamāna,kṣubh
kzoBitavat,kzuB,,past,active,caus,kṣobhitavat,kṣubh
kzoBita,kzuB,,past,pass,caus,kṣobhita,kṣubh
kzoByamAna,kzuB,,pres,pass,caus,kṣobhyamāna,kṣubh
kzoBya,kzuB,,fut,pass,,kṣobhya,kṣubh
kzoBya,kzuB,,fut,pass,caus,kṣobhya,kṣubh
kzoya,kzu,,fut,pass,,kṣoya,kṣu
Kawwavat,Kaq,,past,active,,khaṭṭavat,khaḍ
Kawwa,Kaq,,past,pass,,khaṭṭa,khaḍ
KaqanIya,Kaq,,fut,pass,,khaḍanīya,khaḍ
Kaqayat,Kaq,10,pres,para,,khaḍayat,khaḍ
KaqayamAna,Kaq,10,pres,atma,,khaḍayamāna,khaḍ
Kaqayitavya,Kaq,,fut,pass,,khaḍayitavya,khaḍ
Kaqayizyat,Kaq,,fut,para,,khaḍayiṣyat,khaḍ
KaqayizyamAna,Kaq,,fut,atma,,khaḍayiṣyamāna,khaḍ
KaqyamAna,Kaq,,pres,pass,,khaḍyamāna,khaḍ
Kaqya,Kaq,,fut,pass,,khaḍya,khaḍ
KaRqanIya,KaRq,,fut,pass,,khaṇḍanīya,khaṇḍ
KaRqayat,KaRq,10,pres,para,,khaṇḍayat,khaṇḍ
KaRqayamAna,KaRq,10,pres,atma,,khaṇḍayamāna,khaṇḍ
KaRqayitavya,KaRq,,fut,pass,,khaṇḍayitavya,khaṇḍ
KaRqayizyat,KaRq,,fut,para,,khaṇḍayiṣyat,khaṇḍ
KaRqayizyamAna,KaRq,,fut,atma,,khaṇḍayiṣyamāna,khaṇḍ
KaRqitavat,KaRq,,past,active,,khaṇḍitavat,khaṇḍ
KaRqita,KaRq,,past,pass,,khaṇḍita,khaṇḍ
KaRqyamAna,KaRq,,pres,pass,,khaṇḍyamāna,khaṇḍ
KaRqya,KaRq,,fut,pass,,khaṇḍya,khaṇḍ
Kanat,Kan,1,pres,para,,khanat,khan
KananIya,Kan,,fut,pass,,khananīya,khan
KanamAna,Kan,1,pres,atma,,khanamāna,khan
Kanitavya,Kan,,fut,pass,,khanitavya,khan
Kanizyat,Kan,,fut,para,,khaniṣyat,khan
KanizyamAna,Kan,,fut,atma,,khaniṣyamāna,khan
KanyamAna,Kan,,pres,pass,,khanyamāna,khan
Kanya,Kan,,fut,pass,,khanya,khan
KAtavat,Kan,,past,active,,khātavat,khan
KAta,Kan,,past,pass,,khāta,khan
KAdat,KAd,1,pres,para,,khādat,khād
KAdanIya,KAd,,fut,pass,,khādanīya,khād
KAdamAna,KAd,1,pres,atma,,khādamāna,khād
KAditavat,KAd,,past,active,,khāditavat,khād
KAditavya,KAd,,fut,pass,,khāditavya,khād
KAdita,KAd,,past,pass,,khādita,khād
KAdizyat,KAd,,fut,para,,khādiṣyat,khād
KAdizyamAna,KAd,,fut,atma,,khādiṣyamāna,khād
KAdyamAna,KAd,,pres,pass,,khādyamāna,khād
KAdya,KAd,,fut,pass,,khādya,khād
KAnanIya,Kan,,fut,pass,caus,khānanīya,khan
KAnayat,Kan,,pres,para,caus,khānayat,khan
KAnayamAna,Kan,,pres,atma,caus,khānayamāna,khan
KAnayitavya,Kan,,fut,pass,caus,khānayitavya,khan
KAnayizyat,Kan,,fut,para,caus,khānayiṣyat,khan
KAnayizyamAna,Kan,,fut,atma,,khānayiṣyamāna,khan
KAnayizyamAna,Kan,,fut,atma,caus,khānayiṣyamāna,khan
KAnitavat,Kan,,past,active,caus,khānitavat,khan
KAnita,Kan,,past,pass,caus,khānita,khan
KAnyamAna,Kan,,pres,pass,caus,khānyamāna,khan
KAnya,Kan,,fut,pass,,khānya,khan
KAnya,Kan,,fut,pass,caus,khānya,khan
Kidat,Kid,6,pres,para,,khidat,khid
KidamAna,Kid,6,pres,atma,,khidamāna,khid
KidyamAna,Kid,,pres,pass,,khidyamāna,khid
Kinnavat,Kid,,past,active,,khinnavat,khid
Kinna,Kid,,past,pass,,khinna,khid
KIyamAna,KyA,,pres,pass,,khīyamāna,khyā
Kettavya,Kid,,fut,pass,,khettavya,khid
Ketsyat,Kid,,fut,para,,khetsyat,khid
KetsyamAna,Kid,,fut,atma,,khetsyamāna,khid
KedanIya,Kid,,fut,pass,,khedanīya,khid
KedanIya,Kid,,fut,pass,caus,khedanīya,khid
Kedayat,Kid,,pres,para,caus,khedayat,khid
KedayamAna,Kid,,pres,atma,caus,khedayamāna,khid
Kedayitavya,Kid,,fut,pass,caus,khedayitavya,khid
Kedayizyat,Kid,,fut,para,caus,khedayiṣyat,khid
KedayizyamAna,Kid,,fut,atma,,khedayiṣyamāna,khid
KedayizyamAna,Kid,,fut,atma,caus,khedayiṣyamāna,khid
Keditavat,Kid,,past,active,caus,kheditavat,khid
Kedita,Kid,,past,pass,caus,khedita,khid
KedyamAna,Kid,,pres,pass,caus,khedyamāna,khid
Kedya,Kid,,fut,pass,,khedya,khid
Kedya,Kid,,fut,pass,caus,khedya,khid
Keya,Kan,,fut,pass,,kheya,khan
Kelat,Kel,1,pres,para,,khelat,khel
KelanIya,Kel,,fut,pass,,khelanīya,khel
KelanIya,Kel,,fut,pass,caus,khelanīya,khel
KelamAna,Kel,1,pres,atma,,khelamāna,khel
Kelayat,Kel,,pres,para,caus,khelayat,khel
KelayamAna,Kel,,pres,atma,caus,khelayamāna,khel
Kelayitavya,Kel,,fut,pass,caus,khelayitavya,khel
Kelayizyat,Kel,,fut,para,caus,khelayiṣyat,khel
KelayizyamAna,Kel,,fut,atma,,khelayiṣyamāna,khel
KelayizyamAna,Kel,,fut,atma,caus,khelayiṣyamāna,khel
KelAnIya,KelA#2,,fut,pass,,khelānīya,khelā#2
KelAyat,KelA#2,10,pres,para,,khelāyat,khelā#2
KelAyamAna,KelA#2,10,pres,atma,,khelāyamāna,khelā#2
KelAyitavya,KelA#2,,fut,pass,,khelāyitavya,khelā#2
KelAyizyat,KelA#2,,fut,para,,khelāyiṣyat,khelā#2
KelAyizyamAna,KelA#2,,fut,atma,,khelāyiṣyamāna,khelā#2
Kelitavat,Kel,,past,active,caus,khelitavat,khel
Kelitavya,Kel,,fut,pass,,khelitavya,khel
Kelita,Kel,,past,pass,caus,khelita,khel
Kelizyat,Kel,,fut,para,,kheliṣyat,khel
KelizyamAna,Kel,,fut,atma,,kheliṣyamāna,khel
KelItavat,KelA#2,,past,active,,khelītavat,khelā#2
KelIta,KelA#2,,past,pass,,khelīta,khelā#2
Keleya,KelA#2,,fut,pass,,kheleya,khelā#2
KelEyamAna,KelA#2,,pres,pass,,khelaiyamāna,khelā#2
Keltavat,Kel,,past,active,,kheltavat,khel
Kelta,Kel,,past,pass,,khelta,khel
KelyamAna,Kel,,pres,pass,,khelyamāna,khel
KelyamAna,Kel,,pres,pass,caus,khelyamāna,khel
Kelya,Kel,,fut,pass,,khelya,khel
Kelya,Kel,,fut,pass,caus,khelya,khel
KyAtavat,KyA,,past,active,,khyātavat,khyā
KyAtavya,KyA,,fut,pass,,khyātavya,khyā
KyAta,KyA,,past,pass,,khyāta,khyā
KyAna,KyA,2,pres,atma,,khyāna,khyā
KyAnIya,KyA,,fut,pass,,khyānīya,khyā
KyApanIya,KyA,,fut,pass,caus,khyāpanīya,khyā
KyApayat,KyA,,pres,para,caus,khyāpayat,khyā
KyApayamAna,KyA,,pres,atma,caus,khyāpayamāna,khyā
KyApayitavya,KyA,,fut,pass,caus,khyāpayitavya,khyā
KyApayizyat,KyA,,fut,para,caus,khyāpayiṣyat,khyā
KyApayizyamAna,KyA,,fut,atma,,khyāpayiṣyamāna,khyā
KyApayizyamAna,KyA,,fut,atma,caus,khyāpayiṣyamāna,khyā
KyApitavat,KyA,,past,active,caus,khyāpitavat,khyā
KyApita,KyA,,past,pass,caus,khyāpita,khyā
KyApyamAna,KyA,,pres,pass,caus,khyāpyamāna,khyā
KyApya,KyA,,fut,pass,caus,khyāpya,khyā
KyAsyat,KyA,,fut,para,,khyāsyat,khyā
KyAsyamAna,KyA,,fut,atma,,khyāsyamāna,khyā
Kyeya,KyA,,fut,pass,,khyeya,khyā
gaktavat,gaj,,past,active,,gaktavat,gaj
gaktavya,gaj,,fut,pass,,gaktavya,gaj
gakta,gaj,,past,pass,,gakta,gaj
gakzyat,gaj,,fut,para,,gakṣyat,gaj
gakzyamAna,gaj,,fut,atma,,gakṣyamāna,gaj
gacCat,gam,1,pres,para,,gacchat,gam
gacCamAna,gam,1,pres,atma,,gacchamāna,gam
gajat,gaj,1,pres,para,,gajat,gaj
gajanIya,gaj,,fut,pass,,gajanīya,gaj
gajamAna,gaj,1,pres,atma,,gajamāna,gaj
gajyamAna,gaj,,pres,pass,,gajyamāna,gaj
gajya,gaj,,fut,pass,,gajya,gaj
gaRanIya,gaR,,fut,pass,,gaṇanīya,gaṇ
gaRayat,gaR,10,pres,para,,gaṇayat,gaṇ
gaRayamAna,gaR,10,pres,atma,,gaṇayamāna,gaṇ
gaRayitavya,gaR,,fut,pass,,gaṇayitavya,gaṇ
gaRayizyat,gaR,,fut,para,,gaṇayiṣyat,gaṇ
gaRayizyamAna,gaR,,fut,atma,,gaṇayiṣyamāna,gaṇ
gaRitavat,gaR,,past,active,,gaṇitavat,gaṇ
gaRita,gaR,,past,pass,,gaṇita,gaṇ
gaRyamAna,gaR,,pres,pass,,gaṇyamāna,gaṇ
gaRya,gaR,,fut,pass,,gaṇya,gaṇ
gatavat,gam,,past,active,,gatavat,gam
gata,gam,,past,pass,,gata,gam
gattavya,gad,,fut,pass,,gattavya,gad
gatsyat,gad,,fut,para,,gatsyat,gad
gatsyamAna,gad,,fut,atma,,gatsyamāna,gad
gadat,gad,1,pres,para,,gadat,gad
gadanIya,gad,,fut,pass,,gadanīya,gad
gadamAna,gad,1,pres,atma,,gadamāna,gad
gaditavat,gad,,past,active,,gaditavat,gad
gadita,gad,,past,pass,,gadita,gad
gadyamAna,gad,,pres,pass,,gadyamāna,gad
gadya,gad,,fut,pass,,gadya,gad
gantavya,gam,,fut,pass,,gantavya,gam
gamanIya,gam,,fut,pass,,gamanīya,gam
gamanIya,gam,,fut,pass,caus,gamanīya,gam
gamayat,gam,,pres,para,caus,gamayat,gam
gamayamAna,gam,,pres,atma,caus,gamayamāna,gam
gamayitavya,gam,,fut,pass,caus,gamayitavya,gam
gamayizyat,gam,,fut,para,caus,gamayiṣyat,gam
gamayizyamAna,gam,,fut,atma,,gamayiṣyamāna,gam
gamayizyamAna,gam,,fut,atma,caus,gamayiṣyamāna,gam
gamitavat,gam,,past,active,caus,gamitavat,gam
gamita,gam,,past,pass,caus,gamita,gam
gamizyat,gam,,fut,para,,gamiṣyat,gam
gamizyamAna,gam,,fut,atma,,gamiṣyamāna,gam
gamyamAna,gam,,pres,pass,,gamyamāna,gam
gamyamAna,gam,,pres,pass,caus,gamyamāna,gam
gamya,gam,,fut,pass,,gamya,gam
gamya,gam,,fut,pass,caus,gamya,gam
garaRIya,gF#1,,fut,pass,,garaṇīya,gṝ#1
garaRIya,gF#2,,fut,pass,,garaṇīya,gṝ#2
garitavya,gF#1,,fut,pass,,garitavya,gṝ#1
garitavya,gF#2,,fut,pass,,garitavya,gṝ#2
garizyat,gF#1,,fut,para,,gariṣyat,gṝ#1
garizyat,gF#2,,fut,para,,gariṣyat,gṝ#2
garizyamAna,gF#1,,fut,atma,,gariṣyamāna,gṝ#1
garizyamAna,gF#2,,fut,atma,,gariṣyamāna,gṝ#2
garItavya,gF#1,,fut,pass,,garītavya,gṝ#1
garItavya,gF#2,,fut,pass,,garītavya,gṝ#2
garIzyat,gF#1,,fut,para,,garīṣyat,gṝ#1
garIzyat,gF#2,,fut,para,,garīṣyat,gṝ#2
garIzyamAna,gF#1,,fut,atma,,garīṣyamāna,gṝ#1
garIzyamAna,gF#2,,fut,atma,,garīṣyamāna,gṝ#2
garQavya,garh,,fut,pass,,garḍhavya,garh
garttavya,gard,,fut,pass,,garttavya,gard
gartsyat,gard,,fut,para,,gartsyat,gard
gartsyamAna,gard,,fut,atma,,gartsyamāna,gard
gardat,gard,1,pres,para,,gardat,gard
gardanIya,gard,,fut,pass,,gardanīya,gard
gardamAna,gard,1,pres,atma,,gardamāna,gard
garditavat,gard,,past,active,,garditavat,gard
gardita,gard,,past,pass,,gardita,gard
gardDavya,gfD,,fut,pass,,garddhavya,gṛdh
gardyamAna,gard,,pres,pass,,gardyamāna,gard
gardya,gard,,fut,pass,,gardya,gard
garDanIya,gfD,,fut,pass,,gardhanīya,gṛdh
garvaRIya,garv,,fut,pass,,garvaṇīya,garv
garvayat,garv,10,pres,para,,garvayat,garv
garvayamAna,garv,10,pres,atma,,garvayamāna,garv
garvayitavya,garv,,fut,pass,,garvayitavya,garv
garvayizyat,garv,,fut,para,,garvayiṣyat,garv
garvayizyamAna,garv,,fut,atma,,garvayiṣyamāna,garv
garvitavat,garv,,past,active,,garvitavat,garv
garvita,garv,,past,pass,,garvita,garv
garvyamAna,garv,,pres,pass,,garvyamāna,garv
garvya,garv,,fut,pass,,garvya,garv
garhaRIya,garh,,fut,pass,,garhaṇīya,garh
garhat,garh,1,pres,para,,garhat,garh
garhamAna,garh,1,pres,atma,,garhamāna,garh
garhayat,garh,10,pres,para,,garhayat,garh
garhayamAna,garh,10,pres,atma,,garhayamāna,garh
garhayitavya,garh,,fut,pass,,garhayitavya,garh
garhayizyat,garh,,fut,para,,garhayiṣyat,garh
garhayizyamAna,garh,,fut,atma,,garhayiṣyamāna,garh
garhitavat,garh,,past,active,,garhitavat,garh
garhita,garh,,past,pass,,garhita,garh
garhyamAna,garh,,pres,pass,,garhyamāna,garh
garhya,garh,,fut,pass,,garhya,garh
galat,gal,1,pres,para,,galat,gal
galanIya,gal,,fut,pass,,galanīya,gal
galamAna,gal,1,pres,atma,,galamāna,gal
galitavat,gal,,past,active,,galitavat,gal
galitavya,gal,,fut,pass,,galitavya,gal
galita,gal,,past,pass,,galita,gal
galizyat,gal,,fut,para,,galiṣyat,gal
galizyamAna,gal,,fut,atma,,galiṣyamāna,gal
galbDavya,galB,,fut,pass,,galbdhavya,galbh
galBat,galB,1,pres,para,,galbhat,galbh
galBanIya,galB,,fut,pass,,galbhanīya,galbh
galBamAna,galB,1,pres,atma,,galbhamāna,galbh
galBitavat,galB,,past,active,,galbhitavat,galbh
galBita,galB,,past,pass,,galbhita,galbh
galByamAna,galB,,pres,pass,,galbhyamāna,galbh
galBya,galB,,fut,pass,,galbhya,galbh
galyamAna,gal,,pres,pass,,galyamāna,gal
galya,gal,,fut,pass,,galya,gal
gAQavat,gAh,,past,active,,gāḍhavat,gāh
gAQavya,gAh,,fut,pass,,gāḍhavya,gāh
gAQa,gAh,,past,pass,,gāḍha,gāh
gAtavya,gA#1,,fut,pass,,gātavya,gā#1
gAtavya,gA#2,,fut,pass,,gātavya,gā#2
gAnIya,gA#1,,fut,pass,,gānīya,gā#1
gAnIya,gA#2,,fut,pass,,gānīya,gā#2
gAyat,gA#2,1,pres,para,,gāyat,gā#2
gAyamAna,gA#2,1,pres,atma,,gāyamāna,gā#2
gArya,gF#1,,fut,pass,,gārya,gṝ#1
gArya,gF#2,,fut,pass,,gārya,gṝ#2
gAlanIya,gal,,fut,pass,caus,gālanīya,gal
gAlayat,gal,,pres,para,caus,gālayat,gal
gAlayamAna,gal,,pres,atma,caus,gālayamāna,gal
gAlayitavya,gal,,fut,pass,caus,gālayitavya,gal
gAlayizyat,gal,,fut,para,caus,gālayiṣyat,gal
gAlayizyamAna,gal,,fut,atma,,gālayiṣyamāna,gal
gAlayizyamAna,gal,,fut,atma,caus,gālayiṣyamāna,gal
gAlitavat,gal,,past,active,caus,gālitavat,gal
gAlita,gal,,past,pass,caus,gālita,gal
gAlyamAna,gal,,pres,pass,caus,gālyamāna,gal
gAlya,gal,,fut,pass,caus,gālya,gal
gAsyat,gA#1,,fut,para,,gāsyat,gā#1
gAsyat,gA#2,,fut,para,,gāsyat,gā#2
gAsyamAna,gA#1,,fut,atma,,gāsyamāna,gā#1
gAsyamAna,gA#2,,fut,atma,,gāsyamāna,gā#2
gAhat,gAh,1,pres,para,,gāhat,gāh
gAhanIya,gAh,,fut,pass,,gāhanīya,gāh
gAhamAna,gAh,1,pres,atma,,gāhamāna,gāh
gAhyamAna,gAh,,pres,pass,,gāhyamāna,gāh
gAhya,gAh,,fut,pass,,gāhya,gāh
girat,gF#1,6,pres,para,,girat,gṝ#1
giramAna,gF#1,6,pres,atma,,giramāna,gṝ#1
gItavat,gA#1,,past,active,,gītavat,gā#1
gItavat,gA#2,,past,active,,gītavat,gā#2
gIta,gA#1,,past,pass,,gīta,gā#1
gIta,gA#2,,past,pass,,gīta,gā#2
gIyamAna,gA#1,,pres,pass,,gīyamāna,gā#1
gIyamAna,gA#2,,pres,pass,,gīyamāna,gā#2
gIrRavat,gF#1,,past,active,,gīrṇavat,gṝ#1
gIrRa,gF#1,,past,pass,,gīrṇa,gṝ#1
gIrtavat,gF#2,,past,active,,gīrtavat,gṝ#2
gIrta,gF#2,,past,pass,,gīrta,gṝ#2
gIryamAna,gF#1,,pres,pass,,gīryamāna,gṝ#1
gIryamAna,gF#2,,pres,pass,,gīryamāna,gṝ#2
gujyamAna,guYj,,pres,pass,,gujyamāna,guñj
guYjat,guYj,1,pres,para,,guñjat,guñj
guYjamAna,guYj,1,pres,atma,,guñjamāna,guñj
guYjitavat,guYj,,past,active,,guñjitavat,guñj
guYjita,guYj,,past,pass,,guñjita,guñj
guRWayat,guRW,10,pres,para,,guṇṭhayat,guṇṭh
guRWayamAna,guRW,10,pres,atma,,guṇṭhayamāna,guṇṭh
guRWayitavya,guRW,,fut,pass,,guṇṭhayitavya,guṇṭh
guRWayizyat,guRW,,fut,para,,guṇṭhayiṣyat,guṇṭh
guRWayizyamAna,guRW,,fut,atma,,guṇṭhayiṣyamāna,guṇṭh
guRWitavat,guRW,,past,active,,guṇṭhitavat,guṇṭh
guRWita,guRW,,past,pass,,guṇṭhita,guṇṭh
guRWyamAna,guRW,,pres,pass,,guṇṭhyamāna,guṇṭh
guptavat,gup,,past,active,,guptavat,gup
gupta,gup,,past,pass,,gupta,gup
gumPat,gumP,6,pres,para,,gumphat,gumph
gumPamAna,gumP,6,pres,atma,,gumphamāna,gumph
gumPitavat,gumP,,past,active,,gumphitavat,gumph
gumPita,gumP,,past,pass,,gumphita,gumph
gumPyamAna,gumP,,pres,pass,,gumphyamāna,gumph
gurat,gur,6,pres,para,,gurat,gur
guramAna,gur,6,pres,atma,,guramāna,gur
gurtavat,gur,,past,active,,gurtavat,gur
gurta,gur,,past,pass,,gurta,gur
guryamAna,gur,,pres,pass,,guryamāna,gur
guhyamAna,guh,,pres,pass,,guhyamāna,guh
gUQavat,guh,,past,active,,gūḍhavat,guh
gUQa,guh,,past,pass,,gūḍha,guh
gUhat,guh,1,pres,para,,gūhat,guh
gUhanIya,guh,,fut,pass,caus,gūhanīya,guh
gUhamAna,guh,1,pres,atma,,gūhamāna,guh
gUhayat,guh,,pres,para,caus,gūhayat,guh
gUhayamAna,guh,,pres,atma,caus,gūhayamāna,guh
gUhayitavya,guh,,fut,pass,caus,gūhayitavya,guh
gUhayizyat,guh,,fut,para,caus,gūhayiṣyat,guh
gUhayizyamAna,guh,,fut,atma,,gūhayiṣyamāna,guh
gUhayizyamAna,guh,,fut,atma,caus,gūhayiṣyamāna,guh
gUhitavat,guh,,past,active,caus,gūhitavat,guh
gUhita,guh,,past,pass,caus,gūhita,guh
gUhyamAna,guh,,pres,pass,caus,gūhyamāna,guh
gUhya,guh,,fut,pass,caus,gūhya,guh
gfRat,gF#2,9,pres,para,,gṛṇat,gṝ#2
gfRAna,gF#2,9,pres,atma,,gṛṇāna,gṝ#2
gfdDavat,gfD,,past,active,,gṛddhavat,gṛdh
gfdDa,gfD,,past,pass,,gṛddha,gṛdh
gfDyat,gfD,4,pres,para,,gṛdhyat,gṛdh
gfDyamAna,gfD,4,pres,atma,,gṛdhyamāna,gṛdh
gfDyamAna,gfD,,pres,pass,,gṛdhyamāna,gṛdh
gfDya,gfD,,fut,pass,,gṛdhya,gṛdh
gfBItavat,grah,,past,active,,gṛbhītavat,grah
gfBIta,grah,,past,pass,,gṛbhīta,grah
gfhItavat,grah,,past,active,,gṛhītavat,grah
gfhIta,grah,,past,pass,,gṛhīta,grah
gfhRat,grah,9,pres,para,,gṛhṇat,grah
gfhRAna,grah,9,pres,atma,,gṛhṇāna,grah
gfhyamAna,grah,,pres,pass,,gṛhyamāna,grah
geya,gA#1,,fut,pass,,geya,gā#1
geya,gA#2,,fut,pass,,geya,gā#2
goNktavya,guYj,,fut,pass,,goṅktavya,guñj
goNkzyat,guYj,,fut,para,,goṅkṣyat,guñj
goNkzyamAna,guYj,,fut,atma,,goṅkṣyamāna,guñj
goYjanIya,guYj,,fut,pass,,goñjanīya,guñj
goYjya,guYj,,fut,pass,,goñjya,guñj
goQavya,guh,,fut,pass,,goḍhavya,guh
goRWanIya,guRW,,fut,pass,,goṇṭhanīya,guṇṭh
goRWya,guRW,,fut,pass,,goṇṭhya,guṇṭh
gopanIya,gup,,fut,pass,,gopanīya,gup
gopayat,gup,10,pres,para,,gopayat,gup
gopayamAna,gup,10,pres,atma,,gopayamāna,gup
gopayitavya,gup,,fut,pass,,gopayitavya,gup
gopayizyat,gup,,fut,para,,gopayiṣyat,gup
gopayizyamAna,gup,,fut,atma,,gopayiṣyamāna,gup
gopyamAna,gup,,pres,pass,,gopyamāna,gup
gopya,gup,,fut,pass,,gopya,gup
gompTavya,gumP,,fut,pass,,gompthavya,gumph
gomPanIya,gumP,,fut,pass,,gomphanīya,gumph
gomPya,gumP,,fut,pass,,gomphya,gumph
gomPsyat,gumP,,fut,para,,gomphsyat,gumph
gomPsyamAna,gumP,,fut,atma,,gomphsyamāna,gumph
goraRIya,gur,,fut,pass,,goraṇīya,gur
goritavya,gur,,fut,pass,,goritavya,gur
gorizyat,gur,,fut,para,,goriṣyat,gur
gorizyamAna,gur,,fut,atma,,goriṣyamāna,gur
gorya,gur,,fut,pass,,gorya,gur
gohanIya,guh,,fut,pass,,gohanīya,guh
gohya,guh,,fut,pass,,gohya,guh
graHsyat,gras,,fut,para,,graḥsyat,gras
graHsyamAna,gras,,fut,atma,,graḥsyamāna,gras
gratTavya,graT,,fut,pass,,gratthavya,grath
gratsyat,graT,,fut,para,,gratsyat,grath
gratsyamAna,graT,,fut,atma,,gratsyamāna,grath
graTanIya,graT,,fut,pass,,grathanīya,grath
graTitavat,graT,,past,active,,grathitavat,grath
graTita,graT,,past,pass,,grathita,grath
graTnat,graT,9,pres,para,,grathnat,grath
graTnAna,graT,9,pres,atma,,grathnāna,grath
graTyamAna,graT,,pres,pass,,grathyamāna,grath
graTya,graT,,fut,pass,,grathya,grath
grasat,gras,1,pres,para,,grasat,gras
grasanIya,gras,,fut,pass,,grasanīya,gras
grasamAna,gras,1,pres,atma,,grasamāna,gras
grastavat,gras,,past,active,,grastavat,gras
grastavya,gras,,fut,pass,,grastavya,gras
grasta,gras,,past,pass,,grasta,gras
grasyamAna,gras,,pres,pass,,grasyamāna,gras
grasya,gras,,fut,pass,,grasya,gras
grahaRIya,grah,,fut,pass,,grahaṇīya,grah
grahItavya,grah,,fut,pass,,grahītavya,grah
grahIzyat,grah,,fut,para,,grahīṣyat,grah
grahIzyamAna,grah,,fut,atma,,grahīṣyamāna,grah
grAhaRIya,grah,,fut,pass,caus,grāhaṇīya,grah
grAhayat,grah,,pres,para,caus,grāhayat,grah
grAhayamAna,grah,,pres,atma,caus,grāhayamāna,grah
grAhayitavya,grah,,fut,pass,caus,grāhayitavya,grah
grAhayizyat,grah,,fut,para,caus,grāhayiṣyat,grah
grAhayizyamAna,grah,,fut,atma,,grāhayiṣyamāna,grah
grAhayizyamAna,grah,,fut,atma,caus,grāhayiṣyamāna,grah
grAhitavat,grah,,past,active,caus,grāhitavat,grah
grAhita,grah,,past,pass,caus,grāhita,grah
grAhyamAna,grah,,pres,pass,caus,grāhyamāna,grah
grAhya,grah,,fut,pass,,grāhya,grah
grAhya,grah,,fut,pass,caus,grāhya,grah
glapanIya,glE,,fut,pass,caus,glapanīya,glai
glapayat,glE,,pres,para,caus,glapayat,glai
glapayamAna,glE,,pres,atma,caus,glapayamāna,glai
glapayitavya,glE,,fut,pass,caus,glapayitavya,glai
glapayizyat,glE,,fut,para,caus,glapayiṣyat,glai
glapayizyamAna,glE,,fut,atma,,glapayiṣyamāna,glai
glapayizyamAna,glE,,fut,atma,caus,glapayiṣyamāna,glai
glapitavat,glE,,past,active,caus,glapitavat,glai
glapita,glE,,past,pass,caus,glapita,glai
glapyamAna,glE,,pres,pass,caus,glapyamāna,glai
glapya,glE,,fut,pass,caus,glapya,glai
glAnavat,glE,,past,active,,glānavat,glai
glAna,glE,,past,pass,,glāna,glai
glAyat,glE,1,pres,para,,glāyat,glai
glAyanIya,glE,,fut,pass,,glāyanīya,glai
glAyamAna,glE,1,pres,atma,,glāyamāna,glai
glIyamAna,glE,,pres,pass,,glīyamāna,glai
glEtavya,glE,,fut,pass,,glaitavya,glai
glEya,glE,,fut,pass,,glaiya,glai
glEzyat,glE,,fut,para,,glaiṣyat,glai
glEzyamAna,glE,,fut,atma,,glaiṣyamāna,glai
Gawat,Gaw,1,pres,para,,ghaṭat,ghaṭ
GawanIya,Gaw,,fut,pass,,ghaṭanīya,ghaṭ
GawanIya,Gaw,,fut,pass,caus,ghaṭanīya,ghaṭ
GawamAna,Gaw,1,pres,atma,,ghaṭamāna,ghaṭ
Gawayat,Gaw,,pres,para,caus,ghaṭayat,ghaṭ
GawayamAna,Gaw,,pres,atma,caus,ghaṭayamāna,ghaṭ
Gawayitavya,Gaw,,fut,pass,caus,ghaṭayitavya,ghaṭ
Gawayizyat,Gaw,,fut,para,caus,ghaṭayiṣyat,ghaṭ
GawayizyamAna,Gaw,,fut,atma,,ghaṭayiṣyamāna,ghaṭ
GawayizyamAna,Gaw,,fut,atma,caus,ghaṭayiṣyamāna,ghaṭ
Gawitavat,Gaw,,past,active,,ghaṭitavat,ghaṭ
Gawitavat,Gaw,,past,active,caus,ghaṭitavat,ghaṭ
Gawita,Gaw,,past,pass,,ghaṭita,ghaṭ
Gawita,Gaw,,past,pass,caus,ghaṭita,ghaṭ
GawwanIya,Gaww,,fut,pass,,ghaṭṭanīya,ghaṭṭ
Gawwayat,Gaww,10,pres,para,,ghaṭṭayat,ghaṭṭ
GawwayamAna,Gaww,10,pres,atma,,ghaṭṭayamāna,ghaṭṭ
Gawwayitavya,Gaww,,fut,pass,,ghaṭṭayitavya,ghaṭṭ
Gawwayizyat,Gaww,,fut,para,,ghaṭṭayiṣyat,ghaṭṭ
GawwayizyamAna,Gaww,,fut,atma,,ghaṭṭayiṣyamāna,ghaṭṭ
Gawwavya,Gaw,,fut,pass,,ghaṭṭavya,ghaṭ
Gawwitavat,Gaww,,past,active,,ghaṭṭitavat,ghaṭṭ
Gawwita,Gaww,,past,pass,,ghaṭṭita,ghaṭṭ
GawwyamAna,Gaww,,pres,pass,,ghaṭṭyamāna,ghaṭṭ
Gawwya,Gaww,,fut,pass,,ghaṭṭya,ghaṭṭ
GawyamAna,Gaw,,pres,pass,,ghaṭyamāna,ghaṭ
GawyamAna,Gaw,,pres,pass,caus,ghaṭyamāna,ghaṭ
Gawya,Gaw,,fut,pass,,ghaṭya,ghaṭ
Gawya,Gaw,,fut,pass,caus,ghaṭya,ghaṭ
Gawsyat,Gaw,,fut,para,,ghaṭsyat,ghaṭ
GawsyamAna,Gaw,,fut,atma,,ghaṭsyamāna,ghaṭ
GaraRIya,Gf,,fut,pass,,gharaṇīya,ghṛ
Garizyat,Gf,,fut,para,,ghariṣyat,ghṛ
GarizyamAna,Gf,,fut,atma,,ghariṣyamāna,ghṛ
Garkzyat,Gfz,,fut,para,,gharkṣyat,ghṛṣ
Garkzyat,garh,,fut,para,,gharkṣyat,garh
GarkzyamAna,Gfz,,fut,atma,,gharkṣyamāna,ghṛṣ
GarkzyamAna,garh,,fut,atma,,gharkṣyamāna,garh
Gartavya,Gf,,fut,pass,,ghartavya,ghṛ
Gartsyat,gfD,,fut,para,,ghartsyat,gṛdh
GartsyamAna,gfD,,fut,atma,,ghartsyamāna,gṛdh
GarzaRIya,Gfz,,fut,pass,,gharṣaṇīya,ghṛṣ
Garzat,Gfz,1,pres,para,,gharṣat,ghṛṣ
GarzamAna,Gfz,1,pres,atma,,gharṣamāna,ghṛṣ
Garzwavya,Gfz,,fut,pass,,gharṣṭavya,ghṛṣ
Galpsyat,galB,,fut,para,,ghalpsyat,galbh
GalpsyamAna,galB,,fut,atma,,ghalpsyamāna,galbh
GAkzyat,gAh,,fut,para,,ghākṣyat,gāh
GAkzyamAna,gAh,,fut,atma,,ghākṣyamāna,gāh
GAwanIya,Gaw,,fut,pass,caus,ghāṭanīya,ghaṭ
GAwayat,Gaw,,pres,para,caus,ghāṭayat,ghaṭ
GAwayamAna,Gaw,,pres,atma,caus,ghāṭayamāna,ghaṭ
GAwayitavya,Gaw,,fut,pass,caus,ghāṭayitavya,ghaṭ
GAwayizyat,Gaw,,fut,para,caus,ghāṭayiṣyat,ghaṭ
GAwayizyamAna,Gaw,,fut,atma,,ghāṭayiṣyamāna,ghaṭ
GAwayizyamAna,Gaw,,fut,atma,caus,ghāṭayiṣyamāna,ghaṭ
GAwitavat,Gaw,,past,active,caus,ghāṭitavat,ghaṭ
GAwita,Gaw,,past,pass,caus,ghāṭita,ghaṭ
GAwyamAna,Gaw,,pres,pass,caus,ghāṭyamāna,ghaṭ
GAwya,Gaw,,fut,pass,caus,ghāṭya,ghaṭ
GAtanIya,han#1,,fut,pass,caus,ghātanīya,han#1
GAtayat,han#1,,pres,para,caus,ghātayat,han#1
GAtayamAna,han#1,,pres,atma,caus,ghātayamāna,han#1
GAtayitavya,han#1,,fut,pass,caus,ghātayitavya,han#1
GAtayizyat,han#1,,fut,para,caus,ghātayiṣyat,han#1
GAtayizyamAna,han#1,,fut,atma,,ghātayiṣyamāna,han#1
GAtayizyamAna,han#1,,fut,atma,caus,ghātayiṣyamāna,han#1
GAtitavat,han#1,,past,active,caus,ghātitavat,han#1
GAtita,han#1,,past,pass,caus,ghātita,han#1
GAtyamAna,han#1,,pres,pass,caus,ghātyamāna,han#1
GAtya,han#1,,fut,pass,caus,ghātya,han#1
GArya,Gf,,fut,pass,,ghārya,ghṛ
Guzwavat,Guz,,past,active,,ghuṣṭavat,ghuṣ
Guzwa,Guz,,past,pass,,ghuṣṭa,ghuṣ
GuzyamAna,Guz,,pres,pass,,ghuṣyamāna,ghuṣ
GUrRat,GUrR,1,pres,para,,ghūrṇat,ghūrṇ
GUrRamAna,GUrR,1,pres,atma,,ghūrṇamāna,ghūrṇ
GUrRitavat,GUrR,,past,active,,ghūrṇitavat,ghūrṇ
GUrRitavya,GUrR,,fut,pass,,ghūrṇitavya,ghūrṇ
GUrRita,GUrR,,past,pass,,ghūrṇita,ghūrṇ
GUrRizyat,GUrR,,fut,para,,ghūrṇiṣyat,ghūrṇ
GUrRizyamAna,GUrR,,fut,atma,,ghūrṇiṣyamāna,ghūrṇ
GUrRyamAna,GUrR,,pres,pass,,ghūrṇyamāna,ghūrṇ
GUrRya,GUrR,,fut,pass,,ghūrṇya,ghūrṇ
Gftavat,Gf,,past,active,,ghṛtavat,ghṛ
Gfta,Gf,,past,pass,,ghṛta,ghṛ
Gfzwavat,Gfz,,past,active,,ghṛṣṭavat,ghṛṣ
Gfzwa,Gfz,,past,pass,,ghṛṣṭa,ghṛṣ
GfzyamAna,Gfz,,pres,pass,,ghṛṣyamāna,ghṛṣ
Gfzya,Gfz,,fut,pass,,ghṛṣya,ghṛṣ
Gokzyat,Guz,,fut,para,,ghokṣyat,ghuṣ
Gokzyat,guh,,fut,para,,ghokṣyat,guh
GokzyamAna,Guz,,fut,atma,,ghokṣyamāna,ghuṣ
GokzyamAna,guh,,fut,atma,,ghokṣyamāna,guh
GorRanIya,GUrR,,fut,pass,,ghorṇanīya,ghūrṇ
GozaRIya,Guz,,fut,pass,,ghoṣaṇīya,ghuṣ
GozaRIya,Guz,,fut,pass,caus,ghoṣaṇīya,ghuṣ
Gozat,Guz,1,pres,para,,ghoṣat,ghuṣ
GozamAna,Guz,1,pres,atma,,ghoṣamāna,ghuṣ
Gozayat,Guz,,pres,para,caus,ghoṣayat,ghuṣ
GozayamAna,Guz,,pres,atma,caus,ghoṣayamāna,ghuṣ
Gozayitavya,Guz,,fut,pass,caus,ghoṣayitavya,ghuṣ
Gozayizyat,Guz,,fut,para,caus,ghoṣayiṣyat,ghuṣ
GozayizyamAna,Guz,,fut,atma,,ghoṣayiṣyamāna,ghuṣ
GozayizyamAna,Guz,,fut,atma,caus,ghoṣayiṣyamāna,ghuṣ
Gozitavat,Guz,,past,active,caus,ghoṣitavat,ghuṣ
Gozitavya,Guz,,fut,pass,,ghoṣitavya,ghuṣ
Gozita,Guz,,past,pass,caus,ghoṣita,ghuṣ
Gozizyat,Guz,,fut,para,,ghoṣiṣyat,ghuṣ
GozizyamAna,Guz,,fut,atma,,ghoṣiṣyamāna,ghuṣ
Gozwavya,Guz,,fut,pass,,ghoṣṭavya,ghuṣ
GozyamAna,Guz,,pres,pass,caus,ghoṣyamāna,ghuṣ
Gozya,Guz,,fut,pass,,ghoṣya,ghuṣ
Gozya,Guz,,fut,pass,caus,ghoṣya,ghuṣ
Gnat,han#1,2,pres,para,,ghnat,han#1
GrARIya,GrA,,fut,pass,,ghrāṇīya,ghrā
GrAtavat,GrA,,past,active,,ghrātavat,ghrā
GrAtavya,GrA,,fut,pass,,ghrātavya,ghrā
GrAta,GrA,,past,pass,,ghrāta,ghrā
GrAsyat,GrA,,fut,para,,ghrāsyat,ghrā
GrAsyamAna,GrA,,fut,atma,,ghrāsyamāna,ghrā
GriyamAna,Gf,,pres,pass,,ghriyamāna,ghṛ
GrIyamAna,GrA,,pres,pass,,ghrīyamāna,ghrā
Greya,GrA,,fut,pass,,ghreya,ghrā
caMsyat,cam,,fut,para,,caṃsyat,cam
caMsyamAna,cam,,fut,atma,,caṃsyamāna,cam
cakaRqAna,kaRq,,perf,atma,,cakaṇḍāna,kaṇḍ
cakaRqUvas,kaRqU#2,,perf,para,,cakaṇḍūvas,kaṇḍū#2
cakaRqvas,kaRq,,perf,para,,cakaṇḍvas,kaṇḍ
cakaRqvAna,kaRqU#2,,perf,atma,,cakaṇḍvāna,kaṇḍū#2
cakaRvAna,kaRv,,perf,atma,,cakaṇvāna,kaṇv
cakaRvvas,kaRv,,perf,para,,cakaṇvvas,kaṇv
cakatTAna,katT,,perf,atma,,cakatthāna,katth
cakatTvas,katT,,perf,para,,cakatthvas,katth
cakaTAna,kaT,,perf,atma,,cakathāna,kath
cakaTvas,kaT,,perf,para,,cakathvas,kath
cakadarTAna,kadarT,,perf,atma,,cakadarthāna,kadarth
cakadarTvas,kadarT,,perf,para,,cakadarthvas,kadarth
cakanAna,kan,,perf,atma,,cakanāna,kan
cakanvas,kan,,perf,para,,cakanvas,kan
cakampAna,kamp,,perf,atma,,cakampāna,kamp
cakampvas,kamp,,perf,para,,cakampvas,kamp
cakarARa,kF,,perf,atma,,cakarāṇa,kṝ
cakaruRAna,karuR,,perf,atma,,cakaruṇāna,karuṇ
cakarRAna,karR,,perf,atma,,cakarṇāna,karṇ
cakarRvas,karR,,perf,para,,cakarṇvas,karṇ
cakarvas,kF,,perf,para,,cakarvas,kṝ
cakalaNkAna,kalaNk,,perf,atma,,cakalaṅkāna,kalaṅk
cakalaNkvas,kalaNk,,perf,para,,cakalaṅkvas,kalaṅk
cakalAna,kal,,perf,atma,,cakalāna,kal
cakalvas,kal,,perf,para,,cakalvas,kal
cakavalAna,kaval,,perf,atma,,cakavalāna,kaval
cakavalvas,kaval,,perf,para,,cakavalvas,kaval
cakazARa,kaz,,perf,atma,,cakaṣāṇa,kaṣ
cakazvas,kaz,,perf,para,,cakaṣvas,kaṣ
cakasAna,kas,,perf,atma,,cakasāna,kas
cakasvas,kas,,perf,para,,cakasvas,kas
cakANkzARa,kANkz,,perf,atma,,cakāṅkṣāṇa,kāṅkṣ
cakANkzvas,kANkz,,perf,para,,cakāṅkṣvas,kāṅkṣ
cakASAna,kAS,,perf,atma,,cakāśāna,kāś
cakASvas,kAS,,perf,para,,cakāśvas,kāś
cakAsat,cakAs,2,pres,para,,cakāsat,cakās
cakAsanIya,cakAs,,fut,pass,,cakāsanīya,cakās
cakAsAna,cakAs,2,pres,atma,,cakāsāna,cakās
cakAstavat,cakAs,,past,active,,cakāstavat,cakās
cakAstavya,cakAs,,fut,pass,,cakāstavya,cakās
cakAsta,cakAs,,past,pass,,cakāsta,cakās
cakAsyamAna,cakAs,,pres,pass,,cakāsyamāna,cakās
cakAsya,cakAs,,fut,pass,,cakāsya,cakās
cakfcCrARa,kfcCr,,perf,atma,,cakṛcchrāṇa,kṛcchr
cakfcCrvas,kfcCr,,perf,para,,cakṛcchrvas,kṛcchr
cakftAna,kft#1,,perf,atma,,cakṛtāna,kṛt#1
cakftvas,kft#1,,perf,para,,cakṛtvas,kṛt#1
cakfpARa,kfp,,perf,atma,,cakṛpāṇa,kṛp
cakfpvas,kfp,,perf,para,,cakṛpvas,kṛp
cakfvas,kf#1,,perf,para,,cakṛvas,kṛ#1
cakfSAna,kfS,,perf,atma,,cakṛśāna,kṛś
cakfSvas,kfS,,perf,para,,cakṛśvas,kṛś
cakfzARa,kfz,,perf,atma,,cakṛṣāṇa,kṛṣ
cakfzvas,kfz,,perf,para,,cakṛṣvas,kṛṣ
cakxpAna,kxp,,perf,atma,,cakḷpāna,kḷp
cakraRvas,kram,,perf,para,,cakraṇvas,kram
cakrandAna,krand,,perf,atma,,cakrandāna,krand
cakrandvas,krand,,perf,para,,cakrandvas,krand
cakramARa,kram,,perf,atma,,cakramāṇa,kram
cakrARa,kf#1,,perf,atma,,cakrāṇa,kṛ#1
cakvaTAna,kvaT,,perf,atma,,cakvathāna,kvath
cakvaTvas,kvaT,,perf,para,,cakvathvas,kvath
cakzaRIya,cakz,,fut,pass,,cakṣaṇīya,cakṣ
cakzaRvas,kzan,,perf,para,,cakṣaṇvas,kṣan
cakzadAna,kzad,,perf,atma,,cakṣadāna,kṣad
cakzadvas,kzad,,perf,para,,cakṣadvas,kṣad
cakzanAna,kzan,,perf,atma,,cakṣanāna,kṣan
cakzapARa,kzap,,perf,atma,,cakṣapāṇa,kṣap
cakzapvas,kzap,,perf,para,,cakṣapvas,kṣap
cakzamARa,kzam,,perf,atma,,cakṣamāṇa,kṣam
cakzarARa,kzar,,perf,atma,,cakṣarāṇa,kṣar
cakzarvas,kzar,,perf,para,,cakṣarvas,kṣar
cakzalAna,kzal,,perf,atma,,cakṣalāna,kṣal
cakzalvas,kzal,,perf,para,,cakṣalvas,kṣal
cakzARa,cakz,2,pres,atma,,cakṣāṇa,cakṣ
cakzyamAna,cakz,,fut,atma,,cakṣyamāna,cakṣ
cakzyamAna,cakz,,pres,pass,,cakṣyamāna,cakṣ
cakzya,cakz,,fut,pass,,cakṣya,cakṣ
caKaqAna,Kaq,,perf,atma,,cakhaḍāna,khaḍ
caKaqvas,Kaq,,perf,para,,cakhaḍvas,khaḍ
caKaRqAna,KaRq,,perf,atma,,cakhaṇḍāna,khaṇḍ
caKaRqvas,KaRq,,perf,para,,cakhaṇḍvas,khaṇḍ
caKAdAna,KAd,,perf,atma,,cakhādāna,khād
caKAdvas,KAd,,perf,para,,cakhādvas,khād
caKelAna,Kel,,perf,atma,,cakhelāna,khel
caKelAna,KelA#2,,perf,atma,,cakhelāna,khelā#2
caKelvas,Kel,,perf,para,,cakhelvas,khel
caKelvas,KelA#2,,perf,para,,cakhelvas,khelā#2
caKnAna,Kan,,perf,atma,,cakhnāna,khan
caKnivas,Kan,,perf,para,,cakhnivas,khan
caKyAna,KyA,,perf,atma,,cakhyāna,khyā
caKyivas,KyA,,perf,para,,cakhyivas,khyā
caNkramat,kram,,pres,para,intens,caṅkramat,kram
caNkramyamAna,kram,,pres,atma,intens,caṅkramyamāna,kram
cacakzARa,cakz,,perf,atma,,cacakṣāṇa,cakṣ
cacezwAna,cezw,,perf,atma,,caceṣṭāna,ceṣṭ
cacezwvas,cezw,,perf,para,,caceṣṭvas,ceṣṭ
cacorARa,cor,,perf,atma,,cacorāṇa,cor
cacorvas,cor,,perf,para,,cacorvas,cor
cacCadAna,Cad#1,,perf,atma,,cacchadāna,chad#1
cacCadvas,Cad#1,,perf,para,,cacchadvas,chad#1
cacCandAna,Cand,,perf,atma,,cacchandāna,chand
cacCandvas,Cand,,perf,para,,cacchandvas,chand
cacCalAna,Cal,,perf,atma,,cacchalāna,chal
cacCalvas,Cal,,perf,para,,cacchalvas,chal
cawat,caw,1,pres,para,,caṭat,caṭ
cawanIya,caw,,fut,pass,,caṭanīya,caṭ
cawamAna,caw,1,pres,atma,,caṭamāna,caṭ
cawitavat,caw,,past,active,,caṭitavat,caṭ
cawita,caw,,past,pass,,caṭita,caṭ
cawwavya,caw,,fut,pass,,caṭṭavya,caṭ
cawyamAna,caw,,pres,pass,,caṭyamāna,caṭ
cawya,caw,,fut,pass,,caṭya,caṭ
cawsyat,caw,,fut,para,,caṭsyat,caṭ
cawsyamAna,caw,,fut,atma,,caṭsyamāna,caṭ
catat,cat,1,pres,para,,catat,cat
cattavat,cat,,past,active,,cattavat,cat
catta,cat,,past,pass,,catta,cat
cantavat,cam,,past,active,,cantavat,cam
cantavya,cam,,fut,pass,,cantavya,cam
canta,cam,,past,pass,,canta,cam
canttavya,cand,,fut,pass,,canttavya,cand
cantsyat,cand,,fut,para,,cantsyat,cand
cantsyamAna,cand,,fut,atma,,cantsyamāna,cand
candat,cand,1,pres,para,,candat,cand
candanIya,cand,,fut,pass,,candanīya,cand
candamAna,cand,1,pres,atma,,candamāna,cand
canditavat,cand,,past,active,,canditavat,cand
candita,cand,,past,pass,,candita,cand
candyamAna,cand,,pres,pass,,candyamāna,cand
candya,cand,,fut,pass,,candya,cand
camat,cam,1,pres,para,,camat,cam
camanIya,cam,,fut,pass,,camanīya,cam
camamAna,cam,1,pres,atma,,camamāna,cam
camyamAna,cam,,pres,pass,,camyamāna,cam
camya,cam,,fut,pass,,camya,cam
cayanIya,ci,,fut,pass,,cayanīya,ci
caraRIya,car,,fut,pass,,caraṇīya,car
carat,car,1,pres,para,,carat,car
caramAna,car,1,pres,atma,,caramāna,car
caritavat,car,,past,active,,caritavat,car
caritavya,car,,fut,pass,,caritavya,car
carita,car,,past,pass,,carita,car
carizyat,car,,fut,para,,cariṣyat,car
carizyamAna,car,,fut,atma,,cariṣyamāna,car
carkarat,kf#2,,pres,para,intens,carkarat,kṛ#2
carcanIya,carc,,fut,pass,,carcanīya,carc
carcayat,carc,10,pres,para,,carcayat,carc
carcayamAna,carc,10,pres,atma,,carcayamāna,carc
carcayitavya,carc,,fut,pass,,carcayitavya,carc
carcayizyat,carc,,fut,para,,carcayiṣyat,carc
carcayizyamAna,carc,,fut,atma,,carcayiṣyamāna,carc
carcitavat,carc,,past,active,,carcitavat,carc
carcita,carc,,past,pass,,carcita,carc
carcyamAna,carc,,pres,pass,,carcyamāna,carc
carcya,carc,,fut,pass,,carcya,carc
caryamAna,car,,pres,pass,,caryamāna,car
carya,car,,fut,pass,,carya,car
calat,cal,1,pres,para,,calat,cal
calanIya,cal,,fut,pass,,calanīya,cal
calamAna,cal,1,pres,atma,,calamāna,cal
calitavat,cal,,past,active,,calitavat,cal
calitavya,cal,,fut,pass,,calitavya,cal
calita,cal,,past,pass,,calita,cal
calizyat,cal,,fut,para,,caliṣyat,cal
calizyamAna,cal,,fut,atma,,caliṣyamāna,cal
calyamAna,cal,,pres,pass,,calyamāna,cal
calya,cal,,fut,pass,,calya,cal
cazwavat,cakz,,past,active,,caṣṭavat,cakṣ
cazwavya,cakz,,fut,pass,,caṣṭavya,cakṣ
cazwa,cakz,,past,pass,,caṣṭa,cakṣ
caskandAna,skand,,perf,atma,,caskandāna,skand
caskandvas,skand,,perf,para,,caskandvas,skand
casKalAna,sKal,,perf,atma,,caskhalāna,skhal
casKalvas,sKal,,perf,para,,caskhalvas,skhal
cAkaSat,kAS,,pres,para,intens,cākaśat,kāś
cAtanIya,cat,,fut,pass,caus,cātanīya,cat
cAtayat,cat,,pres,para,caus,cātayat,cat
cAtayamAna,cat,,pres,atma,caus,cātayamāna,cat
cAtayitavya,cat,,fut,pass,caus,cātayitavya,cat
cAtayizyat,cat,,fut,para,caus,cātayiṣyat,cat
cAtayizyamAna,cat,,fut,atma,,cātayiṣyamāna,cat
cAtayizyamAna,cat,,fut,atma,caus,cātayiṣyamāna,cat
cAtitavat,cat,,past,active,caus,cātitavat,cat
cAtita,cat,,past,pass,caus,cātita,cat
cAtyamAna,cat,,pres,pass,caus,cātyamāna,cat
cAtya,cat,,fut,pass,caus,cātya,cat
cAyya,ci,,fut,pass,,cāyya,ci
cAraRIya,car,,fut,pass,caus,cāraṇīya,car
cArayat,car,,pres,para,caus,cārayat,car
cArayamAna,car,,pres,atma,caus,cārayamāna,car
cArayitavya,car,,fut,pass,caus,cārayitavya,car
cArayizyat,car,,fut,para,caus,cārayiṣyat,car
cArayizyamAna,car,,fut,atma,,cārayiṣyamāna,car
cArayizyamAna,car,,fut,atma,caus,cārayiṣyamāna,car
cAritavat,car,,past,active,caus,cāritavat,car
cArita,car,,past,pass,caus,cārita,car
cAryamAna,car,,pres,pass,caus,cāryamāna,car
cArya,car,,fut,pass,caus,cārya,car
cAlanIya,cal,,fut,pass,caus,cālanīya,cal
cAlayat,cal,,pres,para,caus,cālayat,cal
cAlayamAna,cal,,pres,atma,caus,cālayamāna,cal
cAlayitavya,cal,,fut,pass,caus,cālayitavya,cal
cAlayizyat,cal,,fut,para,caus,cālayiṣyat,cal
cAlayizyamAna,cal,,fut,atma,,cālayiṣyamāna,cal
cAlayizyamAna,cal,,fut,atma,caus,cālayiṣyamāna,cal
cAlitavat,cal,,past,active,caus,cālitavat,cal
cAlita,cal,,past,pass,caus,cālita,cal
cAlyamAna,cal,,pres,pass,caus,cālyamāna,cal
cAlya,cal,,fut,pass,caus,cālya,cal
cikitAna,cit#1,,perf,atma,,cikitāna,cit#1
cikitvas,cit#1,,perf,para,,cikitvas,cit#1
cikitsat,cit#1,,pres,para,desid,cikitsat,cit#1
cikitsanIya,cit#1,,fut,pass,desid,cikitsanīya,cit#1
cikitsitavat,cit#1,,past,active,desid,cikitsitavat,cit#1
cikitsita,cit#1,,past,pass,desid,cikitsita,cit#1
cikivas,ci,,perf,para,,cikivas,ci
cikIrtAna,kIrt,,perf,atma,,cikīrtāna,kīrt
cikIrtvas,kIrt,,perf,para,,cikīrtvas,kīrt
cikIrzaRIya,kf#1,,fut,pass,desid,cikīrṣaṇīya,kṛ#1
cikIrzat,kf#1,,pres,para,desid,cikīrṣat,kṛ#1
cikIrzamAna,kf#1,,pres,atma,desid,cikīrṣamāna,kṛ#1
cikIrzitavat,kf#1,,past,active,desid,cikīrṣitavat,kṛ#1
cikIrzita,kf#1,,past,pass,desid,cikīrṣita,kṛ#1
cikIsat,ci,,pres,para,desid,cikīsat,ci
cikIsanIya,ci,,fut,pass,desid,cikīsanīya,ci
cikIsitavat,ci,,past,active,desid,cikīsitavat,ci
cikIsita,ci,,past,pass,desid,cikīsita,ci
cikyAna,ci,,perf,atma,,cikyāna,ci
cikrIqAna,krIq,,perf,atma,,cikrīḍāna,krīḍ
cikrIqvas,krIq,,perf,para,,cikrīḍvas,krīḍ
cikrIvas,krI,,perf,para,,cikrīvas,krī
cikrIzamAna,krI,,pres,atma,desid,cikrīṣamāna,krī
cikrIzitavat,krI,,past,active,desid,cikrīṣitavat,krī
cikrIzita,krI,,past,pass,desid,cikrīṣita,krī
cikryARa,krI,,perf,atma,,cikryāṇa,krī
cikliSAna,kliS,,perf,atma,,cikliśāna,kliś
cikliSvas,kliS,,perf,para,,cikliśvas,kliś
cikzipARa,kzip,,perf,atma,,cikṣipāṇa,kṣip
cikzipvas,kzip,,perf,para,,cikṣipvas,kṣip
cikzivas,kzi,,perf,para,,cikṣivas,kṣi
cikzIvas,kzI,,perf,para,,cikṣīvas,kṣī
cikzyARa,kzi,,perf,atma,,cikṣyāṇa,kṣi
cikzyARa,kzI,,perf,atma,,cikṣyāṇa,kṣī
ciKidAna,Kid,,perf,atma,,cikhidāna,khid
ciKidvas,Kid,,perf,para,,cikhidvas,khid
cicikitsvas,cit#1,,perf,para,desid,cicikitsvas,cit#1
cicikIrvas,ci,,perf,para,desid,cicikīrvas,ci
cicikIrzARa,kf#1,,perf,atma,desid,cicikīrṣāṇa,kṛ#1
cicikIrzvas,kf#1,,perf,para,desid,cicikīrṣvas,kṛ#1
cicikrIzARa,krI,,perf,atma,desid,cicikrīṣāṇa,krī
cicitrARa,citr,,perf,atma,,cicitrāṇa,citr
cicitrvas,citr,,perf,para,,cicitrvas,citr
cicCidAna,Cid#1,,perf,atma,,cicchidāna,chid#1
cicCidvas,Cid#1,,perf,para,,cicchidvas,chid#1
citavat,ci,,past,active,,citavat,ci
cita,ci,,past,pass,,cita,ci
cittavat,cit#1,,past,active,,cittavat,cit#1
citta,cit#1,,past,pass,,citta,cit#1
cityamAna,cit#1,,pres,pass,,cityamāna,cit#1
citrayizyat,citr,,fut,para,,citrayiṣyat,citr
citrayizyamAna,citr,,fut,atma,,citrayiṣyamāna,citr
citritavat,citr,,past,active,,citritavat,citr
citrita,citr,,past,pass,,citrita,citr
citrIyat,citr,10,pres,para,,citrīyat,citr
citrIyamAna,citr,10,pres,atma,,citrīyamāna,citr
citrIyitavya,citr,,fut,pass,,citrīyitavya,citr
citryamAna,citr,,pres,pass,,citryamāna,citr
cintanIya,cint,,fut,pass,,cintanīya,cint
cintayat,cint,10,pres,para,,cintayat,cint
cintayAna,cint,10,pres,atma,,cintayāna,cint
cintayitavya,cint,,fut,pass,,cintayitavya,cint
cintitavat,cint,,past,active,,cintitavat,cint
cintita,cint,,past,pass,,cintita,cint
cintya,cint,,fut,pass,,cintya,cint
cinvat,ci,5,pres,para,,cinvat,ci
cinvAna,ci,5,pres,atma,,cinvāna,ci
cIyamAna,ci,,pres,pass,,cīyamāna,ci
cukucAna,kuc,,perf,atma,,cukucāna,kuc
cukucvas,kuc,,perf,para,,cukucvas,kuc
cukuwAna,kuw,,perf,atma,,cukuṭāna,kuṭ
cukuwwAna,kuww,,perf,atma,,cukuṭṭāna,kuṭṭ
cukuwwvas,kuww,,perf,para,,cukuṭṭvas,kuṭṭ
cukuwvas,kuw,,perf,para,,cukuṭvas,kuṭ
cukuRWAna,kuRW,,perf,atma,,cukuṇṭhāna,kuṇṭh
cukuRWvas,kuRW,,perf,para,,cukuṇṭhvas,kuṇṭh
cukuRqAna,kuRq,,perf,atma,,cukuṇḍāna,kuṇḍ
cukuRqvas,kuRq,,perf,para,,cukuṇḍvas,kuṇḍ
cukutsAna,kuts,,perf,atma,,cukutsāna,kuts
cukutsvas,kuts,,perf,para,,cukutsvas,kuts
cukunTAna,kunT,,perf,atma,,cukunthāna,kunth
cukunTvas,kunT,,perf,para,,cukunthvas,kunth
cukupAna,kup,,perf,atma,,cukupāna,kup
cukupvas,kup,,perf,para,,cukupvas,kup
cukulAna,kul,,perf,atma,,cukulāna,kul
cukulvas,kul,,perf,para,,cukulvas,kul
cukuzuRvas,kusum,,perf,para,,cukuṣuṇvas,kusum
cukuzumARa,kusum,,perf,atma,,cukuṣumāṇa,kusum
cukUjAna,kUj,,perf,atma,,cukūjāna,kūj
cukUjvas,kUj,,perf,para,,cukūjvas,kūj
cukruYcAna,kruYc#1,,perf,atma,,cukruñcāna,kruñc#1
cukruYcvas,kruYc#1,,perf,para,,cukruñcvas,kruñc#1
cukruDAna,kruD#1,,perf,atma,,cukrudhāna,krudh#1
cukruDvas,kruD#1,,perf,para,,cukrudhvas,krudh#1
cukruSAna,kruS,,perf,atma,,cukruśāna,kruś
cukruSvas,kruS,,perf,para,,cukruśvas,kruś
cukvAna,kU,,perf,atma,,cukvāna,kū
cukzudAna,kzud,,perf,atma,,cukṣudāna,kṣud
cukzudvas,kzud,,perf,para,,cukṣudvas,kṣud
cukzuDAna,kzuD#1,,perf,atma,,cukṣudhāna,kṣudh#1
cukzuDvas,kzuD#1,,perf,para,,cukṣudhvas,kṣudh#1
cukzuBARa,kzuB,,perf,atma,,cukṣubhāṇa,kṣubh
cukzuBvas,kzuB,,perf,para,,cukṣubhvas,kṣubh
cukzuvas,kzu,,perf,para,,cukṣuvas,kṣu
cukzUzaRIya,kzu,,fut,pass,desid,cukṣūṣaṇīya,kṣu
cukzUzat,kzu,,pres,para,desid,cukṣūṣat,kṣu
cukzUzitavat,kzu,,past,active,desid,cukṣūṣitavat,kṣu
cukzUzita,kzu,,past,pass,desid,cukṣūṣita,kṣu
cukzvARa,kzu,,perf,atma,,cukṣvāṇa,kṣu
cucukzUzvas,kzu,,perf,para,desid,cucukṣūṣvas,kṣu
cucudAna,cud,,perf,atma,,cucudāna,cud
cucudvas,cud,,perf,para,,cucudvas,cud
cucumbAna,cumb,,perf,atma,,cucumbāna,cumb
cucumbvas,cumb,,perf,para,,cucumbvas,cumb
cucUrRAna,cUrR,,perf,atma,,cucūrṇāna,cūrṇ
cucUrRvas,cUrR,,perf,para,,cucūrṇvas,cūrṇ
cucyuvas,cyu,,perf,para,,cucyuvas,cyu
cucyvAna,cyu,,perf,atma,,cucyvāna,cyu
cuditavat,cud,,past,active,,cuditavat,cud
cudita,cud,,past,pass,,cudita,cud
cudyamAna,cud,,pres,pass,,cudyamāna,cud
cumbat,cumb,1,pres,para,,cumbat,cumb
cumbamAna,cumb,1,pres,atma,,cumbamāna,cumb
cumbitavat,cumb,,past,active,,cumbitavat,cumb
cumbita,cumb,,past,pass,,cumbita,cumb
cumbyamAna,cumb,,pres,pass,,cumbyamāna,cumb
cUrRayat,cUrR,10,pres,para,,cūrṇayat,cūrṇ
cUrRayamAna,cUrR,10,pres,atma,,cūrṇayamāna,cūrṇ
cUrRayitavya,cUrR,,fut,pass,,cūrṇayitavya,cūrṇ
cUrRayizyat,cUrR,,fut,para,,cūrṇayiṣyat,cūrṇ
cUrRayizyamAna,cUrR,,fut,atma,,cūrṇayiṣyamāna,cūrṇ
cUrRitavat,cUrR,,past,active,,cūrṇitavat,cūrṇ
cUrRita,cUrR,,past,pass,,cūrṇita,cūrṇ
cUrRyamAna,cUrR,,pres,pass,,cūrṇyamāna,cūrṇ
cUrRya,cUrR,,fut,pass,,cūrṇya,cūrṇ
cecrARa,carc,,perf,atma,,cecrāṇa,carc
cecrivas,carc,,perf,para,,cecrivas,carc
cewAna,caw,,perf,atma,,ceṭāna,caṭ
cewivas,caw,,perf,para,,ceṭivas,caṭ
cetat,cit#1,1,pres,para,,cetat,cit#1
cetanIya,cit#1,,fut,pass,,cetanīya,cit#1
cetanIya,cit#1,,fut,pass,caus,cetanīya,cit#1
cetamAna,cit#1,1,pres,atma,,cetamāna,cit#1
cetayat,cit#1,,pres,para,caus,cetayat,cit#1
cetayamAna,cit#1,,pres,atma,caus,cetayamāna,cit#1
cetayitavya,cit#1,,fut,pass,caus,cetayitavya,cit#1
cetayizyat,cit#1,,fut,para,caus,cetayiṣyat,cit#1
cetayizyamAna,cit#1,,fut,atma,,cetayiṣyamāna,cit#1
cetayizyamAna,cit#1,,fut,atma,caus,cetayiṣyamāna,cit#1
cetavya,ci,,fut,pass,,cetavya,ci
cetitavat,cit#1,,past,active,caus,cetitavat,cit#1
cetitavya,cit#1,,fut,pass,,cetitavya,cit#1
cetita,cit#1,,past,pass,caus,cetita,cit#1
cetizyat,cit#1,,fut,para,,cetiṣyat,cit#1
cetizyamAna,cit#1,,fut,atma,,cetiṣyamāna,cit#1
cetyamAna,cit#1,,pres,pass,caus,cetyamāna,cit#1
cetya,cit#1,,fut,pass,,cetya,cit#1
cetya,cit#1,,fut,pass,caus,cetya,cit#1
cetraRIya,citr,,fut,pass,,cetraṇīya,citr
cetrya,citr,,fut,pass,,cetrya,citr
cednAna,cand,,perf,atma,,cednāna,cand
cednivas,cand,,perf,para,,cednivas,cand
cemAna,cam,,perf,atma,,cemāna,cam
cemivas,cam,,perf,para,,cemivas,cam
ceya,ci,,fut,pass,,ceya,ci
cerARa,car,,perf,atma,,cerāṇa,car
cerivas,car,,perf,para,,cerivas,car
celAna,cal,,perf,atma,,celāna,cal
celivas,cal,,perf,para,,celivas,cal
cezwat,cezw,1,pres,para,,ceṣṭat,ceṣṭ
cezwanIya,cezw,,fut,pass,,ceṣṭanīya,ceṣṭ
cezwanIya,cezw,,fut,pass,caus,ceṣṭanīya,ceṣṭ
cezwamAna,cezw,1,pres,atma,,ceṣṭamāna,ceṣṭ
cezwayat,cezw,,pres,para,caus,ceṣṭayat,ceṣṭ
cezwayamAna,cezw,,pres,atma,caus,ceṣṭayamāna,ceṣṭ
cezwayitavya,cezw,,fut,pass,caus,ceṣṭayitavya,ceṣṭ
cezwayizyat,cezw,,fut,para,caus,ceṣṭayiṣyat,ceṣṭ
cezwayizyamAna,cezw,,fut,atma,,ceṣṭayiṣyamāna,ceṣṭ
cezwayizyamAna,cezw,,fut,atma,caus,ceṣṭayiṣyamāna,ceṣṭ
cezwitavat,cezw,,past,active,,ceṣṭitavat,ceṣṭ
cezwitavat,cezw,,past,active,caus,ceṣṭitavat,ceṣṭ
cezwita,cezw,,past,pass,,ceṣṭita,ceṣṭ
cezwita,cezw,,past,pass,caus,ceṣṭita,ceṣṭ
cezwwavya,cezw,,fut,pass,,ceṣṭṭavya,ceṣṭ
cezwyamAna,cezw,,pres,pass,,ceṣṭyamāna,ceṣṭ
cezwyamAna,cezw,,pres,pass,caus,ceṣṭyamāna,ceṣṭ
cezwya,cezw,,fut,pass,,ceṣṭya,ceṣṭ
cezwya,cezw,,fut,pass,caus,ceṣṭya,ceṣṭ
cezwsyat,cezw,,fut,para,,ceṣṭsyat,ceṣṭ
cezwsyamAna,cezw,,fut,atma,,ceṣṭsyamāna,ceṣṭ
cezyat,ci,,fut,para,,ceṣyat,ci
cezyamAna,ci,,fut,atma,,ceṣyamāna,ci
codat,cud,1,pres,para,,codat,cud
codanIya,cud,,fut,pass,,codanīya,cud
codanIya,cud,,fut,pass,caus,codanīya,cud
codamAna,cud,1,pres,atma,,codamāna,cud
codayat,cud,,pres,para,caus,codayat,cud
codayamAna,cud,,pres,atma,caus,codayamāna,cud
codayitavya,cud,,fut,pass,caus,codayitavya,cud
codayizyat,cud,,fut,para,caus,codayiṣyat,cud
codayizyamAna,cud,,fut,atma,,codayiṣyamāna,cud
codayizyamAna,cud,,fut,atma,caus,codayiṣyamāna,cud
coditavat,cud,,past,active,caus,coditavat,cud
codita,cud,,past,pass,caus,codita,cud
codyamAna,cud,,pres,pass,caus,codyamāna,cud
codya,cud,,fut,pass,,codya,cud
codya,cud,,fut,pass,caus,codya,cud
copanIya,kup,,fut,pass,caus,copanīya,kup
copayat,kup,,pres,para,caus,copayat,kup
copayamAna,kup,,pres,atma,caus,copayamāna,kup
copayitavya,kup,,fut,pass,caus,copayitavya,kup
copayizyat,kup,,fut,para,caus,copayiṣyat,kup
copayizyamAna,kup,,fut,atma,,copayiṣyamāna,kup
copayizyamAna,kup,,fut,atma,caus,copayiṣyamāna,kup
copitavat,kup,,past,active,caus,copitavat,kup
copita,kup,,past,pass,caus,copita,kup
copyamAna,kup,,pres,pass,caus,copyamāna,kup
copya,kup,,fut,pass,caus,copya,kup
comptavya,cumb,,fut,pass,,comptavya,cumb
compsyat,cumb,,fut,para,,compsyat,cumb
compsyamAna,cumb,,fut,atma,,compsyamāna,cumb
combanIya,cumb,,fut,pass,,combanīya,cumb
combya,cumb,,fut,pass,,combya,cumb
coraRIya,cor,,fut,pass,,coraṇīya,cor
corayat,cor,10,pres,para,,corayat,cor
corayamAna,cor,10,pres,atma,,corayamāna,cor
corayitavya,cor,,fut,pass,,corayitavya,cor
corayizyat,cor,,fut,para,,corayiṣyat,cor
corayizyamAna,cor,,fut,atma,,corayiṣyamāna,cor
coritavat,cor,,past,active,,coritavat,cor
corita,cor,,past,pass,,corita,cor
corRanIya,cUrR,,fut,pass,,corṇanīya,cūrṇ
coryamAna,cor,,pres,pass,,coryamāna,cor
corya,cor,,fut,pass,,corya,cor
cyavat,cyu,1,pres,para,,cyavat,cyu
cyavanIya,cyu,,fut,pass,,cyavanīya,cyu
cyavamAna,cyu,1,pres,atma,,cyavamāna,cyu
cyutavat,cyu,,past,active,,cyutavat,cyu
cyuta,cyu,,past,pass,,cyuta,cyu
cyUyamAna,cyu,,pres,pass,,cyūyamāna,cyu
cyotavya,cyu,,fut,pass,,cyotavya,cyu
cyoya,cyu,,fut,pass,,cyoya,cyu
cyozyat,cyu,,fut,para,,cyoṣyat,cyu
cyozyamAna,cyu,,fut,atma,,cyoṣyamāna,cyu
Cattavya,Cad#1,,fut,pass,,chattavya,chad#1
Catsyat,Cad#1,,fut,para,,chatsyat,chad#1
CatsyamAna,Cad#1,,fut,atma,,chatsyamāna,chad#1
Cadat,Cad#1,1,pres,para,,chadat,chad#1
CadanIya,Cad#1,,fut,pass,,chadanīya,chad#1
CadamAna,Cad#1,1,pres,atma,,chadamāna,chad#1
CadyamAna,Cad#1,,pres,pass,,chadyamāna,chad#1
Cadya,Cad#1,,fut,pass,,chadya,chad#1
Canttavya,Cand,,fut,pass,,chanttavya,chand
Cantsyat,Cand,,fut,para,,chantsyat,chand
CantsyamAna,Cand,,fut,atma,,chantsyamāna,chand
Candat,Cand,1,pres,para,,chandat,chand
CandanIya,Cand,,fut,pass,,chandanīya,chand
CandanIya,Cand,,fut,pass,caus,chandanīya,chand
CandamAna,Cand,1,pres,atma,,chandamāna,chand
Candayat,Cand,,pres,para,caus,chandayat,chand
CandayamAna,Cand,,pres,atma,caus,chandayamāna,chand
Candayitavya,Cand,,fut,pass,caus,chandayitavya,chand
Candayizyat,Cand,,fut,para,caus,chandayiṣyat,chand
CandayizyamAna,Cand,,fut,atma,,chandayiṣyamāna,chand
CandayizyamAna,Cand,,fut,atma,caus,chandayiṣyamāna,chand
Canditavat,Cand,,past,active,,chanditavat,chand
Canditavat,Cand,,past,active,caus,chanditavat,chand
Candita,Cand,,past,pass,,chandita,chand
Candita,Cand,,past,pass,caus,chandita,chand
CandyamAna,Cand,,pres,pass,,chandyamāna,chand
CandyamAna,Cand,,pres,pass,caus,chandyamāna,chand
Candya,Cand,,fut,pass,,chandya,chand
Candya,Cand,,fut,pass,caus,chandya,chand
Cannavat,Cad#1,,past,active,,channavat,chad#1
Canna,Cad#1,,past,pass,,channa,chad#1
Canlayat,Cal,10,pres,para,,chanlayat,chal
CanlayamAna,Cal,10,pres,atma,,chanlayamāna,chal
Canlayitavya,Cal,,fut,pass,,chanlayitavya,chal
CalanIya,Cal,,fut,pass,,chalanīya,chal
Calayizyat,Cal,,fut,para,,chalayiṣyat,chal
CalayizyamAna,Cal,,fut,atma,,chalayiṣyamāna,chal
Calitavat,Cal,,past,active,,chalitavat,chal
Calita,Cal,,past,pass,,chalita,chal
CalyamAna,Cal,,pres,pass,,chalyamāna,chal
Calya,Cal,,fut,pass,,chalya,chal
CAdanIya,Cad#1,,fut,pass,caus,chādanīya,chad#1
CAdayat,Cad#1,,pres,para,caus,chādayat,chad#1
CAdayamAna,Cad#1,,pres,atma,caus,chādayamāna,chad#1
CAdayitavya,Cad#1,,fut,pass,caus,chādayitavya,chad#1
CAdayizyat,Cad#1,,fut,para,caus,chādayiṣyat,chad#1
CAdayizyamAna,Cad#1,,fut,atma,,chādayiṣyamāna,chad#1
CAdayizyamAna,Cad#1,,fut,atma,caus,chādayiṣyamāna,chad#1
CAditavat,Cad#1,,past,active,caus,chāditavat,chad#1
CAdita,Cad#1,,past,pass,caus,chādita,chad#1
CAdyamAna,Cad#1,,pres,pass,caus,chādyamāna,chad#1
CAdya,Cad#1,,fut,pass,caus,chādya,chad#1
CidyamAna,Cid#1,,pres,pass,,chidyamāna,chid#1
Cindat,Cid#1,7,pres,para,,chindat,chid#1
CindAna,Cid#1,7,pres,atma,,chindāna,chid#1
Cinnavat,Cid#1,,past,active,,chinnavat,chid#1
Cinna,Cid#1,,past,pass,,chinna,chid#1
CuraRIya,Cur,,fut,pass,caus,churaṇīya,chur
Curayat,Cur,,pres,para,caus,churayat,chur
CurayamAna,Cur,,pres,atma,caus,churayamāna,chur
Curayitavya,Cur,,fut,pass,caus,churayitavya,chur
Curayizyat,Cur,,fut,para,caus,churayiṣyat,chur
CurayizyamAna,Cur,,fut,atma,,churayiṣyamāna,chur
CurayizyamAna,Cur,,fut,atma,caus,churayiṣyamāna,chur
Curitavat,Cur,,past,active,caus,churitavat,chur
Curita,Cur,,past,pass,caus,churita,chur
CuryamAna,Cur,,pres,pass,caus,churyamāna,chur
Curya,Cur,,fut,pass,caus,churya,chur
Cettavya,Cid#1,,fut,pass,,chettavya,chid#1
Cetsyat,Cid#1,,fut,para,,chetsyat,chid#1
CetsyamAna,Cid#1,,fut,atma,,chetsyamāna,chid#1
CedanIya,Cid#1,,fut,pass,,chedanīya,chid#1
CedanIya,Cid#1,,fut,pass,caus,chedanīya,chid#1
Cedayat,Cid#1,,pres,para,caus,chedayat,chid#1
CedayamAna,Cid#1,,pres,atma,caus,chedayamāna,chid#1
Cedayitavya,Cid#1,,fut,pass,caus,chedayitavya,chid#1
Cedayizyat,Cid#1,,fut,para,caus,chedayiṣyat,chid#1
CedayizyamAna,Cid#1,,fut,atma,,chedayiṣyamāna,chid#1
CedayizyamAna,Cid#1,,fut,atma,caus,chedayiṣyamāna,chid#1
Ceditavat,Cid#1,,past,active,caus,cheditavat,chid#1
Cedita,Cid#1,,past,pass,caus,chedita,chid#1
CedyamAna,Cid#1,,pres,pass,caus,chedyamāna,chid#1
Cedya,Cid#1,,fut,pass,,chedya,chid#1
Cedya,Cid#1,,fut,pass,caus,chedya,chid#1
jaMsyat,jam,,fut,para,,jaṃsyat,jam
jaMsyamAna,jam,,fut,atma,,jaṃsyamāna,jam
jaHsyat,jas,,fut,para,,jaḥsyat,jas
jaHsyamAna,jas,,fut,atma,,jaḥsyamāna,jas
jakzaRIya,jakz,,fut,pass,,jakṣaṇīya,jakṣ
jakzat,jakz,2,pres,para,,jakṣat,jakṣ
jakzat,jakz,1,pres,para,,jakṣat,jakṣ
jakzamAna,jakz,1,pres,atma,,jakṣamāna,jakṣ
jakzARa,jakz,2,pres,atma,,jakṣāṇa,jakṣ
jakzitavya,jakz,,fut,pass,,jakṣitavya,jakṣ
jakzizyat,jakz,,fut,para,,jakṣiṣyat,jakṣ
jakzizyamAna,jakz,,fut,atma,,jakṣiṣyamāna,jakṣ
jakzyamAna,jakz,,pres,pass,,jakṣyamāna,jakṣ
jakzya,jakz,,fut,pass,,jakṣya,jakṣ
jagajAna,gaj,,perf,atma,,jagajāna,gaj
jagajvas,gaj,,perf,para,,jagajvas,gaj
jagaRAna,gaR,,perf,atma,,jagaṇāna,gaṇ
jagaRvas,gaR,,perf,para,,jagaṇvas,gaṇ
jagadAna,gad,,perf,atma,,jagadāna,gad
jagadvas,gad,,perf,para,,jagadvas,gad
jagarARa,gF#1,,perf,atma,,jagarāṇa,gṝ#1
jagarARa,gF#2,,perf,atma,,jagarāṇa,gṝ#2
jagardAna,gard,,perf,atma,,jagardāna,gard
jagardvas,gard,,perf,para,,jagardvas,gard
jagarvARa,garv,,perf,atma,,jagarvāṇa,garv
jagarvas,gF#1,,perf,para,,jagarvas,gṝ#1
jagarvas,gF#2,,perf,para,,jagarvas,gṝ#2
jagarvvas,garv,,perf,para,,jagarvvas,garv
jagarhARa,garh,,perf,atma,,jagarhāṇa,garh
jagarhvas,garh,,perf,para,,jagarhvas,garh
jagalAna,gal,,perf,atma,,jagalāna,gal
jagalBAna,galB,,perf,atma,,jagalbhāna,galbh
jagalBvas,galB,,perf,para,,jagalbhvas,galbh
jagalvas,gal,,perf,para,,jagalvas,gal
jagAna,gA#1,,perf,atma,,jagāna,gā#1
jagAna,gA#2,,perf,atma,,jagāna,gā#2
jagAhAna,gAh,,perf,atma,,jagāhāna,gāh
jagAhvas,gAh,,perf,para,,jagāhvas,gāh
jagivas,gA#1,,perf,para,,jagivas,gā#1
jagivas,gA#2,,perf,para,,jagivas,gā#2
jagfDAna,gfD,,perf,atma,,jagṛdhāna,gṛdh
jagfDvas,gfD,,perf,para,,jagṛdhvas,gṛdh
jagfhARa,grah,,perf,atma,,jagṛhāṇa,grah
jagfhvas,grah,,perf,para,,jagṛhvas,grah
jagDavat,jakz,,past,active,,jagdhavat,jakṣ
jagDa,jakz,,past,pass,,jagdha,jakṣ
jagmAna,gam,,perf,atma,,jagmāna,gam
jagmivas,gam,,perf,para,,jagmivas,gam
jagraTAna,graT,,perf,atma,,jagrathāna,grath
jagraTvas,graT,,perf,para,,jagrathvas,grath
jagrasAna,gras,,perf,atma,,jagrasāna,gras
jagrasvas,gras,,perf,para,,jagrasvas,gras
jaglAna,glE,,perf,atma,,jaglāna,glai
jaglivas,glE,,perf,para,,jaglivas,glai
jaGawAna,Gaw,,perf,atma,,jaghaṭāna,ghaṭ
jaGawwAna,Gaww,,perf,atma,,jaghaṭṭāna,ghaṭṭ
jaGawwvas,Gaww,,perf,para,,jaghaṭṭvas,ghaṭṭ
jaGawvas,Gaw,,perf,para,,jaghaṭvas,ghaṭ
jaGfvas,Gf,,perf,para,,jaghṛvas,ghṛ
jaGfzARa,Gfz,,perf,atma,,jaghṛṣāṇa,ghṛṣ
jaGfzvas,Gfz,,perf,para,,jaghṛṣvas,ghṛṣ
jaGnAna,han#1,,perf,atma,,jaghnāna,han#1
jaGnivas,han#1,,perf,para,,jaghnivas,han#1
jaGrARa,Gf,,perf,atma,,jaghrāṇa,ghṛ
jaGrARa,GrA,,perf,atma,,jaghrāṇa,ghrā
jaGrivas,GrA,,perf,para,,jaghrivas,ghrā
jaNGAt,han#1,,pres,para,intens,jaṅghāt,han#1
jajarARa,jF,,perf,atma,,jajarāṇa,jṝ
jajarvas,jF,,perf,para,,jajarvas,jṝ
jajAgfvas,jAgf,,perf,para,,jajāgṛvas,jāgṛ
jajAgrARa,jAgf,,perf,atma,,jajāgrāṇa,jāgṛ
jajfmBARa,jfmB,,perf,atma,,jajṛmbhāṇa,jṛmbh
jajfmBvas,jfmB,,perf,para,,jajṛmbhvas,jṛmbh
jajYAna,jan,,perf,atma,,jajñāna,jan
jajYAna,jYA#1,,perf,atma,,jajñāna,jñā#1
jajYivas,jan,,perf,para,,jajñivas,jan
jajYivas,jYA#1,,perf,para,,jajñivas,jñā#1
jajvarARa,jvar,,perf,atma,,jajvarāṇa,jvar
jajvarvas,jvar,,perf,para,,jajvarvas,jvar
jajvalAna,jval,,perf,atma,,jajvalāna,jval
jajvalvas,jval,,perf,para,,jajvalvas,jval
janat,jan,1,pres,para,,janat,jan
jananIya,jan,,fut,pass,,jananīya,jan
jananIya,jan,,fut,pass,caus,jananīya,jan
janamAna,jan,1,pres,atma,,janamāna,jan
janayat,jan,,pres,para,caus,janayat,jan
janayamAna,jan,,pres,atma,caus,janayamāna,jan
janayitavya,jan,,fut,pass,caus,janayitavya,jan
janayizyat,jan,,fut,para,caus,janayiṣyat,jan
janayizyamAna,jan,,fut,atma,,janayiṣyamāna,jan
janayizyamAna,jan,,fut,atma,caus,janayiṣyamāna,jan
janitavat,jan,,past,active,caus,janitavat,jan
janitavya,jan,,fut,pass,,janitavya,jan
janita,jan,,past,pass,caus,janita,jan
janizyat,jan,,fut,para,,janiṣyat,jan
janizyamAna,jan,,fut,atma,,janiṣyamāna,jan
jantavat,jam,,past,active,,jantavat,jam
jantavya,jam,,fut,pass,,jantavya,jam
janta,jam,,past,pass,,janta,jam
janyamAna,jan,,pres,pass,,janyamāna,jan
janyamAna,jan,,pres,pass,caus,janyamāna,jan
janya,jan,,fut,pass,,janya,jan
janya,jan,,fut,pass,caus,janya,jan
japat,jap,1,pres,para,,japat,jap
japanIya,jap,,fut,pass,,japanīya,jap
japamAna,jap,1,pres,atma,,japamāna,jap
japitavya,jap,,fut,pass,,japitavya,jap
japizyat,jap,,fut,para,,japiṣyat,jap
japizyamAna,jap,,fut,atma,,japiṣyamāna,jap
japtavat,jap,,past,active,,japtavat,jap
japta,jap,,past,pass,,japta,jap
japyamAna,jap,,pres,pass,,japyamāna,jap
japya,jap,,fut,pass,,japya,jap
japsyat,jaB#1,,fut,para,,japsyat,jabh#1
japsyat,jaB#2,,fut,para,,japsyat,jabh#2
japsyamAna,jaB#1,,fut,atma,,japsyamāna,jabh#1
japsyamAna,jaB#2,,fut,atma,,japsyamāna,jabh#2
jabDavat,jaB#1,,past,active,,jabdhavat,jabh#1
jabDavat,jaB#2,,past,active,,jabdhavat,jabh#2
jabDavya,jaB#1,,fut,pass,,jabdhavya,jabh#1
jabDavya,jaB#2,,fut,pass,,jabdhavya,jabh#2
jabDa,jaB#1,,past,pass,,jabdha,jabh#1
jabDa,jaB#2,,past,pass,,jabdha,jabh#2
jaBat,jaB#1,1,pres,para,,jabhat,jabh#1
jaBat,jaB#2,1,pres,para,,jabhat,jabh#2
jaBanIya,jaB#1,,fut,pass,,jabhanīya,jabh#1
jaBanIya,jaB#2,,fut,pass,,jabhanīya,jabh#2
jaBamAna,jaB#1,1,pres,atma,,jabhamāna,jabh#1
jaBamAna,jaB#2,1,pres,atma,,jabhamāna,jabh#2
jaByamAna,jaB#1,,pres,pass,,jabhyamāna,jabh#1
jaByamAna,jaB#2,,pres,pass,,jabhyamāna,jabh#2
jaBya,jaB#1,,fut,pass,,jabhya,jabh#1
jaBya,jaB#2,,fut,pass,,jabhya,jabh#2
jamat,jam,1,pres,para,,jamat,jam
jamanIya,jam,,fut,pass,,jamanīya,jam
jamamAna,jam,1,pres,atma,,jamamāna,jam
jamyamAna,jam,,pres,pass,,jamyamāna,jam
jamya,jam,,fut,pass,,jamya,jam
jayat,ji,1,pres,para,,jayat,ji
jayanIya,ji,,fut,pass,,jayanīya,ji
jayamAna,ji,1,pres,atma,,jayamāna,ji
jayitavya,ji,,fut,pass,,jayitavya,ji
jayizyat,ji,,fut,para,,jayiṣyat,ji
jayizyamAna,ji,,fut,atma,,jayiṣyamāna,ji
jayya,ji,,fut,pass,,jayya,ji
jaraRIya,jF,,fut,pass,,jaraṇīya,jṝ
jaraRIya,jF,,fut,pass,caus,jaraṇīya,jṝ
jarat,jF,1,pres,para,,jarat,jṝ
jaramAna,jF,1,pres,atma,,jaramāna,jṝ
jarayat,jF,,pres,para,caus,jarayat,jṝ
jarayamAna,jF,,pres,atma,caus,jarayamāna,jṝ
jarayitavya,jF,,fut,pass,caus,jarayitavya,jṝ
jarayizyat,jF,,fut,para,caus,jarayiṣyat,jṝ
jarayizyamAna,jF,,fut,atma,,jarayiṣyamāna,jṝ
jarayizyamAna,jF,,fut,atma,caus,jarayiṣyamāna,jṝ
jaritavat,jF,,past,active,caus,jaritavat,jṝ
jaritavya,jF,,fut,pass,,jaritavya,jṝ
jarita,jF,,past,pass,caus,jarita,jṝ
jarizyat,jF,,fut,para,,jariṣyat,jṝ
jarizyamAna,jF,,fut,atma,,jariṣyamāna,jṝ
jarItavya,jF,,fut,pass,,jarītavya,jṝ
jarIzyat,jF,,fut,para,,jarīṣyat,jṝ
jarIzyamAna,jF,,fut,atma,,jarīṣyamāna,jṝ
jarmpsyat,jfmB,,fut,para,,jarmpsyat,jṛmbh
jarmpsyamAna,jfmB,,fut,atma,,jarmpsyamāna,jṛmbh
jarmbDavya,jfmB,,fut,pass,,jarmbdhavya,jṛmbh
jarmBaRIya,jfmB,,fut,pass,,jarmbhaṇīya,jṛmbh
jaryamAna,jF,,pres,pass,caus,jaryamāna,jṝ
jarya,jF,,fut,pass,caus,jarya,jṝ
jalanIya,jal,,fut,pass,,jalanīya,jal
jalayizyat,jal,,fut,para,,jalayiṣyat,jal
jalayizyamAna,jal,,fut,atma,,jalayiṣyamāna,jal
jalAyat,jal,10,pres,para,,jalāyat,jal
jalAyamAna,jal,10,pres,atma,,jalāyamāna,jal
jalAyitavya,jal,,fut,pass,,jalāyitavya,jal
jalgalat,gal,,pres,para,intens,jalgalat,gal
jaltavat,jal,,past,active,,jaltavat,jal
jalta,jal,,past,pass,,jalta,jal
jalpat,jalp,1,pres,para,,jalpat,jalp
jalpanIya,jalp,,fut,pass,,jalpanīya,jalp
jalpamAna,jalp,1,pres,atma,,jalpamāna,jalp
jalpitavat,jalp,,past,active,,jalpitavat,jalp
jalpitavya,jalp,,fut,pass,,jalpitavya,jalp
jalpita,jalp,,past,pass,,jalpita,jalp
jalpizyat,jalp,,fut,para,,jalpiṣyat,jalp
jalpizyamAna,jalp,,fut,atma,,jalpiṣyamāna,jalp
jalpyamAna,jalp,,pres,pass,,jalpyamāna,jalp
jalpya,jalp,,fut,pass,,jalpya,jalp
jalyamAna,jal,,pres,pass,,jalyamāna,jal
jalya,jal,,fut,pass,,jalya,jal
javat,jU,1,pres,para,,javat,jū
javanIya,jU,,fut,pass,,javanīya,jū
javamAna,jU,1,pres,atma,,javamāna,jū
javitavya,jU,,fut,pass,,javitavya,jū
javizyat,jU,,fut,para,,javiṣyat,jū
javizyamAna,jU,,fut,atma,,javiṣyamāna,jū
jasanIya,jas,,fut,pass,,jasanīya,jas
jastavat,jas,,past,active,,jastavat,jas
jastavya,jas,,fut,pass,,jastavya,jas
jasta,jas,,past,pass,,jasta,jas
jasyat,jas,4,pres,para,,jasyat,jas
jasyamAna,jas,4,pres,atma,,jasyamāna,jas
jasyamAna,jas,,pres,pass,,jasyamāna,jas
jasya,jas,,fut,pass,,jasya,jas
jahaWAna,haW,,perf,atma,,jahaṭhāna,haṭh
jahaWvas,haW,,perf,para,,jahaṭhvas,haṭh
jahat,hA#1,3,pres,para,,jahat,hā#1
jahadAna,had,,perf,atma,,jahadāna,had
jahadvas,had,,perf,para,,jahadvas,had
jahasAna,has,,perf,atma,,jahasāna,has
jahasvas,has,,perf,para,,jahasvas,has
jahAna,hA#2,,perf,atma,,jahāna,hā#2
jahitavya,hA#1,,fut,pass,,jahitavya,hā#1
jahivas,hA#1,,perf,para,,jahivas,hā#1
jahizyat,hA#1,,fut,para,,jahiṣyat,hā#1
jahfvas,hf#1,,perf,para,,jahṛvas,hṛ#1
jahfzARa,hfz,,perf,atma,,jahṛṣāṇa,hṛṣ
jahfzvas,hfz,,perf,para,,jahṛṣvas,hṛṣ
jahrasAna,hras,,perf,atma,,jahrasāna,hras
jahrasvas,hras,,perf,para,,jahrasvas,hras
jahrARa,hf#1,,perf,atma,,jahrāṇa,hṛ#1
jahrARa,hf#2,,perf,atma,,jahrāṇa,hṛ#2
jahrAdAna,hrAd,,perf,atma,,jahrādāna,hrād
jahrAdvas,hrAd,,perf,para,,jahrādvas,hrād
jahlAdAna,hlAd,,perf,atma,,jahlādāna,hlād
jahlAdvas,hlAd,,perf,para,,jahlādvas,hlād
jahvalAna,hval,,perf,atma,,jahvalāna,hval
jahvalvas,hval,,perf,para,,jahvalvas,hval
jAgaraRIya,jAgf,,fut,pass,,jāgaraṇīya,jāgṛ
jAgaraRIya,jAgf,,fut,pass,caus,jāgaraṇīya,jāgṛ
jAgarayat,jAgf,,pres,para,caus,jāgarayat,jāgṛ
jAgarayamAna,jAgf,,pres,atma,caus,jāgarayamāna,jāgṛ
jAgarayitavya,jAgf,,fut,pass,caus,jāgarayitavya,jāgṛ
jAgarayizyat,jAgf,,fut,para,caus,jāgarayiṣyat,jāgṛ
jAgarayizyamAna,jAgf,,fut,atma,,jāgarayiṣyamāna,jāgṛ
jAgarayizyamAna,jAgf,,fut,atma,caus,jāgarayiṣyamāna,jāgṛ
jAgaritavat,jAgf,,past,active,,jāgaritavat,jāgṛ
jAgaritavat,jAgf,,past,active,caus,jāgaritavat,jāgṛ
jAgarita,jAgf,,past,pass,,jāgarita,jāgṛ
jAgarita,jAgf,,past,pass,caus,jāgarita,jāgṛ
jAgarizyat,jAgf,,fut,para,,jāgariṣyat,jāgṛ
jAgarizyamAna,jAgf,,fut,atma,,jāgariṣyamāna,jāgṛ
jAgartavya,jAgf,,fut,pass,,jāgartavya,jāgṛ
jAgaryamAna,jAgf,,pres,pass,,jāgaryamāna,jāgṛ
jAgaryamAna,jAgf,,pres,pass,caus,jāgaryamāna,jāgṛ
jAgarya,jAgf,,fut,pass,caus,jāgarya,jāgṛ
jAgArya,jAgf,,fut,pass,,jāgārya,jāgṛ
jAgrat,jAgf,2,pres,para,,jāgrat,jāgṛ
jAgrARa,jAgf,2,pres,atma,,jāgrāṇa,jāgṛ
jAtavat,jan,,past,active,,jātavat,jan
jAtavya,jan,,fut,pass,,jātavya,jan
jAta,jan,,past,pass,,jāta,jan
jAnat,jYA#1,9,pres,para,,jānat,jñā#1
jAnAna,jYA#1,9,pres,atma,,jānāna,jñā#1
jApanIya,ji,,fut,pass,caus,jāpanīya,ji
jApayat,ji,,pres,para,caus,jāpayat,ji
jApayamAna,ji,,pres,atma,caus,jāpayamāna,ji
jApayitavya,ji,,fut,pass,caus,jāpayitavya,ji
jApayizyat,ji,,fut,para,caus,jāpayiṣyat,ji
jApayizyamAna,ji,,fut,atma,,jāpayiṣyamāna,ji
jApayizyamAna,ji,,fut,atma,caus,jāpayiṣyamāna,ji
jApitavat,ji,,past,active,caus,jāpitavat,ji
jApita,ji,,past,pass,caus,jāpita,ji
jApyamAna,ji,,pres,pass,caus,jāpyamāna,ji
jApya,ji,,fut,pass,caus,jāpya,ji
jAyat,jan,4,pres,para,,jāyat,jan
jAyamAna,jan,4,pres,atma,,jāyamāna,jan
jArya,jF,,fut,pass,,jārya,jṝ
jAsanIya,jas,,fut,pass,caus,jāsanīya,jas
jAsayat,jas,,pres,para,caus,jāsayat,jas
jAsayamAna,jas,,pres,atma,caus,jāsayamāna,jas
jAsayitavya,jas,,fut,pass,caus,jāsayitavya,jas
jAsayizyat,jas,,fut,para,caus,jāsayiṣyat,jas
jAsayizyamAna,jas,,fut,atma,,jāsayiṣyamāna,jas
jAsayizyamAna,jas,,fut,atma,caus,jāsayiṣyamāna,jas
jAsitavat,jas,,past,active,caus,jāsitavat,jas
jAsita,jas,,past,pass,caus,jāsita,jas
jAsyat,jan,,fut,para,,jāsyat,jan
jAsyamAna,jan,,fut,atma,,jāsyamāna,jan
jAsyamAna,jas,,pres,pass,caus,jāsyamāna,jas
jAsya,jas,,fut,pass,caus,jāsya,jas
jigat,gA#1,3,pres,para,,jigat,gā#1
jigamizaRIya,gam,,fut,pass,desid,jigamiṣaṇīya,gam
jigamizat,gam,,pres,para,desid,jigamiṣat,gam
jigamizitavat,gam,,past,active,desid,jigamiṣitavat,gam
jigamizita,gam,,past,pass,desid,jigamiṣita,gam
jigivas,ji,,perf,para,,jigivas,ji
jigIzaRIya,ji,,fut,pass,desid,jigīṣaṇīya,ji
jigIzat,ji,,pres,para,desid,jigīṣat,ji
jigIzamAna,ji,,pres,atma,desid,jigīṣamāna,ji
jigIzitavat,ji,,past,active,desid,jigīṣitavat,ji
jigIzita,ji,,past,pass,desid,jigīṣita,ji
jigyAna,ji,,perf,atma,,jigyāna,ji
jigyAna,gA#1,3,pres,atma,,jigyāna,gā#1
jiGAMsat,han#1,,pres,para,desid,jighāṃsat,han#1
jiGAMsanIya,han#1,,fut,pass,desid,jighāṃsanīya,han#1
jiGAMsamAna,han#1,,pres,atma,desid,jighāṃsamāna,han#1
jiGAMsitavat,han#1,,past,active,desid,jighāṃsitavat,han#1
jiGAMsita,han#1,,past,pass,desid,jighāṃsita,han#1
jiGivas,hi#2,,perf,para,,jighivas,hi#2
jiGfkzaRIya,grah,,fut,pass,desid,jighṛkṣaṇīya,grah
jiGfkzat,grah,,pres,para,desid,jighṛkṣat,grah
jiGfkzitavat,grah,,past,active,desid,jighṛkṣitavat,grah
jiGfkzita,grah,,past,pass,desid,jighṛkṣita,grah
jiGyAna,hi#2,,perf,atma,,jighyāna,hi#2
jiGrat,Gf,3,pres,para,,jighrat,ghṛ
jiGrat,GrA,1,pres,para,,jighrat,ghrā
jiGramAna,GrA,1,pres,atma,,jighramāna,ghrā
jiGrARa,Gf,3,pres,atma,,jighrāṇa,ghṛ
jijigamizvas,gam,,perf,para,desid,jijigamiṣvas,gam
jijigIzARa,ji,,perf,atma,desid,jijigīṣāṇa,ji
jijigIzvas,ji,,perf,para,desid,jijigīṣvas,ji
jijiGAMsAna,han#1,,perf,atma,desid,jijighāṃsāna,han#1
jijiGAMsvas,han#1,,perf,para,desid,jijighāṃsvas,han#1
jijiGfkzvas,grah,,perf,para,desid,jijighṛkṣvas,grah
jijijIvizvas,jIv,,perf,para,desid,jijijīviṣvas,jīv
jijijYAsAna,jYA#1,,perf,atma,desid,jijijñāsāna,jñā#1
jijinvAna,jinv,,perf,atma,,jijinvāna,jinv
jijinvvas,jinv,,perf,para,,jijinvvas,jinv
jijihIrzvas,hf#1,,perf,para,desid,jijihīrṣvas,hṛ#1
jijIvAna,jIv,,perf,atma,,jijīvāna,jīv
jijIvizaRIya,jIv,,fut,pass,desid,jijīviṣaṇīya,jīv
jijIvizat,jIv,,pres,para,desid,jijīviṣat,jīv
jijIvizitavat,jIv,,past,active,desid,jijīviṣitavat,jīv
jijIvizita,jIv,,past,pass,desid,jijīviṣita,jīv
jijIvvas,jIv,,perf,para,,jijīvvas,jīv
jijYAsamAna,jYA#1,,pres,atma,desid,jijñāsamāna,jñā#1
jijYAsitavat,jYA#1,,past,active,desid,jijñāsitavat,jñā#1
jijYAsita,jYA#1,,past,pass,desid,jijñāsita,jñā#1
jijyAna,jyA#1,,perf,atma,,jijyāna,jyā#1
jijyivas,jyA#1,,perf,para,,jijyivas,jyā#1
jitavat,ji,,past,active,,jitavat,ji
jita,ji,,past,pass,,jita,ji
jitya,ji,,fut,pass,,jitya,ji
jinat,jyA#1,9,pres,para,,jinat,jyā#1
jinAna,jyA#1,9,pres,atma,,jināna,jyā#1
jinvat,jinv,1,pres,para,,jinvat,jinv
jinvamAna,jinv,1,pres,atma,,jinvamāna,jinv
jinvitavat,jinv,,past,active,,jinvitavat,jinv
jinvita,jinv,,past,pass,,jinvita,jinv
jinvyamAna,jinv,,pres,pass,,jinvyamāna,jinv
jihiMzvas,hiMs,,perf,para,,jihiṃṣvas,hiṃs
jihiMsAna,hiMs,,perf,atma,,jihiṃsāna,hiṃs
jihikkAna,hikk,,perf,atma,,jihikkāna,hikk
jihikkvas,hikk,,perf,para,,jihikkvas,hikk
jihIrzaRIya,hf#1,,fut,pass,desid,jihīrṣaṇīya,hṛ#1
jihIrzat,hf#1,,pres,para,desid,jihīrṣat,hṛ#1
jihIrzitavat,hf#1,,past,active,desid,jihīrṣitavat,hṛ#1
jihIrzita,hf#1,,past,pass,desid,jihīrṣita,hṛ#1
jihyAna,hA#2,3,pres,atma,,jihyāna,hā#2
jihrIvas,hrI#1,,perf,para,,jihrīvas,hrī#1
jihryat,hrI#1,3,pres,para,,jihryat,hrī#1
jihryARa,hrI#1,3,pres,atma,,jihryāṇa,hrī#1
jihryARa,hrI#1,,perf,atma,,jihryāṇa,hrī#1
jItavat,jyA#1,,past,active,,jītavat,jyā#1
jIta,jyA#1,,past,pass,,jīta,jyā#1
jIyamAna,ji,,pres,pass,,jīyamāna,ji
jIyamAna,jyA#1,,pres,pass,,jīyamāna,jyā#1
jIrRavat,jF,,past,active,,jīrṇavat,jṝ
jIrRa,jF,,past,pass,,jīrṇa,jṝ
jIryat,jF,4,pres,para,,jīryat,jṝ
jIryamAna,jF,4,pres,atma,,jīryamāna,jṝ
jIryamAna,jF,,pres,pass,,jīryamāna,jṝ
jIvat,jIv,1,pres,para,,jīvat,jīv
jIvamAna,jIv,1,pres,atma,,jīvamāna,jīv
jIvitavat,jIv,,past,active,,jīvitavat,jīv
jIvitavya,jIv,,fut,pass,,jīvitavya,jīv
jIvita,jIv,,past,pass,,jīvita,jīv
jIvizyat,jIv,,fut,para,,jīviṣyat,jīv
jIvizyamAna,jIv,,fut,atma,,jīviṣyamāna,jīv
jIvyamAna,jIv,,pres,pass,,jīvyamāna,jīv
jIvya,jIv,,fut,pass,,jīvya,jīv
juguYjAna,guYj,,perf,atma,,juguñjāna,guñj
juguYjvas,guYj,,perf,para,,juguñjvas,guñj
juguRWAna,guRW,,perf,atma,,juguṇṭhāna,guṇṭh
juguRWvas,guRW,,perf,para,,juguṇṭhvas,guṇṭh
jugupAna,gup,,perf,atma,,jugupāna,gup
jugupvas,gup,,perf,para,,jugupvas,gup
jugupsamAna,gup,,pres,atma,desid,jugupsamāna,gup
jugupsitavat,gup,,past,active,desid,jugupsitavat,gup
jugupsita,gup,,past,pass,desid,jugupsita,gup
jugumPAna,gumP,,perf,atma,,jugumphāna,gumph
jugumPvas,gumP,,perf,para,,jugumphvas,gumph
jugurARa,gur,,perf,atma,,jugurāṇa,gur
jugurvas,gur,,perf,para,,jugurvas,gur
juguhAna,guh,,perf,atma,,juguhāna,guh
juguhvas,guh,,perf,para,,juguhvas,guh
juGuzARa,Guz,,perf,atma,,jughuṣāṇa,ghuṣ
juGuzvas,Guz,,perf,para,,jughuṣvas,ghuṣ
juGUrRAna,GUrR,,perf,atma,,jughūrṇāna,ghūrṇ
juGUrRvas,GUrR,,perf,para,,jughūrṇvas,ghūrṇ
jujugupsAna,gup,,perf,atma,desid,jujugupsāna,gup
jujuzARa,juz#1,,perf,atma,,jujuṣāṇa,juṣ#1
jujuzvas,juz#1,,perf,para,,jujuṣvas,juṣ#1
jujuhUzvas,hu,,perf,para,desid,jujuhūṣvas,hu
jujUvas,jU,,perf,para,,jujūvas,jū
jujyutAna,jyut,,perf,atma,,jujyutāna,jyut
jujyutvas,jyut,,perf,para,,jujyutvas,jyut
jujvAna,jU,,perf,atma,,jujvāna,jū
juzat,juz#1,6,pres,para,,juṣat,juṣ#1
juzamAna,juz#1,6,pres,atma,,juṣamāna,juṣ#1
juzwavat,juz#1,,past,active,,juṣṭavat,juṣ#1
juzwa,juz#1,,past,pass,,juṣṭa,juṣ#1
juzyamAna,juz#1,,pres,pass,,juṣyamāna,juṣ#1
juhuvas,hu,,perf,para,,juhuvas,hu
juhUvas,hU,,perf,para,,juhūvas,hū
juhUzaRIya,hu,,fut,pass,desid,juhūṣaṇīya,hu
juhUzat,hu,,pres,para,desid,juhūṣat,hu
juhUzitavat,hu,,past,active,desid,juhūṣitavat,hu
juhUzita,hu,,past,pass,desid,juhūṣita,hu
juhnvAna,hnu,,perf,atma,,juhnvāna,hnu
juhvat,hu,3,pres,para,,juhvat,hu
juhvAna,hu,3,pres,atma,,juhvāna,hu
juhvAna,hu,,perf,atma,,juhvāna,hu
juhvAna,hU,,perf,atma,,juhvāna,hū
jUtavat,jU,,past,active,,jūtavat,jū
jUta,jU,,past,pass,,jūta,jū
jUyamAna,jU,,pres,pass,,jūyamāna,jū
jfmBat,jfmB,1,pres,para,,jṛmbhat,jṛmbh
jfmBamAna,jfmB,1,pres,atma,,jṛmbhamāna,jṛmbh
jfmBitavat,jfmB,,past,active,,jṛmbhitavat,jṛmbh
jfmBita,jfmB,,past,pass,,jṛmbhita,jṛmbh
jfmByamAna,jfmB,,pres,pass,,jṛmbhyamāna,jṛmbh
jfmBya,jfmB,,fut,pass,,jṛmbhya,jṛmbh
jetavya,ji,,fut,pass,,jetavya,ji
jenvanIya,jinv,,fut,pass,,jenvanīya,jinv
jenvitavya,jinv,,fut,pass,,jenvitavya,jinv
jenvizyat,jinv,,fut,para,,jenviṣyat,jinv
jenvizyamAna,jinv,,fut,atma,,jenviṣyamāna,jinv
jenvya,jinv,,fut,pass,,jenvya,jinv
jepAna,jap,,perf,atma,,jepāna,jap
jepivas,jap,,perf,para,,jepivas,jap
jeplAna,jalp,,perf,atma,,jeplāna,jalp
jeplivas,jalp,,perf,para,,jeplivas,jalp
jeBAna,jaB#1,,perf,atma,,jebhāna,jabh#1
jeBAna,jaB#2,,perf,atma,,jebhāna,jabh#2
jeBivas,jaB#1,,perf,para,,jebhivas,jabh#1
jeBivas,jaB#2,,perf,para,,jebhivas,jabh#2
jemAna,jam,,perf,atma,,jemāna,jam
jemivas,jam,,perf,para,,jemivas,jam
jeya,ji,,fut,pass,,jeya,ji
jelAna,jal,,perf,atma,,jelāna,jal
jelivas,jal,,perf,para,,jelivas,jal
jevanIya,jIv,,fut,pass,,jevanīya,jīv
jezkARa,jakz,,perf,atma,,jeṣkāṇa,jakṣ
jezkivas,jakz,,perf,para,,jeṣkivas,jakṣ
jezyat,ji,,fut,para,,jeṣyat,ji
jezyamAna,ji,,fut,atma,,jeṣyamāna,ji
jesAna,jas,,perf,atma,,jesāna,jas
jesivas,jas,,perf,para,,jesivas,jas
jokzyat,juz#1,,fut,para,,jokṣyat,juṣ#1
jokzyamAna,juz#1,,fut,atma,,jokṣyamāna,juṣ#1
joya,jU,,fut,pass,,joya,jū
jozaRIya,juz#1,,fut,pass,,joṣaṇīya,juṣ#1
jozaRIya,juz#1,,fut,pass,caus,joṣaṇīya,juṣ#1
jozayat,juz#1,,pres,para,caus,joṣayat,juṣ#1
jozayamAna,juz#1,,pres,atma,caus,joṣayamāna,juṣ#1
jozayitavya,juz#1,,fut,pass,caus,joṣayitavya,juṣ#1
jozayizyat,juz#1,,fut,para,caus,joṣayiṣyat,juṣ#1
jozayizyamAna,juz#1,,fut,atma,,joṣayiṣyamāna,juṣ#1
jozayizyamAna,juz#1,,fut,atma,caus,joṣayiṣyamāna,juṣ#1
jozitavat,juz#1,,past,active,caus,joṣitavat,juṣ#1
jozita,juz#1,,past,pass,caus,joṣita,juṣ#1
jozwavya,juz#1,,fut,pass,,joṣṭavya,juṣ#1
jozyamAna,juz#1,,pres,pass,caus,joṣyamāna,juṣ#1
jozya,juz#1,,fut,pass,,joṣya,juṣ#1
jozya,juz#1,,fut,pass,caus,joṣya,juṣ#1
johavat,hu,,pres,para,intens,johavat,hu
jYapanIya,jYA#1,,fut,pass,caus,jñapanīya,jñā#1
jYapayat,jYA#1,,pres,para,caus,jñapayat,jñā#1
jYapayamAna,jYA#1,,pres,atma,caus,jñapayamāna,jñā#1
jYapayitavya,jYA#1,,fut,pass,caus,jñapayitavya,jñā#1
jYapayizyat,jYA#1,,fut,para,caus,jñapayiṣyat,jñā#1
jYapayizyamAna,jYA#1,,fut,atma,,jñapayiṣyamāna,jñā#1
jYapayizyamAna,jYA#1,,fut,atma,caus,jñapayiṣyamāna,jñā#1
jYapitavat,jYA#1,,past,active,caus,jñapitavat,jñā#1
jYapita,jYA#1,,past,pass,caus,jñapita,jñā#1
jYapyamAna,jYA#1,,pres,pass,caus,jñapyamāna,jñā#1
jYapya,jYA#1,,fut,pass,caus,jñapya,jñā#1
jYAtavat,jYA#1,,past,active,,jñātavat,jñā#1
jYAtavya,jYA#1,,fut,pass,,jñātavya,jñā#1
jYAta,jYA#1,,past,pass,,jñāta,jñā#1
jYAnIya,jYA#1,,fut,pass,,jñānīya,jñā#1
jYApanIya,jYA#1,,fut,pass,caus,jñāpanīya,jñā#1
jYApayat,jYA#1,,pres,para,caus,jñāpayat,jñā#1
jYApayamAna,jYA#1,,pres,atma,caus,jñāpayamāna,jñā#1
jYApayitavya,jYA#1,,fut,pass,caus,jñāpayitavya,jñā#1
jYApayizyat,jYA#1,,fut,para,caus,jñāpayiṣyat,jñā#1
jYApayizyamAna,jYA#1,,fut,atma,,jñāpayiṣyamāna,jñā#1
jYApayizyamAna,jYA#1,,fut,atma,caus,jñāpayiṣyamāna,jñā#1
jYApitavat,jYA#1,,past,active,caus,jñāpitavat,jñā#1
jYApita,jYA#1,,past,pass,caus,jñāpita,jñā#1
jYApyamAna,jYA#1,,pres,pass,caus,jñāpyamāna,jñā#1
jYApya,jYA#1,,fut,pass,caus,jñāpya,jñā#1
jYAyamAna,jYA#1,,pres,pass,,jñāyamāna,jñā#1
jYAsyat,jYA#1,,fut,para,,jñāsyat,jñā#1
jYAsyamAna,jYA#1,,fut,atma,,jñāsyamāna,jñā#1
jYeya,jYA#1,,fut,pass,,jñeya,jñā#1
jyAtavya,jyA#1,,fut,pass,,jyātavya,jyā#1
jyAnIya,jyA#1,,fut,pass,,jyānīya,jyā#1
jyAsyat,jyA#1,,fut,para,,jyāsyat,jyā#1
jyAsyamAna,jyA#1,,fut,atma,,jyāsyamāna,jyā#1
jyuttavat,jyut,,past,active,,jyuttavat,jyut
jyutta,jyut,,past,pass,,jyutta,jyut
jyutyamAna,jyut,,pres,pass,,jyutyamāna,jyut
jyeya,jyA#1,,fut,pass,,jyeya,jyā#1
jyotat,jyut,1,pres,para,,jyotat,jyut
jyotanIya,jyut,,fut,pass,,jyotanīya,jyut
jyotanIya,jyut,,fut,pass,caus,jyotanīya,jyut
jyotamAna,jyut,1,pres,atma,,jyotamāna,jyut
jyotayat,jyut,,pres,para,caus,jyotayat,jyut
jyotayamAna,jyut,,pres,atma,caus,jyotayamāna,jyut
jyotayitavya,jyut,,fut,pass,caus,jyotayitavya,jyut
jyotayizyat,jyut,,fut,para,caus,jyotayiṣyat,jyut
jyotayizyamAna,jyut,,fut,atma,,jyotayiṣyamāna,jyut
jyotayizyamAna,jyut,,fut,atma,caus,jyotayiṣyamāna,jyut
jyotitavat,jyut,,past,active,caus,jyotitavat,jyut
jyotita,jyut,,past,pass,caus,jyotita,jyut
jyottavya,jyut,,fut,pass,,jyottavya,jyut
jyotyamAna,jyut,,pres,pass,caus,jyotyamāna,jyut
jyotya,jyut,,fut,pass,,jyotya,jyut
jyotya,jyut,,fut,pass,caus,jyotya,jyut
jyotsyat,jyut,,fut,para,,jyotsyat,jyut
jyotsyamAna,jyut,,fut,atma,,jyotsyamāna,jyut
jvaraRIya,jvar,,fut,pass,,jvaraṇīya,jvar
jvarat,jvar,1,pres,para,,jvarat,jvar
jvaramAna,jvar,1,pres,atma,,jvaramāna,jvar
jvaritavya,jvar,,fut,pass,,jvaritavya,jvar
jvarizyat,jvar,,fut,para,,jvariṣyat,jvar
jvarizyamAna,jvar,,fut,atma,,jvariṣyamāna,jvar
jvartavat,jvar,,past,active,,jvartavat,jvar
jvarta,jvar,,past,pass,,jvarta,jvar
jvaryamAna,jvar,,pres,pass,,jvaryamāna,jvar
jvarya,jvar,,fut,pass,,jvarya,jvar
jvalat,jval,1,pres,para,,jvalat,jval
jvalanIya,jval,,fut,pass,,jvalanīya,jval
jvalamAna,jval,1,pres,atma,,jvalamāna,jval
jvalitavat,jval,,past,active,,jvalitavat,jval
jvalitavya,jval,,fut,pass,,jvalitavya,jval
jvalita,jval,,past,pass,,jvalita,jval
jvalizyat,jval,,fut,para,,jvaliṣyat,jval
jvalizyamAna,jval,,fut,atma,,jvaliṣyamāna,jval
jvalyamAna,jval,,pres,pass,,jvalyamāna,jval
jvalya,jval,,fut,pass,,jvalya,jval
wizWIvAna,zWIv,,perf,atma,,ṭiṣṭhīvāna,ṣṭhīv
wizWIvvas,zWIv,,perf,para,,ṭiṣṭhīvvas,ṣṭhīv
qambanIya,qamb,,fut,pass,,ḍambanīya,ḍamb
qambayat,qamb,10,pres,para,,ḍambayat,ḍamb
qambayamAna,qamb,10,pres,atma,,ḍambayamāna,ḍamb
qambayitavya,qamb,,fut,pass,,ḍambayitavya,ḍamb
qambayizyat,qamb,,fut,para,,ḍambayiṣyat,ḍamb
qambayizyamAna,qamb,,fut,atma,,ḍambayiṣyamāna,ḍamb
qambitavat,qamb,,past,active,,ḍambitavat,ḍamb
qambita,qamb,,past,pass,,ḍambita,ḍamb
qambyamAna,qamb,,pres,pass,,ḍambyamāna,ḍamb
qambya,qamb,,fut,pass,,ḍambya,ḍamb
qayat,qI,1,pres,para,,ḍayat,ḍī
qayanIya,qI,,fut,pass,,ḍayanīya,ḍī
qayamAna,qI,1,pres,atma,,ḍayamāna,ḍī
qayitavya,qI,,fut,pass,,ḍayitavya,ḍī
qayizyat,qI,,fut,para,,ḍayiṣyat,ḍī
qayizyamAna,qI,,fut,atma,,ḍayiṣyamāna,ḍī
qiqIvas,qI,,perf,para,,ḍiḍīvas,ḍī
qiqyAna,qI,,perf,atma,,ḍiḍyāna,ḍī
qInavat,qI,,past,active,,ḍīnavat,ḍī
qIna,qI,,past,pass,,ḍīna,ḍī
qIyat,qI,4,pres,para,,ḍīyat,ḍī
qIyamAna,qI,4,pres,atma,,ḍīyamāna,ḍī
qIyamAna,qI,,pres,pass,,ḍīyamāna,ḍī
qebmAna,qamb,,perf,atma,,ḍebmāna,ḍamb
qebmivas,qamb,,perf,para,,ḍebmivas,ḍamb
qeya,qI,,fut,pass,,ḍeya,ḍī
taMsyat,tam,,fut,para,,taṃsyat,tam
taMsyamAna,tam,,fut,atma,,taṃsyamāna,tam
takat,tak,2,pres,para,,takat,tak
takanIya,tak,,fut,pass,,takanīya,tak
takAna,tak,2,pres,atma,,takāna,tak
takitavya,tak,,fut,pass,,takitavya,tak
takizyat,tak,,fut,para,,takiṣyat,tak
takizyamAna,tak,,fut,atma,,takiṣyamāna,tak
taktavat,tak,,past,active,,taktavat,tak
takta,tak,,past,pass,,takta,tak
takyamAna,tak,,pres,pass,,takyamāna,tak
takya,tak,,fut,pass,,takya,tak
takzaRIya,takz,,fut,pass,,takṣaṇīya,takṣ
takzat,takz,1,pres,para,,takṣat,takṣ
takzamAna,takz,1,pres,atma,,takṣamāna,takṣ
takzyat,takz,,fut,para,,takṣyat,takṣ
takzyamAna,takz,,fut,atma,,takṣyamāna,takṣ
takzyamAna,takz,,pres,pass,,takṣyamāna,takṣ
takzya,takz,,fut,pass,,takṣya,takṣ
taNkat,tak,7,pres,para,,taṅkat,tak
taNkAna,tak,7,pres,atma,,taṅkāna,tak
taqanIya,taq,,fut,pass,,taḍanīya,taḍ
taqya,taq,,fut,pass,,taḍya,taḍ
tatarARa,tF,,perf,atma,,tatarāṇa,tṝ
tatarvas,tF,,perf,para,,tatarvas,tṝ
tatavat,tan#1,,past,active,,tatavat,tan#1
tata,tan#1,,past,pass,,tata,tan#1
tatfdAna,tfd,,perf,atma,,tatṛdāna,tṛd
tatfdvas,tfd,,perf,para,,tatṛdvas,tṛd
tatfpARa,tfp#1,,perf,atma,,tatṛpāṇa,tṛp#1
tatfpvas,tfp#1,,perf,para,,tatṛpvas,tṛp#1
tatfzARa,tfz,,perf,atma,,tatṛṣāṇa,tṛṣ
tatfzvas,tfz,,perf,para,,tatṛṣvas,tṛṣ
tatyajAna,tyaj#1,,perf,atma,,tatyajāna,tyaj#1
tatyajvas,tyaj#1,,perf,para,,tatyajvas,tyaj#1
tatrapARa,trap,,perf,atma,,tatrapāṇa,trap
tatrapvas,trap,,perf,para,,tatrapvas,trap
tatrasAna,tras,,perf,atma,,tatrasāna,tras
tatrasvas,tras,,perf,para,,tatrasvas,tras
tatrARa,trE,,perf,atma,,tatrāṇa,trai
tatrivas,trE,,perf,para,,tatrivas,trai
tatvakzARa,tvakz,,perf,atma,,tatvakṣāṇa,tvakṣ
tatvakzvas,tvakz,,perf,para,,tatvakṣvas,tvakṣ
tatvarARa,tvar,,perf,atma,,tatvarāṇa,tvar
tatvarvas,tvar,,perf,para,,tatvarvas,tvar
tananIya,tan#1,,fut,pass,,tananīya,tan#1
tananIya,tan#2,,fut,pass,,tananīya,tan#2
tanitavya,tan#1,,fut,pass,,tanitavya,tan#1
tanitavya,tan#2,,fut,pass,,tanitavya,tan#2
tanizyat,tan#1,,fut,para,,taniṣyat,tan#1
tanizyat,tan#2,,fut,para,,taniṣyat,tan#2
tanizyamAna,tan#1,,fut,atma,,taniṣyamāna,tan#1
tanizyamAna,tan#2,,fut,atma,,taniṣyamāna,tan#2
tanuvat,tan#1,5,pres,para,,tanuvat,tan#1
tantavat,tan#2,,past,active,,tantavat,tan#2
tantavya,tam,,fut,pass,,tantavya,tam
tanta,tan#2,,past,pass,,tanta,tan#2
tantraRIya,tantr,,fut,pass,,tantraṇīya,tantr
tantrayat,tantr,10,pres,para,,tantrayat,tantr
tantrayamAna,tantr,10,pres,atma,,tantrayamāna,tantr
tantrayitavya,tantr,,fut,pass,,tantrayitavya,tantr
tantrayizyat,tantr,,fut,para,,tantrayiṣyat,tantr
tantrayizyamAna,tantr,,fut,atma,,tantrayiṣyamāna,tantr
tantritavat,tantr,,past,active,,tantritavat,tantr
tantrita,tantr,,past,pass,,tantrita,tantr
tantryamAna,tantr,,pres,pass,,tantryamāna,tantr
tantrya,tantr,,fut,pass,,tantrya,tantr
tandraRIya,tandr,,fut,pass,,tandraṇīya,tandr
tandraRIya,tandr,,fut,pass,caus,tandraṇīya,tandr
tandrat,tandr,1,pres,para,,tandrat,tandr
tandramAna,tandr,1,pres,atma,,tandramāna,tandr
tandrayat,tandr,,pres,para,caus,tandrayat,tandr
tandrayamAna,tandr,,pres,atma,caus,tandrayamāna,tandr
tandrayitavya,tandr,,fut,pass,caus,tandrayitavya,tandr
tandrayizyat,tandr,,fut,para,caus,tandrayiṣyat,tandr
tandrayizyamAna,tandr,,fut,atma,,tandrayiṣyamāna,tandr
tandrayizyamAna,tandr,,fut,atma,caus,tandrayiṣyamāna,tandr
tandritavat,tandr,,past,active,,tandritavat,tandr
tandritavat,tandr,,past,active,caus,tandritavat,tandr
tandritavya,tandr,,fut,pass,,tandritavya,tandr
tandrita,tandr,,past,pass,,tandrita,tandr
tandrita,tandr,,past,pass,caus,tandrita,tandr
tandrizyat,tandr,,fut,para,,tandriṣyat,tandr
tandrizyamAna,tandr,,fut,atma,,tandriṣyamāna,tandr
tandryamAna,tandr,,pres,pass,,tandryamāna,tandr
tandryamAna,tandr,,pres,pass,caus,tandryamāna,tandr
tandrya,tandr,,fut,pass,,tandrya,tandr
tandrya,tandr,,fut,pass,caus,tandrya,tandr
tanyat,tan#2,4,pres,para,,tanyat,tan#2
tanyamAna,tan#1,,pres,pass,,tanyamāna,tan#1
tanyamAna,tan#2,4,pres,atma,,tanyamāna,tan#2
tanyamAna,tan#2,,pres,pass,,tanyamāna,tan#2
tanya,tan#1,,fut,pass,,tanya,tan#1
tanya,tan#2,,fut,pass,,tanya,tan#2
tanvAna,tan#1,5,pres,atma,,tanvāna,tan#1
tapat,tap,1,pres,para,,tapat,tap
tapanIya,tap,,fut,pass,,tapanīya,tap
tapamAna,tap,1,pres,atma,,tapamāna,tap
tapasanIya,tapas#2,,fut,pass,,tapasanīya,tapas#2
tapastavat,tapas#2,,past,active,,tapastavat,tapas#2
tapasta,tapas#2,,past,pass,,tapasta,tapas#2
tapasyat,tapas#2,10,pres,para,,tapasyat,tapas#2
tapasyamAna,tapas#2,10,pres,atma,,tapasyamāna,tapas#2
tapasya,tapas#2,,fut,pass,,tapasya,tapas#2
tapasyitavya,tapas#2,,fut,pass,,tapasyitavya,tapas#2
tapasyizyat,tapas#2,,fut,para,,tapasyiṣyat,tapas#2
tapasyizyamAna,tapas#2,,fut,atma,,tapasyiṣyamāna,tapas#2
tapitavat,tap,,past,active,,tapitavat,tap
tapitavya,tap,,fut,pass,,tapitavya,tap
tapita,tap,,past,pass,,tapita,tap
tapizyat,tap,,fut,para,,tapiṣyat,tap
tapizyamAna,tap,,fut,atma,,tapiṣyamāna,tap
taptavat,tap,,past,active,,taptavat,tap
taptavya,tap,,fut,pass,,taptavya,tap
tapta,tap,,past,pass,,tapta,tap
tapyat,tap,4,pres,para,,tapyat,tap
tapyamAna,tap,4,pres,atma,,tapyamāna,tap
tapyamAna,tap,,pres,pass,,tapyamāna,tap
tapya,tap,,fut,pass,,tapya,tap
tapsyat,tap,,fut,para,,tapsyat,tap
tapsyamAna,tap,,fut,atma,,tapsyamāna,tap
tamanIya,tam,,fut,pass,,tamanīya,tam
tamitavat,tam,,past,active,,tamitavat,tam
tamita,tam,,past,pass,,tamita,tam
tamyamAna,tam,,pres,pass,,tamyamāna,tam
tamya,tam,,fut,pass,,tamya,tam
taraRIya,tF,,fut,pass,,taraṇīya,tṝ
tarat,tF,1,pres,para,,tarat,tṝ
taramAna,tF,1,pres,atma,,taramāna,tṝ
taritavya,tF,,fut,pass,,taritavya,tṝ
tarizyat,tF,,fut,para,,tariṣyat,tṝ
tarizyamAna,tF,,fut,atma,,tariṣyamāna,tṝ
tarItavya,tF,,fut,pass,,tarītavya,tṝ
tarIzyat,tF,,fut,para,,tarīṣyat,tṝ
tarIzyamAna,tF,,fut,atma,,tarīṣyamāna,tṝ
taruRayizyat,taruR,,fut,para,,taruṇayiṣyat,taruṇ
taruRayizyamAna,taruR,,fut,atma,,taruṇayiṣyamāna,taruṇ
taruRAyat,taruR,10,pres,para,,taruṇāyat,taruṇ
taruRAyamAna,taruR,10,pres,atma,,taruṇāyamāna,taruṇ
taruRAyitavya,taruR,,fut,pass,,taruṇāyitavya,taruṇ
taruRtavat,taruR,,past,active,,taruṇtavat,taruṇ
taruRta,taruR,,past,pass,,taruṇta,taruṇ
taruRyamAna,taruR,,pres,pass,,taruṇyamāna,taruṇ
taroRanIya,taruR,,fut,pass,,taroṇanīya,taruṇ
taroRya,taruR,,fut,pass,,taroṇya,taruṇ
tarkaRIya,tark,,fut,pass,,tarkaṇīya,tark
tarkayat,tark,10,pres,para,,tarkayat,tark
tarkayamAna,tark,10,pres,atma,,tarkayamāna,tark
tarkayitavya,tark,,fut,pass,,tarkayitavya,tark
tarkayizyat,tark,,fut,para,,tarkayiṣyat,tark
tarkayizyamAna,tark,,fut,atma,,tarkayiṣyamāna,tark
tarkitavat,tark,,past,active,,tarkitavat,tark
tarkita,tark,,past,pass,,tarkita,tark
tarktavya,tarj,,fut,pass,,tarktavya,tarj
tarkyamAna,tark,,pres,pass,,tarkyamāna,tark
tarkya,tark,,fut,pass,,tarkya,tark
tarkzyat,tarj,,fut,para,,tarkṣyat,tarj
tarkzyat,tfz,,fut,para,,tarkṣyat,tṛṣ
tarkzyamAna,tarj,,fut,atma,,tarkṣyamāna,tarj
tarkzyamAna,tfz,,fut,atma,,tarkṣyamāna,tṛṣ
tarjat,tarj,1,pres,para,,tarjat,tarj
tarjanIya,tarj,,fut,pass,,tarjanīya,tarj
tarjanIya,tarj,,fut,pass,caus,tarjanīya,tarj
tarjamAna,tarj,1,pres,atma,,tarjamāna,tarj
tarjayat,tarj,,pres,para,caus,tarjayat,tarj
tarjayamAna,tarj,,pres,atma,caus,tarjayamāna,tarj
tarjayitavya,tarj,,fut,pass,caus,tarjayitavya,tarj
tarjayizyat,tarj,,fut,para,caus,tarjayiṣyat,tarj
tarjayizyamAna,tarj,,fut,atma,,tarjayiṣyamāna,tarj
tarjayizyamAna,tarj,,fut,atma,caus,tarjayiṣyamāna,tarj
tarjitavat,tarj,,past,active,,tarjitavat,tarj
tarjitavat,tarj,,past,active,caus,tarjitavat,tarj
tarjita,tarj,,past,pass,,tarjita,tarj
tarjita,tarj,,past,pass,caus,tarjita,tarj
tarjyamAna,tarj,,pres,pass,,tarjyamāna,tarj
tarjyamAna,tarj,,pres,pass,caus,tarjyamāna,tarj
tarjya,tarj,,fut,pass,,tarjya,tarj
tarjya,tarj,,fut,pass,caus,tarjya,tarj
tarttavya,tfd,,fut,pass,,tarttavya,tṛd
tartsyat,tfd,,fut,para,,tartsyat,tṛd
tartsyamAna,tfd,,fut,atma,,tartsyamāna,tṛd
tardanIya,tfd,,fut,pass,,tardanīya,tṛd
tarpaRIya,tfp#1,,fut,pass,,tarpaṇīya,tṛp#1
tarpaRIya,tfp#1,,fut,pass,caus,tarpaṇīya,tṛp#1
tarpayat,tfp#1,,pres,para,caus,tarpayat,tṛp#1
tarpayamAna,tfp#1,,pres,atma,caus,tarpayamāna,tṛp#1
tarpayitavya,tfp#1,,fut,pass,caus,tarpayitavya,tṛp#1
tarpayizyat,tfp#1,,fut,para,caus,tarpayiṣyat,tṛp#1
tarpayizyamAna,tfp#1,,fut,atma,,tarpayiṣyamāna,tṛp#1
tarpayizyamAna,tfp#1,,fut,atma,caus,tarpayiṣyamāna,tṛp#1
tarpitavat,tfp#1,,past,active,caus,tarpitavat,tṛp#1
tarpita,tfp#1,,past,pass,caus,tarpita,tṛp#1
tarptavya,tfp#1,,fut,pass,,tarptavya,tṛp#1
tarpyamAna,tfp#1,,pres,pass,caus,tarpyamāna,tṛp#1
tarpya,tfp#1,,fut,pass,caus,tarpya,tṛp#1
tarpsyat,tfp#1,,fut,para,,tarpsyat,tṛp#1
tarpsyamAna,tfp#1,,fut,atma,,tarpsyamāna,tṛp#1
tarzaRIya,tfz,,fut,pass,,tarṣaṇīya,tṛṣ
tarzwavya,tfz,,fut,pass,,tarṣṭavya,tṛṣ
tazwavat,takz,,past,active,,taṣṭavat,takṣ
tazwavya,takz,,fut,pass,,taṣṭavya,takṣ
tazwa,takz,,past,pass,,taṣṭa,takṣ
tastanAna,stan,,perf,atma,,tastanāna,stan
tastanvas,stan,,perf,para,,tastanvas,stan
tastamBAna,stamB,,perf,atma,,tastambhāna,stambh
tastamBvas,stamB,,perf,para,,tastambhvas,stambh
tastarARa,stF,,perf,atma,,tastarāṇa,stṝ
tastarvas,stF,,perf,para,,tastarvas,stṝ
tastenAna,sten,,perf,atma,,tastenāna,sten
tastenvas,sten,,perf,para,,tastenvas,sten
tastyAna,styA,,perf,atma,,tastyāna,styā
tastyivas,styA,,perf,para,,tastyivas,styā
tasTagAna,sTag,,perf,atma,,tasthagāna,sthag
tasTagvas,sTag,,perf,para,,tasthagvas,sthag
tasTAna,sTA#1,,perf,atma,,tasthāna,sthā#1
tasTivas,sTA#1,,perf,para,,tasthivas,sthā#1
tAqayat,taq,10,pres,para,,tāḍayat,taḍ
tAqayamAna,taq,10,pres,atma,,tāḍayamāna,taḍ
tAqayitavya,taq,,fut,pass,,tāḍayitavya,taḍ
tAqayizyat,taq,,fut,para,,tāḍayiṣyat,taḍ
tAqayizyamAna,taq,,fut,atma,,tāḍayiṣyamāna,taḍ
tAqitavat,taq,,past,active,,tāḍitavat,taḍ
tAqita,taq,,past,pass,,tāḍita,taḍ
tAqyamAna,taq,,pres,pass,,tāḍyamāna,taḍ
tAtapyamAna,tap,,pres,atma,intens,tātapyamāna,tap
tApanIya,tap,,fut,pass,caus,tāpanīya,tap
tApayat,tap,,pres,para,caus,tāpayat,tap
tApayamAna,tap,,pres,atma,caus,tāpayamāna,tap
tApayitavya,tap,,fut,pass,caus,tāpayitavya,tap
tApayizyat,tap,,fut,para,caus,tāpayiṣyat,tap
tApayizyamAna,tap,,fut,atma,,tāpayiṣyamāna,tap
tApayizyamAna,tap,,fut,atma,caus,tāpayiṣyamāna,tap
tApitavat,tap,,past,active,caus,tāpitavat,tap
tApita,tap,,past,pass,caus,tāpita,tap
tApyamAna,tap,,pres,pass,caus,tāpyamāna,tap
tApya,tap,,fut,pass,caus,tāpya,tap
tAmyat,tam,4,pres,para,,tāmyat,tam
tAmyamAna,tam,4,pres,atma,,tāmyamāna,tam
tAraRIya,tF,,fut,pass,caus,tāraṇīya,tṝ
tArayat,tF,,pres,para,caus,tārayat,tṝ
tArayamAna,tF,,pres,atma,caus,tārayamāna,tṝ
tArayitavya,tF,,fut,pass,caus,tārayitavya,tṝ
tArayizyat,tF,,fut,para,caus,tārayiṣyat,tṝ
tArayizyamAna,tF,,fut,atma,,tārayiṣyamāna,tṝ
tArayizyamAna,tF,,fut,atma,caus,tārayiṣyamāna,tṝ
tAritavat,tF,,past,active,caus,tāritavat,tṝ
tArita,tF,,past,pass,caus,tārita,tṝ
tAryamAna,tF,,pres,pass,caus,tāryamāna,tṝ
tArya,tF,,fut,pass,,tārya,tṝ
tArya,tF,,fut,pass,caus,tārya,tṝ
tiktavat,tij,,past,active,,tiktavat,tij
tikta,tij,,past,pass,,tikta,tij
tijyamAna,tij,,pres,pass,,tijyamāna,tij
titikzamAna,tij,,pres,atma,desid,titikṣamāna,tij
titikzitavat,tij,,past,active,desid,titikṣitavat,tij
titikzita,tij,,past,pass,desid,titikṣita,tij
titijAna,tij,,perf,atma,,titijāna,tij
titijvas,tij,,perf,para,,titijvas,tij
tititikzARa,tij,,perf,atma,desid,tititikṣāṇa,tij
tirat,tF,1,pres,para,,tirat,tṝ
tiramAna,tF,1,pres,atma,,tiramāna,tṝ
tizWat,sTA#1,1,pres,para,,tiṣṭhat,sthā#1
tizWamAna,sTA#1,1,pres,atma,,tiṣṭhamāna,sthā#1
tIrRavat,tF,,past,active,,tīrṇavat,tṝ
tIrRa,tF,,past,pass,,tīrṇa,tṝ
tIryamAna,tF,,pres,pass,,tīryamāna,tṝ
tutudAna,tud#1,,perf,atma,,tutudāna,tud#1
tutudvas,tud#1,,perf,para,,tutudvas,tud#1
tutupAna,tup,,perf,atma,,tutupāna,tup
tutupvas,tup,,perf,para,,tutupvas,tup
tutulAna,tul,,perf,atma,,tutulāna,tul
tutulvas,tul,,perf,para,,tutulvas,tul
tutuzARa,tuz,,perf,atma,,tutuṣāṇa,tuṣ
tutuzvas,tuz,,perf,para,,tutuṣvas,tuṣ
tutuhinAna,tuhin,,perf,atma,,tutuhināna,tuhin
tutuhinvas,tuhin,,perf,para,,tutuhinvas,tuhin
tutruwAna,truw,,perf,atma,,tutruṭāna,truṭ
tutruwvas,truw,,perf,para,,tutruṭvas,truṭ
tudat,tud#1,6,pres,para,,tudat,tud#1
tudamAna,tud#1,6,pres,atma,,tudamāna,tud#1
tudyamAna,tud#1,,pres,pass,,tudyamāna,tud#1
tunnavat,tud#1,,past,active,,tunnavat,tud#1
tunna,tud#1,,past,pass,,tunna,tud#1
tupat,tup,6,pres,para,,tupat,tup
tupamAna,tup,6,pres,atma,,tupamāna,tup
tuptavat,tup,,past,active,,tuptavat,tup
tupta,tup,,past,pass,,tupta,tup
tupyamAna,tup,,pres,pass,,tupyamāna,tup
tulayat,tul,10,pres,para,,tulayat,tul
tulayamAna,tul,10,pres,atma,,tulayamāna,tul
tulayitavya,tul,,fut,pass,,tulayitavya,tul
tulayizyat,tul,,fut,para,,tulayiṣyat,tul
tulayizyamAna,tul,,fut,atma,,tulayiṣyamāna,tul
tulitavat,tul,,past,active,,tulitavat,tul
tulita,tul,,past,pass,,tulita,tul
tuzwavat,tuz,,past,active,,tuṣṭavat,tuṣ
tuzwa,tuz,,past,pass,,tuṣṭa,tuṣ
tuzwuBAna,stuB,,perf,atma,,tuṣṭubhāna,stubh
tuzwuBvas,stuB,,perf,para,,tuṣṭubhvas,stubh
tuzwuvas,stu,,perf,para,,tuṣṭuvas,stu
tuzwvAna,stu,,perf,atma,,tuṣṭvāna,stu
tuzyat,tuz,4,pres,para,,tuṣyat,tuṣ
tuzyamAna,tuz,4,pres,atma,,tuṣyamāna,tuṣ
tuzyamAna,tuz,,pres,pass,,tuṣyamāna,tuṣ
tuhinayat,tuhin,10,pres,para,,tuhinayat,tuhin
tuhinayamAna,tuhin,10,pres,atma,,tuhinayamāna,tuhin
tuhinayitavya,tuhin,,fut,pass,,tuhinayitavya,tuhin
tuhinayizyat,tuhin,,fut,para,,tuhinayiṣyat,tuhin
tuhinayizyamAna,tuhin,,fut,atma,,tuhinayiṣyamāna,tuhin
tuhintavat,tuhin,,past,active,,tuhintavat,tuhin
tuhinta,tuhin,,past,pass,,tuhinta,tuhin
tuhinyamAna,tuhin,,pres,pass,,tuhinyamāna,tuhin
tuhenanIya,tuhin,,fut,pass,,tuhenanīya,tuhin
tuhenya,tuhin,,fut,pass,,tuhenya,tuhin
tUrRavat,tvar,,past,active,,tūrṇavat,tvar
tUrRa,tvar,,past,pass,,tūrṇa,tvar
tfRRavat,tfd,,past,active,,tṛṇṇavat,tṛd
tfRRa,tfd,,past,pass,,tṛṇṇa,tṛd
tfdyamAna,tfd,,pres,pass,,tṛdyamāna,tṛd
tfdya,tfd,,fut,pass,,tṛdya,tṛd
tfndat,tfd,7,pres,para,,tṛndat,tṛd
tfndAna,tfd,7,pres,atma,,tṛndāna,tṛd
tfptavat,tfp#1,,past,active,,tṛptavat,tṛp#1
tfpta,tfp#1,,past,pass,,tṛpta,tṛp#1
tfpyat,tfp#1,4,pres,para,,tṛpyat,tṛp#1
tfpyamAna,tfp#1,4,pres,atma,,tṛpyamāna,tṛp#1
tfpyamAna,tfp#1,,pres,pass,,tṛpyamāna,tṛp#1
tfpya,tfp#1,,fut,pass,,tṛpya,tṛp#1
tfzitavat,tfz,,past,active,,tṛṣitavat,tṛṣ
tfzita,tfz,,past,pass,,tṛṣita,tṛṣ
tfzyat,tfz,4,pres,para,,tṛṣyat,tṛṣ
tfzyamAna,tfz,4,pres,atma,,tṛṣyamāna,tṛṣ
tfzyamAna,tfz,,pres,pass,,tṛṣyamāna,tṛṣ
tfzya,tfz,,fut,pass,,tṛṣya,tṛṣ
tekAna,tak,,perf,atma,,tekāna,tak
tekivas,tak,,perf,para,,tekivas,tak
tektavya,tij,,fut,pass,,tektavya,tij
tekrARa,tark,,perf,atma,,tekrāṇa,tark
tekrivas,tark,,perf,para,,tekrivas,tark
tekzyat,tij,,fut,para,,tekṣyat,tij
tekzyamAna,tij,,fut,atma,,tekṣyamāna,tij
tejat,tij,1,pres,para,,tejat,tij
tejanIya,tij,,fut,pass,,tejanīya,tij
tejanIya,tij,,fut,pass,caus,tejanīya,tij
tejamAna,tij,1,pres,atma,,tejamāna,tij
tejayat,tij,,pres,para,caus,tejayat,tij
tejayamAna,tij,,pres,atma,caus,tejayamāna,tij
tejayitavya,tij,,fut,pass,caus,tejayitavya,tij
tejayizyat,tij,,fut,para,caus,tejayiṣyat,tij
tejayizyamAna,tij,,fut,atma,,tejayiṣyamāna,tij
tejayizyamAna,tij,,fut,atma,caus,tejayiṣyamāna,tij
tejitavat,tij,,past,active,caus,tejitavat,tij
tejita,tij,,past,pass,caus,tejita,tij
tejyamAna,tij,,pres,pass,caus,tejyamāna,tij
tejya,tij,,fut,pass,,tejya,tij
tejya,tij,,fut,pass,caus,tejya,tij
tejrARa,tarj,,perf,atma,,tejrāṇa,tarj
tejrivas,tarj,,perf,para,,tejrivas,tarj
teqAna,taq,,perf,atma,,teḍāna,taḍ
teqivas,taq,,perf,para,,teḍivas,taḍ
teRurARa,taruR,,perf,atma,,teṇurāṇa,taruṇ
teRurvas,taruR,,perf,para,,teṇurvas,taruṇ
tenAna,tan#1,,perf,atma,,tenāna,tan#1
tenAna,tan#2,,perf,atma,,tenāna,tan#2
tenivas,tan#1,,perf,para,,tenivas,tan#1
tenivas,tan#2,,perf,para,,tenivas,tan#2
tepAna,tap,,perf,atma,,tepāna,tap
tepivas,tap,,perf,para,,tepivas,tap
temAna,tam,,perf,atma,,temāna,tam
temivas,tam,,perf,para,,temivas,tam
tertnAna,tantr,,perf,atma,,tertnāna,tantr
tertnivas,tantr,,perf,para,,tertnivas,tantr
terdnAna,tandr,,perf,atma,,terdnāna,tandr
terdnivas,tandr,,perf,para,,terdnivas,tandr
tezapARa,tapas#2,,perf,atma,,teṣapāṇa,tapas#2
tezapvas,tapas#2,,perf,para,,teṣapvas,tapas#2
tezkARa,takz,,perf,atma,,teṣkāṇa,takṣ
tezkivas,takz,,perf,para,,teṣkivas,takṣ
tokzyat,tuz,,fut,para,,tokṣyat,tuṣ
tokzyamAna,tuz,,fut,atma,,tokṣyamāna,tuṣ
tottavya,tud#1,,fut,pass,,tottavya,tud#1
todanIya,tud#1,,fut,pass,,todanīya,tud#1
todya,tud#1,,fut,pass,,todya,tud#1
topat,tup,1,pres,para,,topat,tup
topanIya,tup,,fut,pass,,topanīya,tup
topamAna,tup,1,pres,atma,,topamāna,tup
toptavya,tup,,fut,pass,,toptavya,tup
topya,tup,,fut,pass,,topya,tup
topsyat,tup,,fut,para,,topsyat,tup
topsyamAna,tup,,fut,atma,,topsyamāna,tup
tolanIya,tul,,fut,pass,,tolanīya,tul
tolayat,tul,10,pres,para,,tolayat,tul
tolayamAna,tul,10,pres,atma,,tolayamāna,tul
tolayitavya,tul,,fut,pass,,tolayitavya,tul
tolayizyat,tul,,fut,para,,tolayiṣyat,tul
tolayizyamAna,tul,,fut,atma,,tolayiṣyamāna,tul
tolya,tul,,fut,pass,,tolya,tul
tozaRIya,tuz,,fut,pass,,toṣaṇīya,tuṣ
tozaRIya,tuz,,fut,pass,caus,toṣaṇīya,tuṣ
tozayat,tuz,,pres,para,caus,toṣayat,tuṣ
tozayamAna,tuz,,pres,atma,caus,toṣayamāna,tuṣ
tozayitavya,tuz,,fut,pass,caus,toṣayitavya,tuṣ
tozayizyat,tuz,,fut,para,caus,toṣayiṣyat,tuṣ
tozayizyamAna,tuz,,fut,atma,,toṣayiṣyamāna,tuṣ
tozayizyamAna,tuz,,fut,atma,caus,toṣayiṣyamāna,tuṣ
tozitavat,tuz,,past,active,caus,toṣitavat,tuṣ
tozita,tuz,,past,pass,caus,toṣita,tuṣ
tozwavya,tuz,,fut,pass,,toṣṭavya,tuṣ
tozyamAna,tuz,,pres,pass,caus,toṣyamāna,tuṣ
tozya,tuz,,fut,pass,,toṣya,tuṣ
tozya,tuz,,fut,pass,caus,toṣya,tuṣ
tyaktavat,tyaj#1,,past,active,,tyaktavat,tyaj#1
tyaktavya,tyaj#1,,fut,pass,,tyaktavya,tyaj#1
tyakta,tyaj#1,,past,pass,,tyakta,tyaj#1
tyakzyat,tyaj#1,,fut,para,,tyakṣyat,tyaj#1
tyakzyamAna,tyaj#1,,fut,atma,,tyakṣyamāna,tyaj#1
tyajat,tyaj#1,1,pres,para,,tyajat,tyaj#1
tyajanIya,tyaj#1,,fut,pass,,tyajanīya,tyaj#1
tyajamAna,tyaj#1,1,pres,atma,,tyajamāna,tyaj#1
tyajitavya,tyaj#1,,fut,pass,,tyajitavya,tyaj#1
tyajizyat,tyaj#1,,fut,para,,tyajiṣyat,tyaj#1
tyajizyamAna,tyaj#1,,fut,atma,,tyajiṣyamāna,tyaj#1
tyajyamAna,tyaj#1,,pres,pass,,tyajyamāna,tyaj#1
tyAjya,tyaj#1,,fut,pass,,tyājya,tyaj#1
traHsyat,tras,,fut,para,,traḥsyat,tras
traHsyamAna,tras,,fut,atma,,traḥsyamāna,tras
trapaRIya,trap,,fut,pass,,trapaṇīya,trap
trapaRIya,trap,,fut,pass,caus,trapaṇīya,trap
trapat,trap,1,pres,para,,trapat,trap
trapamAna,trap,1,pres,atma,,trapamāna,trap
trapayat,trap,,pres,para,caus,trapayat,trap
trapayamAna,trap,,pres,atma,caus,trapayamāna,trap
trapayitavya,trap,,fut,pass,caus,trapayitavya,trap
trapayizyat,trap,,fut,para,caus,trapayiṣyat,trap
trapayizyamAna,trap,,fut,atma,,trapayiṣyamāna,trap
trapayizyamAna,trap,,fut,atma,caus,trapayiṣyamāna,trap
trapitavat,trap,,past,active,caus,trapitavat,trap
trapita,trap,,past,pass,caus,trapita,trap
traptavat,trap,,past,active,,traptavat,trap
traptavya,trap,,fut,pass,,traptavya,trap
trapta,trap,,past,pass,,trapta,trap
trapyamAna,trap,,pres,pass,,trapyamāna,trap
trapyamAna,trap,,pres,pass,caus,trapyamāna,trap
trapya,trap,,fut,pass,,trapya,trap
trapya,trap,,fut,pass,caus,trapya,trap
trapsyat,trap,,fut,para,,trapsyat,trap
trapsyamAna,trap,,fut,atma,,trapsyamāna,trap
trasanIya,tras,,fut,pass,,trasanīya,tras
trastavat,tras,,past,active,,trastavat,tras
trastavya,tras,,fut,pass,,trastavya,tras
trasta,tras,,past,pass,,trasta,tras
trasyat,tras,4,pres,para,,trasyat,tras
trasyamAna,tras,4,pres,atma,,trasyamāna,tras
trasyamAna,tras,,pres,pass,,trasyamāna,tras
trasya,tras,,fut,pass,,trasya,tras
trAtavat,trE,,past,active,,trātavat,trai
trAta,trE,,past,pass,,trāta,trai
trAyaRIya,trE,,fut,pass,,trāyaṇīya,trai
trAyat,trE,1,pres,para,,trāyat,trai
trAyamAna,trE,1,pres,atma,,trāyamāna,trai
trAsanIya,tras,,fut,pass,caus,trāsanīya,tras
trAsayat,tras,,pres,para,caus,trāsayat,tras
trAsayamAna,tras,,pres,atma,caus,trāsayamāna,tras
trAsayitavya,tras,,fut,pass,caus,trāsayitavya,tras
trAsayizyat,tras,,fut,para,caus,trāsayiṣyat,tras
trAsayizyamAna,tras,,fut,atma,,trāsayiṣyamāna,tras
trAsayizyamAna,tras,,fut,atma,caus,trāsayiṣyamāna,tras
trAsitavat,tras,,past,active,caus,trāsitavat,tras
trAsita,tras,,past,pass,caus,trāsita,tras
trAsyamAna,tras,,pres,pass,caus,trāsyamāna,tras
trAsya,tras,,fut,pass,caus,trāsya,tras
trIyamAna,trE,,pres,pass,,trīyamāna,trai
truwat,truw,1,pres,para,,truṭat,truṭ
truwamAna,truw,1,pres,atma,,truṭamāna,truṭ
truwitavat,truw,,past,active,,truṭitavat,truṭ
truwita,truw,,past,pass,,truṭita,truṭ
truwyamAna,truw,,pres,pass,,truṭyamāna,truṭ
trEtavya,trE,,fut,pass,,traitavya,trai
trEya,trE,,fut,pass,,traiya,trai
trEzyat,trE,,fut,para,,traiṣyat,trai
trEzyamAna,trE,,fut,atma,,traiṣyamāna,trai
trowanIya,truw,,fut,pass,,troṭanīya,truṭ
trowanIya,truw,,fut,pass,caus,troṭanīya,truṭ
trowayat,truw,,pres,para,caus,troṭayat,truṭ
trowayamAna,truw,,pres,atma,caus,troṭayamāna,truṭ
trowayitavya,truw,,fut,pass,caus,troṭayitavya,truṭ
trowayizyat,truw,,fut,para,caus,troṭayiṣyat,truṭ
trowayizyamAna,truw,,fut,atma,,troṭayiṣyamāna,truṭ
trowayizyamAna,truw,,fut,atma,caus,troṭayiṣyamāna,truṭ
trowitavat,truw,,past,active,caus,troṭitavat,truṭ
trowita,truw,,past,pass,caus,troṭita,truṭ
trowwavya,truw,,fut,pass,,troṭṭavya,truṭ
trowyamAna,truw,,pres,pass,caus,troṭyamāna,truṭ
trowya,truw,,fut,pass,,troṭya,truṭ
trowya,truw,,fut,pass,caus,troṭya,truṭ
trowsyat,truw,,fut,para,,troṭsyat,truṭ
trowsyamAna,truw,,fut,atma,,troṭsyamāna,truṭ
tvakzaRIya,tvakz,,fut,pass,,tvakṣaṇīya,tvakṣ
tvakzat,tvakz,1,pres,para,,tvakṣat,tvakṣ
tvakzamAna,tvakz,1,pres,atma,,tvakṣamāna,tvakṣ
tvakzyat,tvakz,,fut,para,,tvakṣyat,tvakṣ
tvakzyamAna,tvakz,,fut,atma,,tvakṣyamāna,tvakṣ
tvakzyamAna,tvakz,,pres,pass,,tvakṣyamāna,tvakṣ
tvakzya,tvakz,,fut,pass,,tvakṣya,tvakṣ
tvaraRIya,tvar,,fut,pass,,tvaraṇīya,tvar
tvaraRIya,tvar,,fut,pass,caus,tvaraṇīya,tvar
tvarat,tvar,1,pres,para,,tvarat,tvar
tvaramAna,tvar,1,pres,atma,,tvaramāna,tvar
tvarayat,tvar,,pres,para,caus,tvarayat,tvar
tvarayamAna,tvar,,pres,atma,caus,tvarayamāna,tvar
tvarayitavya,tvar,,fut,pass,caus,tvarayitavya,tvar
tvarayizyat,tvar,,fut,para,caus,tvarayiṣyat,tvar
tvarayizyamAna,tvar,,fut,atma,,tvarayiṣyamāna,tvar
tvarayizyamAna,tvar,,fut,atma,caus,tvarayiṣyamāna,tvar
tvaritavat,tvar,,past,active,,tvaritavat,tvar
tvaritavat,tvar,,past,active,caus,tvaritavat,tvar
tvaritavya,tvar,,fut,pass,,tvaritavya,tvar
tvarita,tvar,,past,pass,,tvarita,tvar
tvarita,tvar,,past,pass,caus,tvarita,tvar
tvarizyat,tvar,,fut,para,,tvariṣyat,tvar
tvarizyamAna,tvar,,fut,atma,,tvariṣyamāna,tvar
tvaryamAna,tvar,,pres,pass,,tvaryamāna,tvar
tvaryamAna,tvar,,pres,pass,caus,tvaryamāna,tvar
tvarya,tvar,,fut,pass,,tvarya,tvar
tvarya,tvar,,fut,pass,caus,tvarya,tvar
tvazwavat,tvakz,,past,active,,tvaṣṭavat,tvakṣ
tvazwavya,tvakz,,fut,pass,,tvaṣṭavya,tvakṣ
tvazwa,tvakz,,past,pass,,tvaṣṭa,tvakṣ
daMkzyat,daMS,,fut,para,,daṃkṣyat,daṃś
daMkzyamAna,daMS,,fut,atma,,daṃkṣyamāna,daṃś
daMSanIya,daMS,,fut,pass,,daṃśanīya,daṃś
daMSya,daMS,,fut,pass,,daṃśya,daṃś
daMzwavya,daMS,,fut,pass,,daṃṣṭavya,daṃś
daMsyat,dam#1,,fut,para,,daṃsyat,dam#1
daMsyamAna,dam#1,,fut,atma,,daṃsyamāna,dam#1
daHsyat,das,,fut,para,,daḥsyat,das
daHsyamAna,das,,fut,atma,,daḥsyamāna,das
dakzaRIya,dakz,,fut,pass,,dakṣaṇīya,dakṣ
dakzat,dakz,1,pres,para,,dakṣat,dakṣ
dakzamAna,dakz,1,pres,atma,,dakṣamāna,dakṣ
dakzitavat,dakz,,past,active,,dakṣitavat,dakṣ
dakzita,dakz,,past,pass,,dakṣita,dakṣ
dakzyat,dakz,,fut,para,,dakṣyat,dakṣ
dakzyamAna,dakz,,fut,atma,,dakṣyamāna,dakṣ
dakzyamAna,dakz,,pres,pass,,dakṣyamāna,dakṣ
dakzya,dakz,,fut,pass,,dakṣya,dakṣ
dagDavat,dah#1,,past,active,,dagdhavat,dah#1
dagDavya,dah#1,,fut,pass,,dagdhavya,dah#1
dagDa,dah#1,,past,pass,,dagdha,dah#1
daGanIya,daG,,fut,pass,,daghanīya,dagh
daGitavya,daG,,fut,pass,,daghitavya,dagh
daGizyat,daG,,fut,para,,daghiṣyat,dagh
daGizyamAna,daG,,fut,atma,,daghiṣyamāna,dagh
daGnavat,daG,,past,active,,daghnavat,dagh
daGna,daG,,past,pass,,daghna,dagh
daGnuvat,daG,5,pres,para,,daghnuvat,dagh
daGnvAna,daG,5,pres,atma,,daghnvāna,dagh
daGyamAna,daG,,pres,pass,,daghyamāna,dagh
daGya,daG,,fut,pass,,daghya,dagh
daRqanIya,daRq,,fut,pass,,daṇḍanīya,daṇḍ
daRqayat,daRq,10,pres,para,,daṇḍayat,daṇḍ
daRqayamAna,daRq,10,pres,atma,,daṇḍayamāna,daṇḍ
daRqayitavya,daRq,,fut,pass,,daṇḍayitavya,daṇḍ
daRqayizyat,daRq,,fut,para,,daṇḍayiṣyat,daṇḍ
daRqayizyamAna,daRq,,fut,atma,,daṇḍayiṣyamāna,daṇḍ
daRqitavat,daRq,,past,active,,daṇḍitavat,daṇḍ
daRqita,daRq,,past,pass,,daṇḍita,daṇḍ
daRqyamAna,daRq,,pres,pass,,daṇḍyamāna,daṇḍ
daRqya,daRq,,fut,pass,,daṇḍya,daṇḍ
dattavat,dA#1,,past,active,,dattavat,dā#1
datta,dA#1,,past,pass,,datta,dā#1
dadaMSAna,daMS,,perf,atma,,dadaṃśāna,daṃś
dadaMSvas,daMS,,perf,para,,dadaṃśvas,daṃś
dadakzARa,dakz,,perf,atma,,dadakṣāṇa,dakṣ
dadakzvas,dakz,,perf,para,,dadakṣvas,dakṣ
dadat,dA#1,3,pres,para,,dadat,dā#1
dadat,dA#1,1,pres,para,,dadat,dā#1
dadamAna,dA#1,1,pres,atma,,dadamāna,dā#1
dadarARa,dF,,perf,atma,,dadarāṇa,dṝ
dadarvas,dF,,perf,para,,dadarvas,dṝ
dadAna,dA#1,3,pres,atma,,dadāna,dā#1
dadAna,dA#1,,perf,atma,,dadāna,dā#1
dadAna,dA#3,,perf,atma,,dadāna,dā#3
dadASAna,dAS#1,,perf,atma,,dadāśāna,dāś#1
dadASvas,dAS#1,,perf,para,,dadāśvas,dāś#1
dadivas,dA#1,,perf,para,,dadivas,dā#1
dadivas,dA#2,,perf,para,,dadivas,dā#2
dadivas,dA#3,,perf,para,,dadivas,dā#3
dadfpARa,dfp,,perf,atma,,dadṛpāṇa,dṛp
dadfpvas,dfp,,perf,para,,dadṛpvas,dṛp
dadfBARa,dfB,,perf,atma,,dadṛbhāṇa,dṛbh
dadfBvas,dfB,,perf,para,,dadṛbhvas,dṛbh
dadfSAna,dfS#1,,perf,atma,,dadṛśāna,dṛś#1
dadfSivas,dfS#1,,perf,para,,dadṛśivas,dṛś#1
dadfSvas,dfS#1,,perf,para,,dadṛśvas,dṛś#1
dadfhARa,dfh,,perf,atma,,dadṛhāṇa,dṛh
dadfhvas,dfh,,perf,para,,dadṛhvas,dṛh
dadevAna,dev#1,,perf,atma,,dadevāna,dev#1
dadevAna,dev#2,,perf,atma,,dadevāna,dev#2
dadevvas,dev#1,,perf,para,,dadevvas,dev#1
dadevvas,dev#2,,perf,para,,dadevvas,dev#2
dadolAna,dol,,perf,atma,,dadolāna,dol
dadolvas,dol,,perf,para,,dadolvas,dol
dadrARa,drA#1,,perf,atma,,dadrāṇa,drā#1
dadrARa,drA#2,,perf,atma,,dadrāṇa,drā#2
dadrivas,drA#1,,perf,para,,dadrivas,drā#1
dadrivas,drA#2,,perf,para,,dadrivas,drā#2
daDat,DA#1,3,pres,para,,dadhat,dhā#1
daDat,DA#1,1,pres,para,,dadhat,dhā#1
daDamAna,DA#1,1,pres,atma,,dadhamāna,dhā#1
daDAna,DA#1,3,pres,atma,,dadhāna,dhā#1
daDAna,DA#1,,perf,atma,,dadhāna,dhā#1
daDAna,DA#2,,perf,atma,,dadhāna,dhā#2
daDAvAna,DAv#1,,perf,atma,,dadhāvāna,dhāv#1
daDAvAna,DAv#2,,perf,atma,,dadhāvāna,dhāv#2
daDAvvas,DAv#1,,perf,para,,dadhāvvas,dhāv#1
daDAvvas,DAv#2,,perf,para,,dadhāvvas,dhāv#2
daDivas,DA#1,,perf,para,,dadhivas,dhā#1
daDivas,DA#2,,perf,para,,dadhivas,dhā#2
daDfvas,Df,,perf,para,,dadhṛvas,dhṛ
daDfzARa,Dfz,,perf,atma,,dadhṛṣāṇa,dhṛṣ
daDfzvas,Dfz,,perf,para,,dadhṛṣvas,dhṛṣ
daDmAna,Dam,,perf,atma,,dadhmāna,dham
daDmivas,Dam,,perf,para,,dadhmivas,dham
daDyAna,DyA,,perf,atma,,dadhyāna,dhyā
daDyivas,DyA,,perf,para,,dadhyivas,dhyā
daDrARa,Df,,perf,atma,,dadhrāṇa,dhṛ
daDvaMsAna,DvaMs,,perf,atma,,dadhvaṃsāna,dhvaṃs
daDvaMsvas,DvaMs,,perf,para,,dadhvaṃsvas,dhvaṃs
daDvanAna,Dvan,,perf,atma,,dadhvanāna,dhvan
daDvanvas,Dvan,,perf,para,,dadhvanvas,dhvan
daDvarARa,Dvf,,perf,atma,,dadhvarāṇa,dhvṛ
daDvarvas,Dvf,,perf,para,,dadhvarvas,dhvṛ
daDvANkzARa,DvANkz,,perf,atma,,dadhvāṅkṣāṇa,dhvāṅkṣ
daDvANkzvas,DvANkz,,perf,para,,dadhvāṅkṣvas,dhvāṅkṣ
dantavya,dam#1,,fut,pass,,dantavya,dam#1
dandahat,dah#1,,pres,para,intens,dandahat,dah#1
dabDavat,daB,,past,active,,dabdhavat,dabh
dabDavya,daB,,fut,pass,,dabdhavya,dabh
dabDa,daB,,past,pass,,dabdha,dabh
daBat,daB,1,pres,para,,dabhat,dabh
daBanIya,daB,,fut,pass,,dabhanīya,dabh
daBamAna,daB,1,pres,atma,,dabhamāna,dabh
daByamAna,daB,,pres,pass,,dabhyamāna,dabh
daBya,daB,,fut,pass,,dabhya,dabh
damanIya,dam#1,,fut,pass,,damanīya,dam#1
damanIya,dam#1,,fut,pass,caus,damanīya,dam#1
damayat,dam#1,,pres,para,caus,damayat,dam#1
damayamAna,dam#1,,pres,atma,caus,damayamāna,dam#1
damayitavya,dam#1,,fut,pass,caus,damayitavya,dam#1
damayizyat,dam#1,,fut,para,caus,damayiṣyat,dam#1
damayizyamAna,dam#1,,fut,atma,,damayiṣyamāna,dam#1
damayizyamAna,dam#1,,fut,atma,caus,damayiṣyamāna,dam#1
damitavat,dam#1,,past,active,caus,damitavat,dam#1
damita,dam#1,,past,pass,caus,damita,dam#1
damyamAna,dam#1,,pres,pass,,damyamāna,dam#1
damyamAna,dam#1,,pres,pass,caus,damyamāna,dam#1
damya,dam#1,,fut,pass,,damya,dam#1
damya,dam#1,,fut,pass,caus,damya,dam#1
dayat,day,1,pres,para,,dayat,day
dayanIya,day,,fut,pass,,dayanīya,day
dayamAna,day,1,pres,atma,,dayamāna,day
dayitavat,day,,past,active,,dayitavat,day
dayitavya,day,,fut,pass,,dayitavya,day
dayita,day,,past,pass,,dayita,day
dayizyat,day,,fut,para,,dayiṣyat,day
dayizyamAna,day,,fut,atma,,dayiṣyamāna,day
dayyamAna,day,,pres,pass,,dayyamāna,day
dayya,day,,fut,pass,,dayya,day
daraRIya,dF,,fut,pass,,daraṇīya,dṝ
daritavya,dF,,fut,pass,,daritavya,dṝ
daridrAt,drA#1,,pres,para,intens,daridrāt,drā#1
darizyat,dF,,fut,para,,dariṣyat,dṝ
darizyamAna,dF,,fut,atma,,dariṣyamāna,dṝ
darItavya,dF,,fut,pass,,darītavya,dṝ
darIdfSyamAna,dfS#1,,pres,atma,intens,darīdṛśyamāna,dṛś#1
darIzyat,dF,,fut,para,,darīṣyat,dṝ
darIzyamAna,dF,,fut,atma,,darīṣyamāna,dṝ
darQavya,dfh,,fut,pass,,darḍhavya,dṛh
darpaRIya,dfp,,fut,pass,,darpaṇīya,dṛp
darpaRIya,dfp,,fut,pass,caus,darpaṇīya,dṛp
darpayat,dfp,,pres,para,caus,darpayat,dṛp
darpayamAna,dfp,,pres,atma,caus,darpayamāna,dṛp
darpayitavya,dfp,,fut,pass,caus,darpayitavya,dṛp
darpayizyat,dfp,,fut,para,caus,darpayiṣyat,dṛp
darpayizyamAna,dfp,,fut,atma,,darpayiṣyamāna,dṛp
darpayizyamAna,dfp,,fut,atma,caus,darpayiṣyamāna,dṛp
darpitavat,dfp,,past,active,caus,darpitavat,dṛp
darpitavya,dfp,,fut,pass,,darpitavya,dṛp
darpita,dfp,,past,pass,caus,darpita,dṛp
darpizyat,dfp,,fut,para,,darpiṣyat,dṛp
darpizyamAna,dfp,,fut,atma,,darpiṣyamāna,dṛp
darptavya,dfp,,fut,pass,,darptavya,dṛp
darpyamAna,dfp,,pres,pass,caus,darpyamāna,dṛp
darpya,dfp,,fut,pass,caus,darpya,dṛp
darpsyat,dfp,,fut,para,,darpsyat,dṛp
darpsyamAna,dfp,,fut,atma,,darpsyamāna,dṛp
darbDavya,dfB,,fut,pass,,darbdhavya,dṛbh
darBaRIya,dfB,,fut,pass,,darbhaṇīya,dṛbh
darBaRIya,dfB,,fut,pass,caus,darbhaṇīya,dṛbh
darBayat,dfB,,pres,para,caus,darbhayat,dṛbh
darBayamAna,dfB,,pres,atma,caus,darbhayamāna,dṛbh
darBayitavya,dfB,,fut,pass,caus,darbhayitavya,dṛbh
darBayizyat,dfB,,fut,para,caus,darbhayiṣyat,dṛbh
darBayizyamAna,dfB,,fut,atma,,darbhayiṣyamāna,dṛbh
darBayizyamAna,dfB,,fut,atma,caus,darbhayiṣyamāna,dṛbh
darBitavat,dfB,,past,active,caus,darbhitavat,dṛbh
darBita,dfB,,past,pass,caus,darbhita,dṛbh
darByamAna,dfB,,pres,pass,caus,darbhyamāna,dṛbh
darBya,dfB,,fut,pass,caus,darbhya,dṛbh
darSanIya,dfS#1,,fut,pass,,darśanīya,dṛś#1
darSanIya,dfS#1,,fut,pass,caus,darśanīya,dṛś#1
darSayat,dfS#1,,pres,para,caus,darśayat,dṛś#1
darSayamAna,dfS#1,,pres,atma,caus,darśayamāna,dṛś#1
darSayitavya,dfS#1,,fut,pass,caus,darśayitavya,dṛś#1
darSayizyat,dfS#1,,fut,para,caus,darśayiṣyat,dṛś#1
darSayizyamAna,dfS#1,,fut,atma,,darśayiṣyamāna,dṛś#1
darSayizyamAna,dfS#1,,fut,atma,caus,darśayiṣyamāna,dṛś#1
darSitavat,dfS#1,,past,active,caus,darśitavat,dṛś#1
darSita,dfS#1,,past,pass,caus,darśita,dṛś#1
darSyamAna,dfS#1,,pres,pass,caus,darśyamāna,dṛś#1
darSya,dfS#1,,fut,pass,caus,darśya,dṛś#1
darhaRIya,dfh,,fut,pass,,darhaṇīya,dṛh
dalat,dal,1,pres,para,,dalat,dal
dalanIya,dal,,fut,pass,,dalanīya,dal
dalamAna,dal,1,pres,atma,,dalamāna,dal
dalitavat,dal,,past,active,,dalitavat,dal
dalitavya,dal,,fut,pass,,dalitavya,dal
dalita,dal,,past,pass,,dalita,dal
dalizyat,dal,,fut,para,,daliṣyat,dal
dalizyamAna,dal,,fut,atma,,daliṣyamāna,dal
dalyamAna,dal,,pres,pass,,dalyamāna,dal
dalya,dal,,fut,pass,,dalya,dal
davanIya,du,,fut,pass,,davanīya,du
daSat,daMS,1,pres,para,,daśat,daṃś
daSamAna,daMS,1,pres,atma,,daśamāna,daṃś
daSyamAna,daMS,,pres,pass,,daśyamāna,daṃś
dazwavat,daMS,,past,active,,daṣṭavat,daṃś
dazwavya,dakz,,fut,pass,,daṣṭavya,dakṣ
dazwa,daMS,,past,pass,,daṣṭa,daṃś
dasanIya,das,,fut,pass,,dasanīya,das
dastavat,das,,past,active,,dastavat,das
dastavya,das,,fut,pass,,dastavya,das
dasta,das,,past,pass,,dasta,das
dasyat,das,4,pres,para,,dasyat,das
dasyamAna,das,4,pres,atma,,dasyamāna,das
dasyamAna,das,,pres,pass,,dasyamāna,das
dasya,das,,fut,pass,,dasya,das
dahat,dah#1,1,pres,para,,dahat,dah#1
dahanIya,dah#1,,fut,pass,,dahanīya,dah#1
dahamAna,dah#1,1,pres,atma,,dahamāna,dah#1
dahitavya,dah#1,,fut,pass,,dahitavya,dah#1
dahizyat,dah#1,,fut,para,,dahiṣyat,dah#1
dahizyamAna,dah#1,,fut,atma,,dahiṣyamāna,dah#1
dahyat,dah#1,4,pres,para,,dahyat,dah#1
dahyamAna,dah#1,4,pres,atma,,dahyamāna,dah#1
dahyamAna,dah#1,,pres,pass,,dahyamāna,dah#1
dahya,dah#1,,fut,pass,,dahya,dah#1
dAkzyat,dAS#1,,fut,para,,dākṣyat,dāś#1
dAkzyamAna,dAS#1,,fut,atma,,dākṣyamāna,dāś#1
dAtavya,dA#1,,fut,pass,,dātavya,dā#1
dAtavya,dA#2,,fut,pass,,dātavya,dā#2
dAtavya,dA#3,,fut,pass,,dātavya,dā#3
dADvaryamAna,Dvf,,pres,atma,intens,dādhvaryamāna,dhvṛ
dAna,dA#1,2,pres,atma,,dāna,dā#1
dAnIya,dA#1,,fut,pass,,dānīya,dā#1
dAnIya,dA#2,,fut,pass,,dānīya,dā#2
dAnIya,dA#3,,fut,pass,,dānīya,dā#3
dAntavat,dam#1,,past,active,,dāntavat,dam#1
dAnta,dam#1,,past,pass,,dānta,dam#1
dApanIya,dA#1,,fut,pass,caus,dāpanīya,dā#1
dApayat,dA#1,,pres,para,caus,dāpayat,dā#1
dApayamAna,dA#1,,pres,atma,caus,dāpayamāna,dā#1
dApayitavya,dA#1,,fut,pass,caus,dāpayitavya,dā#1
dApayizyat,dA#1,,fut,para,caus,dāpayiṣyat,dā#1
dApayizyamAna,dA#1,,fut,atma,,dāpayiṣyamāna,dā#1
dApayizyamAna,dA#1,,fut,atma,caus,dāpayiṣyamāna,dā#1
dApitavat,dA#1,,past,active,caus,dāpitavat,dā#1
dApita,dA#1,,past,pass,caus,dāpita,dā#1
dApyamAna,dA#1,,pres,pass,caus,dāpyamāna,dā#1
dApya,dA#1,,fut,pass,caus,dāpya,dā#1
dAmyat,dam#1,4,pres,para,,dāmyat,dam#1
dAmyamAna,dam#1,4,pres,atma,,dāmyamāna,dam#1
dAyat,dA#3,1,pres,para,,dāyat,dā#3
dAyamAna,dA#3,1,pres,atma,,dāyamāna,dā#3
dAraRIya,dF,,fut,pass,caus,dāraṇīya,dṝ
dArayat,dF,,pres,para,caus,dārayat,dṝ
dArayamAna,dF,,pres,atma,caus,dārayamāna,dṝ
dArayitavya,dF,,fut,pass,caus,dārayitavya,dṝ
dArayizyat,dF,,fut,para,caus,dārayiṣyat,dṝ
dArayizyamAna,dF,,fut,atma,,dārayiṣyamāna,dṝ
dArayizyamAna,dF,,fut,atma,caus,dārayiṣyamāna,dṝ
dAritavat,dF,,past,active,caus,dāritavat,dṝ
dArita,dF,,past,pass,caus,dārita,dṝ
dAryamAna,dF,,pres,pass,caus,dāryamāna,dṝ
dArya,dF,,fut,pass,,dārya,dṝ
dArya,dF,,fut,pass,caus,dārya,dṝ
dAvanIya,du,,fut,pass,caus,dāvanīya,du
dAvayat,du,,pres,para,caus,dāvayat,du
dAvayamAna,du,,pres,atma,caus,dāvayamāna,du
dAvayitavya,du,,fut,pass,caus,dāvayitavya,du
dAvayizyat,du,,fut,para,caus,dāvayiṣyat,du
dAvayizyamAna,du,,fut,atma,,dāvayiṣyamāna,du
dAvayizyamAna,du,,fut,atma,caus,dāvayiṣyamāna,du
dAvitavat,du,,past,active,caus,dāvitavat,du
dAvita,du,,past,pass,caus,dāvita,du
dAvyamAna,du,,pres,pass,caus,dāvyamāna,du
dAvya,du,,fut,pass,caus,dāvya,du
dASat,dAS#1,1,pres,para,,dāśat,dāś#1
dASanIya,dAS#1,,fut,pass,,dāśanīya,dāś#1
dASamAna,dAS#1,1,pres,atma,,dāśamāna,dāś#1
dASyamAna,dAS#1,,pres,pass,,dāśyamāna,dāś#1
dASya,dAS#1,,fut,pass,,dāśya,dāś#1
dAzwavat,dAS#1,,past,active,,dāṣṭavat,dāś#1
dAzwavya,dAS#1,,fut,pass,,dāṣṭavya,dāś#1
dAzwa,dAS#1,,past,pass,,dāṣṭa,dāś#1
dAsat,das,1,pres,para,,dāsat,das
dAsanIya,das,,fut,pass,caus,dāsanīya,das
dAsamAna,das,1,pres,atma,,dāsamāna,das
dAsayat,das,,pres,para,caus,dāsayat,das
dAsayamAna,das,,pres,atma,caus,dāsayamāna,das
dAsayitavya,das,,fut,pass,caus,dāsayitavya,das
dAsayizyat,das,,fut,para,caus,dāsayiṣyat,das
dAsayizyamAna,das,,fut,atma,,dāsayiṣyamāna,das
dAsayizyamAna,das,,fut,atma,caus,dāsayiṣyamāna,das
dAsitavat,das,,past,active,caus,dāsitavat,das
dAsita,das,,past,pass,caus,dāsita,das
dAsyat,dA#1,,fut,para,,dāsyat,dā#1
dAsyat,dA#2,,fut,para,,dāsyat,dā#2
dAsyat,dA#3,,fut,para,,dāsyat,dā#3
dAsyamAna,dA#1,,fut,atma,,dāsyamāna,dā#1
dAsyamAna,dA#3,,fut,atma,,dāsyamāna,dā#3
dAsyamAna,das,,pres,pass,caus,dāsyamāna,das
dAsya,das,,fut,pass,caus,dāsya,das
dAhanIya,dah#1,,fut,pass,caus,dāhanīya,dah#1
dAhayat,dah#1,,pres,para,caus,dāhayat,dah#1
dAhayamAna,dah#1,,pres,atma,caus,dāhayamāna,dah#1
dAhayitavya,dah#1,,fut,pass,caus,dāhayitavya,dah#1
dAhayizyat,dah#1,,fut,para,caus,dāhayiṣyat,dah#1
dAhayizyamAna,dah#1,,fut,atma,,dāhayiṣyamāna,dah#1
dAhayizyamAna,dah#1,,fut,atma,caus,dāhayiṣyamāna,dah#1
dAhitavat,dah#1,,past,active,caus,dāhitavat,dah#1
dAhita,dah#1,,past,pass,caus,dāhita,dah#1
dAhyamAna,dah#1,,pres,pass,caus,dāhyamāna,dah#1
dAhya,dah#1,,fut,pass,caus,dāhya,dah#1
digDavat,dih,,past,active,,digdhavat,dih
digDa,dih,,past,pass,,digdha,dih
ditavat,dA#2,,past,active,,ditavat,dā#2
dita,dA#2,,past,pass,,dita,dā#2
ditsat,dA#1,,pres,para,desid,ditsat,dā#1
ditsanIya,dA#1,,fut,pass,desid,ditsanīya,dā#1
ditsitavat,dA#1,,past,active,desid,ditsitavat,dā#1
ditsita,dA#1,,past,pass,desid,ditsita,dā#1
didikzaRIya,diS#1,,fut,pass,desid,didikṣaṇīya,diś#1
didikzat,diS#1,,pres,para,desid,didikṣat,diś#1
didikzitavat,diS#1,,past,active,desid,didikṣitavat,diś#1
didikzita,diS#1,,past,pass,desid,didikṣita,diś#1
diditsvas,dA#1,,perf,para,desid,diditsvas,dā#1
dididikzvas,diS#1,,perf,para,desid,dididikṣvas,diś#1
dididfkzARa,dfS#1,,perf,atma,desid,dididṛkṣāṇa,dṛś#1
dididfkzvas,dfS#1,,perf,para,desid,dididṛkṣvas,dṛś#1
didiDizARa,DA#1,,perf,atma,desid,dididhiṣāṇa,dhā#1
didiDizvas,DA#1,,perf,para,desid,dididhiṣvas,dhā#1
didiSAna,diS#1,,perf,atma,,didiśāna,diś#1
didiSvas,diS#1,,perf,para,,didiśvas,diś#1
didihAna,dih,,perf,atma,,didihāna,dih
didihvas,dih,,perf,para,,didihvas,dih
didIkzARa,dIkz,,perf,atma,,didīkṣāṇa,dīkṣ
didIkzvas,dIkz,,perf,para,,didīkṣvas,dīkṣ
didIpAna,dIp,,perf,atma,,didīpāna,dīp
didIpvas,dIp,,perf,para,,didīpvas,dīp
didIvAna,dIv#1,,perf,atma,,didīvāna,dīv#1
didIvvas,dIv#1,,perf,para,,didīvvas,dīv#1
didfkzaRIya,dfS#1,,fut,pass,desid,didṛkṣaṇīya,dṛś#1
didfkzat,dfS#1,,pres,para,desid,didṛkṣat,dṛś#1
didfkzamAna,dfS#1,,pres,atma,desid,didṛkṣamāna,dṛś#1
didfkzitavat,dfS#1,,past,active,desid,didṛkṣitavat,dṛś#1
didfkzita,dfS#1,,past,pass,desid,didṛkṣita,dṛś#1
didvizARa,dviz#1,,perf,atma,,didviṣāṇa,dviṣ#1
didvizvas,dviz#1,,perf,para,,didviṣvas,dviṣ#1
diDitsvas,DA#1,,perf,para,desid,didhitsvas,dhā#1
diDizaRIya,DA#1,,fut,pass,desid,didhiṣaṇīya,dhā#1
diDizat,DA#1,,pres,para,desid,didhiṣat,dhā#1
diDizamAna,DA#1,,pres,atma,desid,didhiṣamāna,dhā#1
diDizitavat,DA#1,,past,active,desid,didhiṣitavat,dhā#1
diDizita,DA#1,,past,pass,desid,didhiṣita,dhā#1
diDIrARa,DIr,,perf,atma,,didhīrāṇa,dhīr
diDIrvas,DIr,,perf,para,,didhīrvas,dhīr
diDyAna,DI#1,,perf,atma,,didhyāna,dhī#1
diSat,diS#1,6,pres,para,,diśat,diś#1
diSamAna,diS#1,6,pres,atma,,diśamāna,diś#1
diSyamAna,diS#1,,pres,pass,,diśyamāna,diś#1
dizwavat,diS#1,,past,active,,diṣṭavat,diś#1
dizwa,diS#1,,past,pass,,diṣṭa,diś#1
dihat,dih,2,pres,para,,dihat,dih
dihAna,dih,2,pres,atma,,dihāna,dih
dihyamAna,dih,,pres,pass,,dihyamāna,dih
dIkzaRIya,dIkz,,fut,pass,caus,dīkṣaṇīya,dīkṣ
dIkzat,dIkz,1,pres,para,,dīkṣat,dīkṣ
dIkzamAna,dIkz,1,pres,atma,,dīkṣamāna,dīkṣ
dIkzayat,dIkz,,pres,para,caus,dīkṣayat,dīkṣ
dIkzayamAna,dIkz,,pres,atma,caus,dīkṣayamāna,dīkṣ
dIkzayitavya,dIkz,,fut,pass,caus,dīkṣayitavya,dīkṣ
dIkzayizyat,dIkz,,fut,para,caus,dīkṣayiṣyat,dīkṣ
dIkzayizyamAna,dIkz,,fut,atma,,dīkṣayiṣyamāna,dīkṣ
dIkzayizyamAna,dIkz,,fut,atma,caus,dīkṣayiṣyamāna,dīkṣ
dIkzitavat,dIkz,,past,active,,dīkṣitavat,dīkṣ
dIkzitavat,dIkz,,past,active,caus,dīkṣitavat,dīkṣ
dIkzita,dIkz,,past,pass,,dīkṣita,dīkṣ
dIkzita,dIkz,,past,pass,caus,dīkṣita,dīkṣ
dIkzyamAna,dIkz,,pres,pass,,dīkṣyamāna,dīkṣ
dIkzyamAna,dIkz,,pres,pass,caus,dīkṣyamāna,dīkṣ
dIkzya,dIkz,,fut,pass,,dīkṣya,dīkṣ
dIkzya,dIkz,,fut,pass,caus,dīkṣya,dīkṣ
dItavat,dA#3,,past,active,,dītavat,dā#3
dIta,dA#3,,past,pass,,dīta,dā#3
dIpanIya,dIp,,fut,pass,caus,dīpanīya,dīp
dIpayat,dIp,,pres,para,caus,dīpayat,dīp
dIpayamAna,dIp,,pres,atma,caus,dīpayamāna,dīp
dIpayitavya,dIp,,fut,pass,caus,dīpayitavya,dīp
dIpayizyat,dIp,,fut,para,caus,dīpayiṣyat,dīp
dIpayizyamAna,dIp,,fut,atma,,dīpayiṣyamāna,dīp
dIpayizyamAna,dIp,,fut,atma,caus,dīpayiṣyamāna,dīp
dIpitavat,dIp,,past,active,caus,dīpitavat,dīp
dIpita,dIp,,past,pass,caus,dīpita,dīp
dIptavat,dIp,,past,active,,dīptavat,dīp
dIpta,dIp,,past,pass,,dīpta,dīp
dIpyat,dIp,4,pres,para,,dīpyat,dīp
dIpyamAna,dIp,4,pres,atma,,dīpyamāna,dīp
dIpyamAna,dIp,,pres,pass,,dīpyamāna,dīp
dIpyamAna,dIp,,pres,pass,caus,dīpyamāna,dīp
dIpya,dIp,,fut,pass,,dīpya,dīp
dIpya,dIp,,fut,pass,caus,dīpya,dīp
dIyamAna,dA#1,,pres,pass,,dīyamāna,dā#1
dIyamAna,dA#2,,pres,pass,,dīyamāna,dā#2
dIyamAna,dA#3,,pres,pass,,dīyamāna,dā#3
dIrRavat,dF,,past,active,,dīrṇavat,dṝ
dIrRa,dF,,past,pass,,dīrṇa,dṝ
dIryamAna,dF,,pres,pass,,dīryamāna,dṝ
dIvyat,dIv#1,4,pres,para,,dīvyat,dīv#1
dIvyamAna,dIv#1,4,pres,atma,,dīvyamāna,dīv#1
dIvyamAna,dIv#1,,pres,pass,,dīvyamāna,dīv#1
dIvya,dIv#1,,fut,pass,,dīvya,dīv#1
dugDavat,duh#1,,past,active,,dugdhavat,duh#1
dugDa,duh#1,,past,pass,,dugdha,duh#1
dutavat,du,,past,active,,dutavat,du
duta,du,,past,pass,,duta,du
dududUzvas,du,,perf,para,desid,dududūṣvas,du
duduDukzvas,duh#1,,perf,para,desid,dududhukṣvas,duh#1
dudurdinAna,durdin,,perf,atma,,dudurdināna,durdin
dudurdinvas,durdin,,perf,para,,dudurdinvas,durdin
duduvas,du,,perf,para,,duduvas,du
duduzARa,duz,,perf,atma,,duduṣāṇa,duṣ
duduzvas,duz,,perf,para,,duduṣvas,duṣ
duduhAna,duh#1,,perf,atma,,duduhāna,duh#1
duduhvas,duh#1,,perf,para,,duduhvas,duh#1
dudUzaRIya,du,,fut,pass,desid,dudūṣaṇīya,du
dudUzat,du,,pres,para,desid,dudūṣat,du
dudUzitavat,du,,past,active,desid,dudūṣitavat,du
dudUzita,du,,past,pass,desid,dudūṣita,du
dudyutAna,dyut#1,,perf,atma,,dudyutāna,dyut#1
dudyutvas,dyut#1,,perf,para,,dudyutvas,dyut#1
dudruvas,dru#1,,perf,para,,dudruvas,dru#1
dudruhARa,druh#1,,perf,atma,,dudruhāṇa,druh#1
dudruhvas,druh#1,,perf,para,,dudruhvas,druh#1
dudrvARa,dru#1,,perf,atma,,dudrvāṇa,dru#1
dudvAna,du,,perf,atma,,dudvāna,du
duDukzaRIya,duh#1,,fut,pass,desid,dudhukṣaṇīya,duh#1
duDukzat,duh#1,,pres,para,desid,dudhukṣat,duh#1
duDukzitavat,duh#1,,past,active,desid,dudhukṣitavat,duh#1
duDukzita,duh#1,,past,pass,desid,dudhukṣita,duh#1
duDUvas,DU#1,,perf,para,,dudhūvas,dhū#1
duDruvas,Dru,,perf,para,,dudhruvas,dhru
duDrvARa,Dru,,perf,atma,,dudhrvāṇa,dhru
duDvAna,DU#1,,perf,atma,,dudhvāna,dhū#1
dunvat,du,5,pres,para,,dunvat,du
dunvAna,du,5,pres,atma,,dunvāna,du
durdinayizyat,durdin,,fut,para,,durdinayiṣyat,durdin
durdinayizyamAna,durdin,,fut,atma,,durdinayiṣyamāna,durdin
durdinAyat,durdin,10,pres,para,,durdināyat,durdin
durdinAyamAna,durdin,10,pres,atma,,durdināyamāna,durdin
durdinAyitavya,durdin,,fut,pass,,durdināyitavya,durdin
durdintavat,durdin,,past,active,,durdintavat,durdin
durdinta,durdin,,past,pass,,durdinta,durdin
durdinyamAna,durdin,,pres,pass,,durdinyamāna,durdin
durdenanIya,durdin,,fut,pass,,durdenanīya,durdin
durdenya,durdin,,fut,pass,,durdenya,durdin
duzwavat,duz,,past,active,,duṣṭavat,duṣ
duzwa,duz,,past,pass,,duṣṭa,duṣ
duzyat,duz,4,pres,para,,duṣyat,duṣ
duzyamAna,duz,4,pres,atma,,duṣyamāna,duṣ
duzyamAna,duz,,pres,pass,,duṣyamāna,duṣ
duhat,duh#1,2,pres,para,,duhat,duh#1
duhAna,duh#1,2,pres,atma,,duhāna,duh#1
duhyamAna,duh#1,,pres,pass,,duhyamāna,duh#1
duhya,duh#1,,fut,pass,,duhya,duh#1
dUyamAna,du,,pres,pass,,dūyamāna,du
dUzaRIya,duz,,fut,pass,caus,dūṣaṇīya,duṣ
dUzayat,duz,,pres,para,caus,dūṣayat,duṣ
dUzayamAna,duz,,pres,atma,caus,dūṣayamāna,duṣ
dUzayitavya,duz,,fut,pass,caus,dūṣayitavya,duṣ
dUzayizyat,duz,,fut,para,caus,dūṣayiṣyat,duṣ
dUzayizyamAna,duz,,fut,atma,,dūṣayiṣyamāna,duṣ
dUzayizyamAna,duz,,fut,atma,caus,dūṣayiṣyamāna,duṣ
dUzitavat,duz,,past,active,caus,dūṣitavat,duṣ
dUzita,duz,,past,pass,caus,dūṣita,duṣ
dUzyamAna,duz,,pres,pass,caus,dūṣyamāna,duṣ
dUzya,duz,,fut,pass,caus,dūṣya,duṣ
dfMhat,dfh,1,pres,para,,dṛṃhat,dṛh
dfMhamAna,dfh,1,pres,atma,,dṛṃhamāna,dṛh
dfQavat,dfh,,past,active,,dṛḍhavat,dṛh
dfQa,dfh,,past,pass,,dṛḍha,dṛh
dfRat,dF,9,pres,para,,dṛṇat,dṝ
dfRAna,dF,9,pres,atma,,dṛṇāna,dṝ
dfptavat,dfp,,past,active,,dṛptavat,dṛp
dfpta,dfp,,past,pass,,dṛpta,dṛp
dfpyat,dfp,4,pres,para,,dṛpyat,dṛp
dfpyamAna,dfp,4,pres,atma,,dṛpyamāna,dṛp
dfpyamAna,dfp,,pres,pass,,dṛpyamāna,dṛp
dfpya,dfp,,fut,pass,,dṛpya,dṛp
dfbDavat,dfB,,past,active,,dṛbdhavat,dṛbh
dfbDa,dfB,,past,pass,,dṛbdha,dṛbh
dfBat,dfB,6,pres,para,,dṛbhat,dṛbh
dfBamAna,dfB,6,pres,atma,,dṛbhamāna,dṛbh
dfByamAna,dfB,,pres,pass,,dṛbhyamāna,dṛbh
dfBya,dfB,,fut,pass,,dṛbhya,dṛbh
dfSyamAna,dfS#1,,pres,pass,,dṛśyamāna,dṛś#1
dfSya,dfS#1,,fut,pass,,dṛśya,dṛś#1
dfzwavat,dfS#1,,past,active,,dṛṣṭavat,dṛś#1
dfzwa,dfS#1,,past,pass,,dṛṣṭa,dṛś#1
dfhyamAna,dfh,,pres,pass,,dṛhyamāna,dṛh
dfhya,dfh,,fut,pass,,dṛhya,dṛh
dekzaRIya,dIkz,,fut,pass,,dekṣaṇīya,dīkṣ
dekzyat,diS#1,,fut,para,,dekṣyat,diś#1
dekzyat,dIkz,,fut,para,,dekṣyat,dīkṣ
dekzyamAna,diS#1,,fut,atma,,dekṣyamāna,diś#1
dekzyamAna,dIkz,,fut,atma,,dekṣyamāna,dīkṣ
degDavya,dih,,fut,pass,,degdhavya,dih
deGAna,daG,,perf,atma,,deghāna,dagh
deGivas,daG,,perf,para,,deghivas,dagh
deqRAna,daRq,,perf,atma,,deḍṇāna,daṇḍ
deqRivas,daRq,,perf,para,,deḍṇivas,daṇḍ
dedIpyamAna,dIp,,pres,atma,intens,dedīpyamāna,dīp
depanIya,dIp,,fut,pass,,depanīya,dīp
deptavya,dIp,,fut,pass,,deptavya,dīp
depsyat,dIp,,fut,para,,depsyat,dīp
depsyamAna,dIp,,fut,atma,,depsyamāna,dīp
deBAna,daB,,perf,atma,,debhāna,dabh
deBivas,daB,,perf,para,,debhivas,dabh
demAna,dam#1,,perf,atma,,demāna,dam#1
demivas,dam#1,,perf,para,,demivas,dam#1
deya,dA#1,,fut,pass,,deya,dā#1
deya,dA#2,,fut,pass,,deya,dā#2
deya,dA#3,,fut,pass,,deya,dā#3
deyAna,day,,perf,atma,,deyāna,day
deyivas,day,,perf,para,,deyivas,day
delAna,dal,,perf,atma,,delāna,dal
delivas,dal,,perf,para,,delivas,dal
devat,dev#1,1,pres,para,,devat,dev#1
devanIya,dev#1,,fut,pass,,devanīya,dev#1
devanIya,dev#2,,fut,pass,,devanīya,dev#2
devanIya,dIv#1,,fut,pass,,devanīya,dīv#1
devanIya,dIv#1,,fut,pass,caus,devanīya,dīv#1
devamAna,dev#1,1,pres,atma,,devamāna,dev#1
devayat,dev#2,10,pres,para,,devayat,dev#2
devayat,dIv#1,,pres,para,caus,devayat,dīv#1
devayamAna,dev#2,10,pres,atma,,devayamāna,dev#2
devayamAna,dIv#1,,pres,atma,caus,devayamāna,dīv#1
devayitavya,dev#2,,fut,pass,,devayitavya,dev#2
devayitavya,dIv#1,,fut,pass,caus,devayitavya,dīv#1
devayizyat,dev#2,,fut,para,,devayiṣyat,dev#2
devayizyat,dIv#1,,fut,para,caus,devayiṣyat,dīv#1
devayizyamAna,dev#2,,fut,atma,,devayiṣyamāna,dev#2
devayizyamAna,dIv#1,,fut,atma,,devayiṣyamāna,dīv#1
devayizyamAna,dIv#1,,fut,atma,caus,devayiṣyamāna,dīv#1
devitavat,dIv#1,,past,active,caus,devitavat,dīv#1
devitavya,dev#1,,fut,pass,,devitavya,dev#1
devitavya,dIv#1,,fut,pass,,devitavya,dīv#1
devita,dIv#1,,past,pass,caus,devita,dīv#1
devizyat,dev#1,,fut,para,,deviṣyat,dev#1
devizyat,dIv#1,,fut,para,,deviṣyat,dīv#1
devizyamAna,dev#1,,fut,atma,,deviṣyamāna,dev#1
devizyamAna,dIv#1,,fut,atma,,deviṣyamāna,dīv#1
devtavat,dev#1,,past,active,,devtavat,dev#1
devtavat,dev#2,,past,active,,devtavat,dev#2
devta,dev#1,,past,pass,,devta,dev#1
devta,dev#2,,past,pass,,devta,dev#2
devyamAna,dev#1,,pres,pass,,devyamāna,dev#1
devyamAna,dev#2,,pres,pass,,devyamāna,dev#2
devyamAna,dIv#1,,pres,pass,caus,devyamāna,dīv#1
devya,dev#1,,fut,pass,,devya,dev#1
devya,dev#2,,fut,pass,,devya,dev#2
devya,dIv#1,,fut,pass,caus,devya,dīv#1
deSanIya,diS#1,,fut,pass,,deśanīya,diś#1
deSanIya,diS#1,,fut,pass,caus,deśanīya,diś#1
deSayat,diS#1,,pres,para,caus,deśayat,diś#1
deSayamAna,diS#1,,pres,atma,caus,deśayamāna,diś#1
deSayitavya,diS#1,,fut,pass,caus,deśayitavya,diś#1
deSayizyat,diS#1,,fut,para,caus,deśayiṣyat,diś#1
deSayizyamAna,diS#1,,fut,atma,,deśayiṣyamāna,diś#1
deSayizyamAna,diS#1,,fut,atma,caus,deśayiṣyamāna,diś#1
deSitavat,diS#1,,past,active,caus,deśitavat,diś#1
deSita,diS#1,,past,pass,caus,deśita,diś#1
deSyamAna,diS#1,,pres,pass,caus,deśyamāna,diś#1
deSya,diS#1,,fut,pass,,deśya,diś#1
deSya,diS#1,,fut,pass,caus,deśya,diś#1
dezwavya,diS#1,,fut,pass,,deṣṭavya,diś#1
dezwavya,dIkz,,fut,pass,,deṣṭavya,dīkṣ
desAna,das,,perf,atma,,desāna,das
desivas,das,,perf,para,,desivas,das
dehanIya,dih,,fut,pass,,dehanīya,dih
dehanIya,dih,,fut,pass,caus,dehanīya,dih
dehayat,dih,,pres,para,caus,dehayat,dih
dehayamAna,dih,,pres,atma,caus,dehayamāna,dih
dehayitavya,dih,,fut,pass,caus,dehayitavya,dih
dehayizyat,dih,,fut,para,caus,dehayiṣyat,dih
dehayizyamAna,dih,,fut,atma,,dehayiṣyamāna,dih
dehayizyamAna,dih,,fut,atma,caus,dehayiṣyamāna,dih
dehAna,dah#1,,perf,atma,,dehāna,dah#1
dehitavat,dih,,past,active,caus,dehitavat,dih
dehita,dih,,past,pass,caus,dehita,dih
dehivas,dah#1,,perf,para,,dehivas,dah#1
dehyamAna,dih,,pres,pass,caus,dehyamāna,dih
dehya,dih,,fut,pass,,dehya,dih
dehya,dih,,fut,pass,caus,dehya,dih
dokzyat,duz,,fut,para,,dokṣyat,duṣ
dokzyamAna,duz,,fut,atma,,dokṣyamāna,duṣ
dogDavya,duh#1,,fut,pass,,dogdhavya,duh#1
dotavya,du,,fut,pass,,dotavya,du
doya,du,,fut,pass,,doya,du
dolanIya,dol,,fut,pass,,dolanīya,dol
dolayat,dol,10,pres,para,,dolayat,dol
dolayamAna,dol,10,pres,atma,,dolayamāna,dol
dolayitavya,dol,,fut,pass,,dolayitavya,dol
dolayizyat,dol,,fut,para,,dolayiṣyat,dol
dolayizyamAna,dol,,fut,atma,,dolayiṣyamāna,dol
dolitavat,dol,,past,active,,dolitavat,dol
dolita,dol,,past,pass,,dolita,dol
dolyamAna,dol,,pres,pass,,dolyamāna,dol
dolya,dol,,fut,pass,,dolya,dol
dozaRIya,duz,,fut,pass,,doṣaṇīya,duṣ
dozwavya,duz,,fut,pass,,doṣṭavya,duṣ
dozyat,du,,fut,para,,doṣyat,du
dozyamAna,du,,fut,atma,,doṣyamāna,du
dozya,duz,,fut,pass,,doṣya,duṣ
dohanIya,duh#1,,fut,pass,,dohanīya,duh#1
dohanIya,duh#1,,fut,pass,caus,dohanīya,duh#1
dohayat,duh#1,,pres,para,caus,dohayat,duh#1
dohayamAna,duh#1,,pres,atma,caus,dohayamāna,duh#1
dohayitavya,duh#1,,fut,pass,caus,dohayitavya,duh#1
dohayizyat,duh#1,,fut,para,caus,dohayiṣyat,duh#1
dohayizyamAna,duh#1,,fut,atma,,dohayiṣyamāna,duh#1
dohayizyamAna,duh#1,,fut,atma,caus,dohayiṣyamāna,duh#1
dohitavat,duh#1,,past,active,caus,dohitavat,duh#1
dohita,duh#1,,past,pass,caus,dohita,duh#1
dohyamAna,duh#1,,pres,pass,caus,dohyamāna,duh#1
dohya,duh#1,,fut,pass,,dohya,duh#1
dohya,duh#1,,fut,pass,caus,dohya,duh#1
dyUtavat,dIv#1,,past,active,,dyūtavat,dīv#1
dyUta,dIv#1,,past,pass,,dyūta,dīv#1
dyotat,dyut#1,1,pres,para,,dyotat,dyut#1
dyotanIya,dyut#1,,fut,pass,caus,dyotanīya,dyut#1
dyotamAna,dyut#1,1,pres,atma,,dyotamāna,dyut#1
dyotayat,dyut#1,,pres,para,caus,dyotayat,dyut#1
dyotayamAna,dyut#1,,pres,atma,caus,dyotayamāna,dyut#1
dyotayizyat,dyut#1,,fut,para,caus,dyotayiṣyat,dyut#1
dyotayizyamAna,dyut#1,,fut,atma,,dyotayiṣyamāna,dyut#1
dyotayizyamAna,dyut#1,,fut,atma,caus,dyotayiṣyamāna,dyut#1
dyotitavat,dyut#1,,past,active,caus,dyotitavat,dyut#1
dyotita,dyut#1,,past,pass,caus,dyotita,dyut#1
dyotyamAna,dyut#1,,pres,pass,caus,dyotyamāna,dyut#1
dyotya,dyut#1,,fut,pass,caus,dyotya,dyut#1
dyotsyat,dyut#1,,fut,para,,dyotsyat,dyut#1
dyotsyamAna,dyut#1,,fut,atma,,dyotsyamāna,dyut#1
drakzyat,dfS#1,,fut,para,,drakṣyat,dṛś#1
drakzyamAna,dfS#1,,fut,atma,,drakṣyamāna,dṛś#1
dravat,dru#1,1,pres,para,,dravat,dru#1
dravamAna,dru#1,1,pres,atma,,dravamāna,dru#1
drazwavya,dfS#1,,fut,pass,,draṣṭavya,dṛś#1
drARa,drA#1,2,pres,atma,,drāṇa,drā#1
drARa,drA#2,2,pres,atma,,drāṇa,drā#2
drARIya,drA#1,,fut,pass,,drāṇīya,drā#1
drARIya,drA#2,,fut,pass,,drāṇīya,drā#2
drAtavya,drA#1,,fut,pass,,drātavya,drā#1
drAtavya,drA#2,,fut,pass,,drātavya,drā#2
drApaRIya,drA#1,,fut,pass,caus,drāpaṇīya,drā#1
drApayat,drA#1,,pres,para,caus,drāpayat,drā#1
drApayamAna,drA#1,,pres,atma,caus,drāpayamāna,drā#1
drApayitavya,drA#1,,fut,pass,caus,drāpayitavya,drā#1
drApayizyat,drA#1,,fut,para,caus,drāpayiṣyat,drā#1
drApayizyamAna,drA#1,,fut,atma,,drāpayiṣyamāna,drā#1
drApayizyamAna,drA#1,,fut,atma,caus,drāpayiṣyamāna,drā#1
drApitavat,drA#1,,past,active,caus,drāpitavat,drā#1
drApita,drA#1,,past,pass,caus,drāpita,drā#1
drApyamAna,drA#1,,pres,pass,caus,drāpyamāna,drā#1
drApya,drA#1,,fut,pass,caus,drāpya,drā#1
drAyat,drA#2,4,pres,para,,drāyat,drā#2
drAyamAna,drA#2,4,pres,atma,,drāyamāna,drā#2
drAraRIya,druh#1,,fut,pass,caus,drāraṇīya,druh#1
drArayat,druh#1,,pres,para,caus,drārayat,druh#1
drArayamAna,druh#1,,pres,atma,caus,drārayamāna,druh#1
drArayitavya,druh#1,,fut,pass,caus,drārayitavya,druh#1
drArayizyat,druh#1,,fut,para,caus,drārayiṣyat,druh#1
drArayizyamAna,druh#1,,fut,atma,,drārayiṣyamāna,druh#1
drArayizyamAna,druh#1,,fut,atma,caus,drārayiṣyamāna,druh#1
drAritavat,druh#1,,past,active,caus,drāritavat,druh#1
drArita,druh#1,,past,pass,caus,drārita,druh#1
drAryamAna,druh#1,,pres,pass,caus,drāryamāna,druh#1
drArya,druh#1,,fut,pass,caus,drārya,druh#1
drAvaRIya,dru#1,,fut,pass,caus,drāvaṇīya,dru#1
drAvayat,dru#1,,pres,para,caus,drāvayat,dru#1
drAvayamAna,dru#1,,pres,atma,caus,drāvayamāna,dru#1
drAvayizyat,dru#1,,fut,para,caus,drāvayiṣyat,dru#1
drAvayizyamAna,dru#1,,fut,atma,,drāvayiṣyamāna,dru#1
drAvayizyamAna,dru#1,,fut,atma,caus,drāvayiṣyamāna,dru#1
drAvitavat,dru#1,,past,active,caus,drāvitavat,dru#1
drAvita,dru#1,,past,pass,caus,drāvita,dru#1
drAvyamAna,dru#1,,pres,pass,caus,drāvyamāna,dru#1
drAvya,dru#1,,fut,pass,caus,drāvya,dru#1
drAsyat,drA#1,,fut,para,,drāsyat,drā#1
drAsyat,drA#2,,fut,para,,drāsyat,drā#2
drAsyamAna,drA#1,,fut,atma,,drāsyamāna,drā#1
drAsyamAna,drA#2,,fut,atma,,drāsyamāna,drā#2
drItavat,drA#1,,past,active,,drītavat,drā#1
drItavat,drA#2,,past,active,,drītavat,drā#2
drIta,drA#1,,past,pass,,drīta,drā#1
drIta,drA#2,,past,pass,,drīta,drā#2
drIyamAna,drA#1,,pres,pass,,drīyamāna,drā#1
drIyamAna,drA#2,,pres,pass,,drīyamāna,drā#2
drugDavat,druh#1,,past,active,,drugdhavat,druh#1
drugDa,druh#1,,past,pass,,drugdha,druh#1
drutavat,dru#1,,past,active,,drutavat,dru#1
druta,dru#1,,past,pass,,druta,dru#1
druhyat,druh#1,4,pres,para,,druhyat,druh#1
druhyamAna,druh#1,4,pres,atma,,druhyamāna,druh#1
druhyamAna,druh#1,,pres,pass,,druhyamāna,druh#1
drUQavat,druh#1,,past,active,,drūḍhavat,druh#1
drUQa,druh#1,,past,pass,,drūḍha,druh#1
dreya,drA#1,,fut,pass,,dreya,drā#1
dreya,drA#2,,fut,pass,,dreya,drā#2
drogDavya,druh#1,,fut,pass,,drogdhavya,druh#1
drozyat,dru#1,,fut,para,,droṣyat,dru#1
drozyamAna,dru#1,,fut,atma,,droṣyamāna,dru#1
drohaRIya,druh#1,,fut,pass,,drohaṇīya,druh#1
drohya,druh#1,,fut,pass,,drohya,druh#1
dvizat,dviz#1,2,pres,para,,dviṣat,dviṣ#1
dvizARa,dviz#1,2,pres,atma,,dviṣāṇa,dviṣ#1
dvizwavat,dviz#1,,past,active,,dviṣṭavat,dviṣ#1
dvizwa,dviz#1,,past,pass,,dviṣṭa,dviṣ#1
dvizyamAna,dviz#1,,pres,pass,,dviṣyamāna,dviṣ#1
dvekzyat,dviz#1,,fut,para,,dvekṣyat,dviṣ#1
dvekzyamAna,dviz#1,,fut,atma,,dvekṣyamāna,dviṣ#1
dvezaRIya,dviz#1,,fut,pass,,dveṣaṇīya,dviṣ#1
dvezwavya,dviz#1,,fut,pass,,dveṣṭavya,dviṣ#1
dvezya,dviz#1,,fut,pass,,dveṣya,dviṣ#1
Dakzyat,dah#1,,fut,para,,dhakṣyat,dah#1
DakzyamAna,dah#1,,fut,atma,,dhakṣyamāna,dah#1
Dapsyat,daB,,fut,para,,dhapsyat,dabh
DapsyamAna,daB,,fut,atma,,dhapsyamāna,dabh
Damat,Dam,1,pres,para,,dhamat,dham
DamanIya,Dam,,fut,pass,,dhamanīya,dham
DamamAna,Dam,1,pres,atma,,dhamamāna,dham
Damizyat,Dam,,fut,para,,dhamiṣyat,dham
DamizyamAna,Dam,,fut,atma,,dhamiṣyamāna,dham
DamyamAna,Dam,,pres,pass,,dhamyamāna,dham
Damya,Dam,,fut,pass,,dhamya,dham
Dayat,DA#2,4,pres,para,,dhayat,dhā#2
DayanIya,DI#1,,fut,pass,,dhayanīya,dhī#1
DayamAna,DA#2,4,pres,atma,,dhayamāna,dhā#2
DaraRIya,Df,,fut,pass,,dharaṇīya,dhṛ
Darat,Df,1,pres,para,,dharat,dhṛ
DaramAna,Df,1,pres,atma,,dharamāna,dhṛ
Darizyat,Df,,fut,para,,dhariṣyat,dhṛ
DarizyamAna,Df,,fut,atma,,dhariṣyamāna,dhṛ
Darkzyat,Dfz,,fut,para,,dharkṣyat,dhṛṣ
Darkzyat,dfh,,fut,para,,dharkṣyat,dṛh
DarkzyamAna,Dfz,,fut,atma,,dharkṣyamāna,dhṛṣ
DarkzyamAna,dfh,,fut,atma,,dharkṣyamāna,dṛh
Dartavya,Df,,fut,pass,,dhartavya,dhṛ
Darpsyat,dfB,,fut,para,,dharpsyat,dṛbh
DarpsyamAna,dfB,,fut,atma,,dharpsyamāna,dṛbh
DarzaRIya,Dfz,,fut,pass,,dharṣaṇīya,dhṛṣ
DarzaRIya,Dfz,,fut,pass,caus,dharṣaṇīya,dhṛṣ
Darzat,Dfz,1,pres,para,,dharṣat,dhṛṣ
DarzamAna,Dfz,1,pres,atma,,dharṣamāna,dhṛṣ
Darzayat,Dfz,,pres,para,caus,dharṣayat,dhṛṣ
DarzayamAna,Dfz,,pres,atma,caus,dharṣayamāna,dhṛṣ
Darzayitavya,Dfz,,fut,pass,caus,dharṣayitavya,dhṛṣ
Darzayizyat,Dfz,,fut,para,caus,dharṣayiṣyat,dhṛṣ
DarzayizyamAna,Dfz,,fut,atma,,dharṣayiṣyamāna,dhṛṣ
DarzayizyamAna,Dfz,,fut,atma,caus,dharṣayiṣyamāna,dhṛṣ
Darzitavat,Dfz,,past,active,caus,dharṣitavat,dhṛṣ
Darzita,Dfz,,past,pass,caus,dharṣita,dhṛṣ
Darzwavya,Dfz,,fut,pass,,dharṣṭavya,dhṛṣ
DarzyamAna,Dfz,,pres,pass,caus,dharṣyamāna,dhṛṣ
Darzya,Dfz,,fut,pass,caus,dharṣya,dhṛṣ
DavanIya,DU#1,,fut,pass,,dhavanīya,dhū#1
Davitavya,DU#1,,fut,pass,,dhavitavya,dhū#1
Davizyat,DU#1,,fut,para,,dhaviṣyat,dhū#1
DavizyamAna,DU#1,,fut,atma,,dhaviṣyamāna,dhū#1
DAtavya,DA#1,,fut,pass,,dhātavya,dhā#1
DAtavya,DA#2,,fut,pass,,dhātavya,dhā#2
DAnIya,DA#1,,fut,pass,,dhānīya,dhā#1
DAnIya,DA#2,,fut,pass,,dhānīya,dhā#2
DApanIya,DA#1,,fut,pass,caus,dhāpanīya,dhā#1
DApayat,DA#1,,pres,para,caus,dhāpayat,dhā#1
DApayamAna,DA#1,,pres,atma,caus,dhāpayamāna,dhā#1
DApayitavya,DA#1,,fut,pass,caus,dhāpayitavya,dhā#1
DApayizyat,DA#1,,fut,para,caus,dhāpayiṣyat,dhā#1
DApayizyamAna,DA#1,,fut,atma,,dhāpayiṣyamāna,dhā#1
DApayizyamAna,DA#1,,fut,atma,caus,dhāpayiṣyamāna,dhā#1
DApitavat,DA#1,,past,active,caus,dhāpitavat,dhā#1
DApita,DA#1,,past,pass,caus,dhāpita,dhā#1
DApyamAna,DA#1,,pres,pass,caus,dhāpyamāna,dhā#1
DApya,DA#1,,fut,pass,caus,dhāpya,dhā#1
DAraRIya,Df,,fut,pass,caus,dhāraṇīya,dhṛ
DArayat,Df,,pres,para,caus,dhārayat,dhṛ
DArayamAna,Df,,pres,atma,caus,dhārayamāna,dhṛ
DArayitavya,Df,,fut,pass,caus,dhārayitavya,dhṛ
DArayizyat,Df,,fut,para,caus,dhārayiṣyat,dhṛ
DArayizyamAna,Df,,fut,atma,,dhārayiṣyamāna,dhṛ
DArayizyamAna,Df,,fut,atma,caus,dhārayiṣyamāna,dhṛ
DAritavat,Df,,past,active,caus,dhāritavat,dhṛ
DArita,Df,,past,pass,caus,dhārita,dhṛ
DAryamAna,Df,,pres,pass,caus,dhāryamāna,dhṛ
DArya,Df,,fut,pass,,dhārya,dhṛ
DArya,Df,,fut,pass,caus,dhārya,dhṛ
DAvat,DAv#1,1,pres,para,,dhāvat,dhāv#1
DAvat,DAv#2,1,pres,para,,dhāvat,dhāv#2
DAvanIya,DAv#1,,fut,pass,,dhāvanīya,dhāv#1
DAvanIya,DAv#2,,fut,pass,,dhāvanīya,dhāv#2
DAvamAna,DAv#1,1,pres,atma,,dhāvamāna,dhāv#1
DAvamAna,DAv#2,1,pres,atma,,dhāvamāna,dhāv#2
DAvitavat,DAv#1,,past,active,,dhāvitavat,dhāv#1
DAvitavya,DAv#1,,fut,pass,,dhāvitavya,dhāv#1
DAvitavya,DAv#2,,fut,pass,,dhāvitavya,dhāv#2
DAvita,DAv#1,,past,pass,,dhāvita,dhāv#1
DAvizyat,DAv#1,,fut,para,,dhāviṣyat,dhāv#1
DAvizyat,DAv#2,,fut,para,,dhāviṣyat,dhāv#2
DAvizyamAna,DAv#1,,fut,atma,,dhāviṣyamāna,dhāv#1
DAvizyamAna,DAv#2,,fut,atma,,dhāviṣyamāna,dhāv#2
DAvyamAna,DAv#1,,pres,pass,,dhāvyamāna,dhāv#1
DAvyamAna,DAv#2,,pres,pass,,dhāvyamāna,dhāv#2
DAvya,DAv#1,,fut,pass,,dhāvya,dhāv#1
DAvya,DAv#2,,fut,pass,,dhāvya,dhāv#2
DAsyat,DA#1,,fut,para,,dhāsyat,dhā#1
DAsyat,DA#2,,fut,para,,dhāsyat,dhā#2
DAsyamAna,DA#1,,fut,atma,,dhāsyamāna,dhā#1
DAsyamAna,DA#2,,fut,atma,,dhāsyamāna,dhā#2
Ditsat,DA#1,,pres,para,desid,dhitsat,dhā#1
DitsanIya,DA#1,,fut,pass,desid,dhitsanīya,dhā#1
Ditsitavat,DA#1,,past,active,desid,dhitsitavat,dhā#1
Ditsita,DA#1,,past,pass,desid,dhitsita,dhā#1
DItavat,DI#1,,past,active,,dhītavat,dhī#1
DItavat,DA#2,,past,active,,dhītavat,dhā#2
DIta,DI#1,,past,pass,,dhīta,dhī#1
DIta,DA#2,,past,pass,,dhīta,dhā#2
DIyamAna,DI#1,4,pres,atma,,dhīyamāna,dhī#1
DIyamAna,DI#1,,pres,pass,,dhīyamāna,dhī#1
DIyamAna,DA#1,,pres,pass,,dhīyamāna,dhā#1
DIyamAna,DA#2,,pres,pass,,dhīyamāna,dhā#2
DIyamAna,DyA,,pres,pass,,dhīyamāna,dhyā
DIrayat,DIr,10,pres,para,,dhīrayat,dhīr
DIrayamAna,DIr,10,pres,atma,,dhīrayamāna,dhīr
DIrayitavya,DIr,,fut,pass,,dhīrayitavya,dhīr
DIrayizyat,DIr,,fut,para,,dhīrayiṣyat,dhīr
DIrayizyamAna,DIr,,fut,atma,,dhīrayiṣyamāna,dhīr
DIritavat,DIr,,past,active,,dhīritavat,dhīr
DIrita,DIr,,past,pass,,dhīrita,dhīr
DIryamAna,DIr,,pres,pass,,dhīryamāna,dhīr
DIrya,DIr,,fut,pass,,dhīrya,dhīr
Dutavat,DU#1,,past,active,,dhutavat,dhū#1
Duta,DU#1,,past,pass,,dhuta,dhū#1
Dunvat,DU#1,5,pres,para,,dhunvat,dhū#1
DunvAna,DU#1,5,pres,atma,,dhunvāna,dhū#1
DUtavat,DU#1,,past,active,,dhūtavat,dhū#1
DUta,DU#1,,past,pass,,dhūta,dhū#1
DUyamAna,DU#1,,pres,pass,,dhūyamāna,dhū#1
DUrtavat,Dvf,,past,active,,dhūrtavat,dhvṛ
DUrta,Dvf,,past,pass,,dhūrta,dhvṛ
Dftavat,Df,,past,active,,dhṛtavat,dhṛ
Dfta,Df,,past,pass,,dhṛta,dhṛ
Dfzwavat,Dfz,,past,active,,dhṛṣṭavat,dhṛṣ
Dfzwa,Dfz,,past,pass,,dhṛṣṭa,dhṛṣ
DfzRuvat,Dfz,5,pres,para,,dhṛṣṇuvat,dhṛṣ
DfzRvAna,Dfz,5,pres,atma,,dhṛṣṇvāna,dhṛṣ
DfzyamAna,Dfz,,pres,pass,,dhṛṣyamāna,dhṛṣ
Dfzya,Dfz,,fut,pass,,dhṛṣya,dhṛṣ
Dekzyat,dih,,fut,para,,dhekṣyat,dih
DekzyamAna,dih,,fut,atma,,dhekṣyamāna,dih
Detavya,DI#1,,fut,pass,,dhetavya,dhī#1
Deya,DA#1,,fut,pass,,dheya,dhā#1
Deya,DA#2,,fut,pass,,dheya,dhā#2
Deya,DI#1,,fut,pass,,dheya,dhī#1
DeraRIya,DIr,,fut,pass,,dheraṇīya,dhīr
DezyamAna,DI#1,,fut,atma,,dheṣyamāna,dhī#1
Dokzyat,duh#1,,fut,para,,dhokṣyat,duh#1
DokzyamAna,duh#1,,fut,atma,,dhokṣyamāna,duh#1
Doya,DU#1,,fut,pass,,dhoya,dhū#1
DOtavat,DAv#2,,past,active,,dhautavat,dhāv#2
DOta,DAv#2,,past,pass,,dhauta,dhāv#2
DmAtavat,Dam,,past,active,,dhmātavat,dham
DmAtavya,Dam,,fut,pass,,dhmātavya,dham
DmAta,Dam,,past,pass,,dhmāta,dham
DyAtavat,DyA,,past,active,,dhyātavat,dhyā
DyAtavya,DyA,,fut,pass,,dhyātavya,dhyā
DyAta,DyA,,past,pass,,dhyāta,dhyā
DyAna,DyA,2,pres,atma,,dhyāna,dhyā
DyAnIya,DyA,,fut,pass,,dhyānīya,dhyā
DyAyat,DyA,1,pres,para,,dhyāyat,dhyā
DyAyamAna,DyA,1,pres,atma,,dhyāyamāna,dhyā
DyAsyat,DyA,,fut,para,,dhyāsyat,dhyā
DyAsyamAna,DyA,,fut,atma,,dhyāsyamāna,dhyā
Dyeya,DyA,,fut,pass,,dhyeya,dhyā
DravaRIya,Dru,,fut,pass,,dhravaṇīya,dhru
DriyamAna,Df,,pres,pass,,dhriyamāna,dhṛ
Drutavat,Dru,,past,active,,dhrutavat,dhru
Druta,Dru,,past,pass,,dhruta,dhru
Druvat,Dru,6,pres,para,,dhruvat,dhru
DruvamAna,Dru,6,pres,atma,,dhruvamāna,dhru
DrUyamAna,Dru,,pres,pass,,dhrūyamāna,dhru
Drokzyat,druh#1,,fut,para,,dhrokṣyat,druh#1
DrokzyamAna,druh#1,,fut,atma,,dhrokṣyamāna,druh#1
Drotavya,Dru,,fut,pass,,dhrotavya,dhru
Droya,Dru,,fut,pass,,dhroya,dhru
Drozyat,Dru,,fut,para,,dhroṣyat,dhru
DrozyamAna,Dru,,fut,atma,,dhroṣyamāna,dhru
DvaMsat,DvaMs,1,pres,para,,dhvaṃsat,dhvaṃs
DvaMsanIya,DvaMs,,fut,pass,,dhvaṃsanīya,dhvaṃs
DvaMsanIya,DvaMs,,fut,pass,caus,dhvaṃsanīya,dhvaṃs
DvaMsamAna,DvaMs,1,pres,atma,,dhvaṃsamāna,dhvaṃs
DvaMsayat,DvaMs,,pres,para,caus,dhvaṃsayat,dhvaṃs
DvaMsayamAna,DvaMs,,pres,atma,caus,dhvaṃsayamāna,dhvaṃs
DvaMsayitavya,DvaMs,,fut,pass,caus,dhvaṃsayitavya,dhvaṃs
DvaMsayizyat,DvaMs,,fut,para,caus,dhvaṃsayiṣyat,dhvaṃs
DvaMsayizyamAna,DvaMs,,fut,atma,,dhvaṃsayiṣyamāna,dhvaṃs
DvaMsayizyamAna,DvaMs,,fut,atma,caus,dhvaṃsayiṣyamāna,dhvaṃs
DvaMsitavat,DvaMs,,past,active,caus,dhvaṃsitavat,dhvaṃs
DvaMsitavya,DvaMs,,fut,pass,,dhvaṃsitavya,dhvaṃs
DvaMsita,DvaMs,,past,pass,caus,dhvaṃsita,dhvaṃs
DvaMsizyat,DvaMs,,fut,para,,dhvaṃsiṣyat,dhvaṃs
DvaMsizyamAna,DvaMs,,fut,atma,,dhvaṃsiṣyamāna,dhvaṃs
DvaMsyamAna,DvaMs,,pres,pass,caus,dhvaṃsyamāna,dhvaṃs
DvaMsya,DvaMs,,fut,pass,,dhvaṃsya,dhvaṃs
DvaMsya,DvaMs,,fut,pass,caus,dhvaṃsya,dhvaṃs
Dvanat,Dvan,1,pres,para,,dhvanat,dhvan
DvananIya,Dvan,,fut,pass,,dhvananīya,dhvan
DvanamAna,Dvan,1,pres,atma,,dhvanamāna,dhvan
Dvanayat,Dvan,,pres,para,caus,dhvanayat,dhvan
DvanayamAna,Dvan,,pres,atma,caus,dhvanayamāna,dhvan
Dvanayitavya,Dvan,,fut,pass,caus,dhvanayitavya,dhvan
Dvanayizyat,Dvan,,fut,para,caus,dhvanayiṣyat,dhvan
DvanayizyamAna,Dvan,,fut,atma,,dhvanayiṣyamāna,dhvan
DvanayizyamAna,Dvan,,fut,atma,caus,dhvanayiṣyamāna,dhvan
Dvanitavat,Dvan,,past,active,,dhvanitavat,dhvan
Dvanitavya,Dvan,,fut,pass,,dhvanitavya,dhvan
Dvanita,Dvan,,past,pass,,dhvanita,dhvan
Dvanizyat,Dvan,,fut,para,,dhvaniṣyat,dhvan
DvanizyamAna,Dvan,,fut,atma,,dhvaniṣyamāna,dhvan
DvanyamAna,Dvan,,pres,pass,,dhvanyamāna,dhvan
Dvanya,Dvan,,fut,pass,,dhvanya,dhvan
DvaraRIya,Dvf,,fut,pass,,dhvaraṇīya,dhvṛ
Dvarat,Dvf,1,pres,para,,dhvarat,dhvṛ
DvaramAna,Dvf,1,pres,atma,,dhvaramāna,dhvṛ
Dvarizyat,Dvf,,fut,para,,dhvariṣyat,dhvṛ
DvarizyamAna,Dvf,,fut,atma,,dhvariṣyamāna,dhvṛ
Dvartavya,Dvf,,fut,pass,,dhvartavya,dhvṛ
DvaryamAna,Dvf,,pres,pass,,dhvaryamāna,dhvṛ
Dvarya,Dvf,,fut,pass,,dhvarya,dhvṛ
Dvastavat,DvaMs,,past,active,,dhvastavat,dhvaṃs
Dvasta,DvaMs,,past,pass,,dhvasta,dhvaṃs
DvasyamAna,DvaMs,,pres,pass,,dhvasyamāna,dhvaṃs
DvANkzaRIya,DvANkz,,fut,pass,,dhvāṅkṣaṇīya,dhvāṅkṣ
DvANkzat,DvANkz,1,pres,para,,dhvāṅkṣat,dhvāṅkṣ
DvANkzamAna,DvANkz,1,pres,atma,,dhvāṅkṣamāna,dhvāṅkṣ
DvANkzitavat,DvANkz,,past,active,,dhvāṅkṣitavat,dhvāṅkṣ
DvANkzita,DvANkz,,past,pass,,dhvāṅkṣita,dhvāṅkṣ
DvANkzyat,DvANkz,,fut,para,,dhvāṅkṣyat,dhvāṅkṣ
DvANkzyamAna,DvANkz,,fut,atma,,dhvāṅkṣyamāna,dhvāṅkṣ
DvANkzyamAna,DvANkz,,pres,pass,,dhvāṅkṣyamāna,dhvāṅkṣ
DvANkzya,DvANkz,,fut,pass,,dhvāṅkṣya,dhvāṅkṣ
DvANzwavya,DvANkz,,fut,pass,,dhvāṅṣṭavya,dhvāṅkṣ
DvAnanIya,Dvan,,fut,pass,caus,dhvānanīya,dhvan
DvAnitavat,Dvan,,past,active,caus,dhvānitavat,dhvan
DvAnita,Dvan,,past,pass,caus,dhvānita,dhvan
DvAntavat,Dvan,,past,active,,dhvāntavat,dhvan
DvAnta,Dvan,,past,pass,,dhvānta,dhvan
DvAnyamAna,Dvan,,pres,pass,caus,dhvānyamāna,dhvan
DvAnya,Dvan,,fut,pass,caus,dhvānya,dhvan
DvAraRIya,Dvf,,fut,pass,caus,dhvāraṇīya,dhvṛ
DvArayat,Dvf,,pres,para,caus,dhvārayat,dhvṛ
DvArayamAna,Dvf,,pres,atma,caus,dhvārayamāna,dhvṛ
DvArayitavya,Dvf,,fut,pass,caus,dhvārayitavya,dhvṛ
DvArayizyat,Dvf,,fut,para,caus,dhvārayiṣyat,dhvṛ
DvArayizyamAna,Dvf,,fut,atma,,dhvārayiṣyamāna,dhvṛ
DvArayizyamAna,Dvf,,fut,atma,caus,dhvārayiṣyamāna,dhvṛ
DvAritavat,Dvf,,past,active,caus,dhvāritavat,dhvṛ
DvArita,Dvf,,past,pass,caus,dhvārita,dhvṛ
DvAryamAna,Dvf,,pres,pass,caus,dhvāryamāna,dhvṛ
DvArya,Dvf,,fut,pass,caus,dhvārya,dhvṛ
naMsyat,nam,,fut,para,,naṃsyat,nam
naMsyamAna,nam,,fut,atma,,naṃsyamāna,nam
nakzyat,naS#1,,fut,para,,nakṣyat,naś#1
nakzyamAna,naS#1,,fut,atma,,nakṣyamāna,naś#1
natavat,nam,,past,active,,natavat,nam
nata,nam,,past,pass,,nata,nam
nattavya,nad,,fut,pass,,nattavya,nad
natsyat,nad,,fut,para,,natsyat,nad
natsyat,nah,,fut,para,,natsyat,nah
natsyamAna,nad,,fut,atma,,natsyamāna,nad
natsyamAna,nah,,fut,atma,,natsyamāna,nah
nadat,nad,1,pres,para,,nadat,nad
nadanIya,nad,,fut,pass,,nadanīya,nad
nadamAna,nad,1,pres,atma,,nadamāna,nad
naditavat,nad,,past,active,,naditavat,nad
nadita,nad,,past,pass,,nadita,nad
nadDavat,nah,,past,active,,naddhavat,nah
nadDavya,nah,,fut,pass,,naddhavya,nah
nadDa,nah,,past,pass,,naddha,nah
nadyamAna,nad,,pres,pass,,nadyamāna,nad
nadya,nad,,fut,pass,,nadya,nad
nanATAna,nAT,,perf,atma,,nanāthāna,nāth
nanATvas,nAT,,perf,para,,nanāthvas,nāth
nanftAna,nft,,perf,atma,,nanṛtāna,nṛt
nanftvas,nft,,perf,para,,nanṛtvas,nṛt
nanenikzvas,nij,,perf,para,desid,nanenikṣvas,nij
nantavya,nam,,fut,pass,,nantavya,nam
nanttavya,nand,,fut,pass,,nanttavya,nand
nantsyat,nand,,fut,para,,nantsyat,nand
nantsyamAna,nand,,fut,atma,,nantsyamāna,nand
nandat,nand,1,pres,para,,nandat,nand
nandanIya,nand,,fut,pass,,nandanīya,nand
nandanIya,nand,,fut,pass,caus,nandanīya,nand
nandamAna,nand,1,pres,atma,,nandamāna,nand
nandayat,nand,,pres,para,caus,nandayat,nand
nandayamAna,nand,,pres,atma,caus,nandayamāna,nand
nandayitavya,nand,,fut,pass,caus,nandayitavya,nand
nandayizyat,nand,,fut,para,caus,nandayiṣyat,nand
nandayizyamAna,nand,,fut,atma,,nandayiṣyamāna,nand
nandayizyamAna,nand,,fut,atma,caus,nandayiṣyamāna,nand
nanditavat,nand,,past,active,,nanditavat,nand
nanditavat,nand,,past,active,caus,nanditavat,nand
nandita,nand,,past,pass,,nandita,nand
nandita,nand,,past,pass,caus,nandita,nand
nandyamAna,nand,,pres,pass,,nandyamāna,nand
nandyamAna,nand,,pres,pass,caus,nandyamāna,nand
nandya,nand,,fut,pass,,nandya,nand
nandya,nand,,fut,pass,caus,nandya,nand
namat,nam,1,pres,para,,namat,nam
namanIya,nam,,fut,pass,,namanīya,nam
namamAna,nam,1,pres,atma,,namamāna,nam
namasanIya,namas#2,,fut,pass,,namasanīya,namas#2
namastavat,namas#2,,past,active,,namastavat,namas#2
namasta,namas#2,,past,pass,,namasta,namas#2
namasyat,namas#2,10,pres,para,,namasyat,namas#2
namasyamAna,namas#2,10,pres,atma,,namasyamāna,namas#2
namasya,namas#2,,fut,pass,,namasya,namas#2
namasyitavya,namas#2,,fut,pass,,namasyitavya,namas#2
namasyizyat,namas#2,,fut,para,,namasyiṣyat,namas#2
namasyizyamAna,namas#2,,fut,atma,,namasyiṣyamāna,namas#2
namitavya,nam,,fut,pass,,namitavya,nam
namizyat,nam,,fut,para,,namiṣyat,nam
namizyamAna,nam,,fut,atma,,namiṣyamāna,nam
namyamAna,nam,,pres,pass,,namyamāna,nam
namya,nam,,fut,pass,,namya,nam
nayat,nI#1,1,pres,para,,nayat,nī#1
nayanIya,nI#1,,fut,pass,,nayanīya,nī#1
nayamAna,nI#1,1,pres,atma,,nayamāna,nī#1
nayitavya,nI#1,,fut,pass,,nayitavya,nī#1
nayizyat,nI#1,,fut,para,,nayiṣyat,nī#1
nayizyamAna,nI#1,,fut,atma,,nayiṣyamāna,nī#1
narInftyamAna,nft,,pres,atma,intens,narīnṛtyamāna,nṛt
nartanIya,nft,,fut,pass,,nartanīya,nṛt
nartanIya,nft,,fut,pass,caus,nartanīya,nṛt
nartayat,nft,,pres,para,caus,nartayat,nṛt
nartayamAna,nft,,pres,atma,caus,nartayamāna,nṛt
nartayitavya,nft,,fut,pass,caus,nartayitavya,nṛt
nartayizyat,nft,,fut,para,caus,nartayiṣyat,nṛt
nartayizyamAna,nft,,fut,atma,,nartayiṣyamāna,nṛt
nartayizyamAna,nft,,fut,atma,caus,nartayiṣyamāna,nṛt
nartitavat,nft,,past,active,caus,nartitavat,nṛt
nartitavya,nft,,fut,pass,,nartitavya,nṛt
nartita,nft,,past,pass,caus,nartita,nṛt
nartizyat,nft,,fut,para,,nartiṣyat,nṛt
nartizyamAna,nft,,fut,atma,,nartiṣyamāna,nṛt
narttavya,nft,,fut,pass,,narttavya,nṛt
nartyamAna,nft,,pres,pass,caus,nartyamāna,nṛt
nartya,nft,,fut,pass,caus,nartya,nṛt
nartsyat,nft,,fut,para,,nartsyat,nṛt
nartsyamAna,nft,,fut,atma,,nartsyamāna,nṛt
navanIya,nu#1,,fut,pass,,navanīya,nu#1
navitavya,nu#1,,fut,pass,,navitavya,nu#1
navizyat,nu#1,,fut,para,,naviṣyat,nu#1
navizyamAna,nu#1,,fut,atma,,naviṣyamāna,nu#1
naSanIya,naS#1,,fut,pass,,naśanīya,naś#1
naSyat,naS#1,4,pres,para,,naśyat,naś#1
naSyamAna,naS#1,4,pres,atma,,naśyamāna,naś#1
naSyamAna,naS#1,,pres,pass,,naśyamāna,naś#1
naSya,naS#1,,fut,pass,,naśya,naś#1
nazwavat,naS#1,,past,active,,naṣṭavat,naś#1
nazwavya,naS#1,,fut,pass,,naṣṭavya,naś#1
nazwa,naS#1,,past,pass,,naṣṭa,naś#1
nahanIya,nah,,fut,pass,,nahanīya,nah
nahyat,nah,4,pres,para,,nahyat,nah
nahyamAna,nah,4,pres,atma,,nahyamāna,nah
nahyamAna,nah,,pres,pass,,nahyamāna,nah
nahya,nah,,fut,pass,,nahya,nah
nAtTavat,nAT,,past,active,,nātthavat,nāth
nAtTavya,nAT,,fut,pass,,nātthavya,nāth
nAtTa,nAT,,past,pass,,nāttha,nāth
nAtsyat,nAT,,fut,para,,nātsyat,nāth
nAtsyamAna,nAT,,fut,atma,,nātsyamāna,nāth
nATat,nAT,1,pres,para,,nāthat,nāth
nATanIya,nAT,,fut,pass,,nāthanīya,nāth
nATamAna,nAT,1,pres,atma,,nāthamāna,nāth
nATyamAna,nAT,,pres,pass,,nāthyamāna,nāth
nATya,nAT,,fut,pass,,nāthya,nāth
nAdanIya,nad,,fut,pass,caus,nādanīya,nad
nAdayat,nad,,pres,para,caus,nādayat,nad
nAdayamAna,nad,,pres,atma,caus,nādayamāna,nad
nAdayitavya,nad,,fut,pass,caus,nādayitavya,nad
nAdayizyat,nad,,fut,para,caus,nādayiṣyat,nad
nAdayizyamAna,nad,,fut,atma,,nādayiṣyamāna,nad
nAdayizyamAna,nad,,fut,atma,caus,nādayiṣyamāna,nad
nAditavat,nad,,past,active,caus,nāditavat,nad
nAdita,nad,,past,pass,caus,nādita,nad
nAdyamAna,nad,,pres,pass,caus,nādyamāna,nad
nAdya,nad,,fut,pass,caus,nādya,nad
nAmanIya,nam,,fut,pass,caus,nāmanīya,nam
nAmayat,nam,,pres,para,caus,nāmayat,nam
nAmayamAna,nam,,pres,atma,caus,nāmayamāna,nam
nAmayitavya,nam,,fut,pass,caus,nāmayitavya,nam
nAmayizyat,nam,,fut,para,caus,nāmayiṣyat,nam
nAmayizyamAna,nam,,fut,atma,,nāmayiṣyamāna,nam
nAmayizyamAna,nam,,fut,atma,caus,nāmayiṣyamāna,nam
nAmitavat,nam,,past,active,caus,nāmitavat,nam
nAmita,nam,,past,pass,caus,nāmita,nam
nAmyamAna,nam,,pres,pass,caus,nāmyamāna,nam
nAmya,nam,,fut,pass,caus,nāmya,nam
nAyanIya,nI#1,,fut,pass,caus,nāyanīya,nī#1
nAyayat,nI#1,,pres,para,caus,nāyayat,nī#1
nAyayamAna,nI#1,,pres,atma,caus,nāyayamāna,nī#1
nAyitavat,nI#1,,past,active,caus,nāyitavat,nī#1
nAyitavya,nI#1,,fut,pass,caus,nāyitavya,nī#1
nAyita,nI#1,,past,pass,caus,nāyita,nī#1
nAyizyat,nI#1,,fut,para,caus,nāyiṣyat,nī#1
nAyizyamAna,nI#1,,fut,atma,,nāyiṣyamāna,nī#1
nAyizyamAna,nI#1,,fut,atma,caus,nāyiṣyamāna,nī#1
nAyyamAna,nI#1,,pres,pass,caus,nāyyamāna,nī#1
nAyya,nI#1,,fut,pass,caus,nāyya,nī#1
nASanIya,naS#1,,fut,pass,caus,nāśanīya,naś#1
nASayat,naS#1,,pres,para,caus,nāśayat,naś#1
nASayamAna,naS#1,,pres,atma,caus,nāśayamāna,naś#1
nASayitavya,naS#1,,fut,pass,caus,nāśayitavya,naś#1
nASayizyat,naS#1,,fut,para,caus,nāśayiṣyat,naś#1
nASayizyamAna,naS#1,,fut,atma,,nāśayiṣyamāna,naś#1
nASayizyamAna,naS#1,,fut,atma,caus,nāśayiṣyamāna,naś#1
nASitavat,naS#1,,past,active,caus,nāśitavat,naś#1
nASita,naS#1,,past,pass,caus,nāśita,naś#1
nASyamAna,naS#1,,pres,pass,caus,nāśyamāna,naś#1
nASya,naS#1,,fut,pass,caus,nāśya,naś#1
nikazARIya,nikazA#2,,fut,pass,,nikaṣāṇīya,nikaṣā#2
nikazAyat,nikazA#2,10,pres,para,,nikaṣāyat,nikaṣā#2
nikazAyamAna,nikazA#2,10,pres,atma,,nikaṣāyamāna,nikaṣā#2
nikazAyitavya,nikazA#2,,fut,pass,,nikaṣāyitavya,nikaṣā#2
nikazAyizyat,nikazA#2,,fut,para,,nikaṣāyiṣyat,nikaṣā#2
nikazAyizyamAna,nikazA#2,,fut,atma,,nikaṣāyiṣyamāna,nikaṣā#2
nikazItavat,nikazA#2,,past,active,,nikaṣītavat,nikaṣā#2
nikazIta,nikazA#2,,past,pass,,nikaṣīta,nikaṣā#2
nikazeya,nikazA#2,,fut,pass,,nikaṣeya,nikaṣā#2
nikazEyamAna,nikazA#2,,pres,pass,,nikaṣaiyamāna,nikaṣā#2
niktavat,nij,,past,active,,niktavat,nij
nikta,nij,,past,pass,,nikta,nij
nijAna,nij,2,pres,atma,,nijāna,nij
nijyamAna,nij,,pres,pass,,nijyamāna,nij
ninikazARa,nikazA#2,,perf,atma,,ninikaṣāṇa,nikaṣā#2
ninikazvas,nikazA#2,,perf,para,,ninikaṣvas,nikaṣā#2
ninijAna,nij,,perf,atma,,ninijāna,nij
nininIzARa,nI#1,,perf,atma,desid,nininīṣāṇa,nī#1
nininIzvas,nI#1,,perf,para,desid,nininīṣvas,nī#1
ninindAna,nind,,perf,atma,,ninindāna,nind
ninindvas,nind,,perf,para,,ninindvas,nind
ninIvas,nI#1,,perf,para,,ninīvas,nī#1
ninIzaRIya,nI#1,,fut,pass,desid,ninīṣaṇīya,nī#1
ninIzat,nI#1,,pres,para,desid,ninīṣat,nī#1
ninIzamAna,nI#1,,pres,atma,desid,ninīṣamāna,nī#1
ninIzitavat,nI#1,,past,active,desid,ninīṣitavat,nī#1
ninIzita,nI#1,,past,pass,desid,ninīṣita,nī#1
ninIhArARa,nIhAr,,perf,atma,,ninīhārāṇa,nīhār
ninIhArvas,nIhAr,,perf,para,,ninīhārvas,nīhār
nindat,nind,1,pres,para,,nindat,nind
nindamAna,nind,1,pres,atma,,nindamāna,nind
ninditavat,nind,,past,active,,ninditavat,nind
nindita,nind,,past,pass,,nindita,nind
nindyamAna,nind,,pres,pass,,nindyamāna,nind
ninyAna,nI#1,,perf,atma,,ninyāna,nī#1
nItavat,nI#1,,past,active,,nītavat,nī#1
nIta,nI#1,,past,pass,,nīta,nī#1
nIyamAna,nI#1,,pres,pass,,nīyamāna,nī#1
nIhAraRIya,nIhAr,,fut,pass,,nīhāraṇīya,nīhār
nIhArayizyat,nIhAr,,fut,para,,nīhārayiṣyat,nīhār
nIhArayizyamAna,nIhAr,,fut,atma,,nīhārayiṣyamāna,nīhār
nIhArAyat,nIhAr,10,pres,para,,nīhārāyat,nīhār
nIhArAyamAna,nIhAr,10,pres,atma,,nīhārāyamāna,nīhār
nIhArAyitavya,nIhAr,,fut,pass,,nīhārāyitavya,nīhār
nIhArtavat,nIhAr,,past,active,,nīhārtavat,nīhār
nIhArta,nIhAr,,past,pass,,nīhārta,nīhār
nIhAryamAna,nIhAr,,pres,pass,,nīhāryamāna,nīhār
nIhArya,nIhAr,,fut,pass,,nīhārya,nīhār
nutavat,nu#1,,past,active,,nutavat,nu#1
nuta,nu#1,,past,pass,,nuta,nu#1
nuttavat,nud,,past,active,,nuttavat,nud
nutta,nud,,past,pass,,nutta,nud
nudat,nud,6,pres,para,,nudat,nud
nudamAna,nud,6,pres,atma,,nudamāna,nud
nuditavat,nud,,past,active,,nuditavat,nud
nudita,nud,,past,pass,,nudita,nud
nudyamAna,nud,,pres,pass,,nudyamāna,nud
nunudAna,nud,,perf,atma,,nunudāna,nud
nunudvas,nud,,perf,para,,nunudvas,nud
nunuvas,nu#1,,perf,para,,nunuvas,nu#1
nunnavat,nud,,past,active,,nunnavat,nud
nunna,nud,,past,pass,,nunna,nud
nunvAna,nu#1,,perf,atma,,nunvāna,nu#1
nuvat,nu#1,2,pres,para,,nuvat,nu#1
nuvAna,nu#1,2,pres,atma,,nuvāna,nu#1
nUyamAna,nu#1,,pres,pass,,nūyamāna,nu#1
nfttavat,nft,,past,active,,nṛttavat,nṛt
nftta,nft,,past,pass,,nṛtta,nṛt
nftyat,nft,4,pres,para,,nṛtyat,nṛt
nftyamAna,nft,4,pres,atma,,nṛtyamāna,nṛt
nftyamAna,nft,,pres,pass,,nṛtyamāna,nṛt
nftya,nft,,fut,pass,,nṛtya,nṛt
nektavya,nij,,fut,pass,,nektavya,nij
nekzyat,nij,,fut,para,,nekṣyat,nij
nekzyamAna,nij,,fut,atma,,nekṣyamāna,nij
nejanIya,nij,,fut,pass,,nejanīya,nij
nejanIya,nij,,fut,pass,caus,nejanīya,nij
nejayat,nij,,pres,para,caus,nejayat,nij
nejayamAna,nij,,pres,atma,caus,nejayamāna,nij
nejayitavya,nij,,fut,pass,caus,nejayitavya,nij
nejayizyat,nij,,fut,para,caus,nejayiṣyat,nij
nejayizyamAna,nij,,fut,atma,,nejayiṣyamāna,nij
nejayizyamAna,nij,,fut,atma,caus,nejayiṣyamāna,nij
nejitavat,nij,,past,active,caus,nejitavat,nij
nejita,nij,,past,pass,caus,nejita,nij
nejyamAna,nij,,pres,pass,caus,nejyamāna,nij
nejya,nij,,fut,pass,,nejya,nij
nejya,nij,,fut,pass,caus,nejya,nij
netavya,nI#1,,fut,pass,,netavya,nī#1
nedAna,nad,,perf,atma,,nedāna,nad
nedivas,nad,,perf,para,,nedivas,nad
nednAna,nand,,perf,atma,,nednāna,nand
nednivas,nand,,perf,para,,nednivas,nand
nenikzaRIya,nij,,fut,pass,desid,nenikṣaṇīya,nij
nenikzat,nij,,pres,para,desid,nenikṣat,nij
nenikzitavat,nij,,past,active,desid,nenikṣitavat,nij
nenikzita,nij,,past,pass,desid,nenikṣita,nij
nenijat,nij,,pres,para,intens,nenijat,nij
nenIyamAna,nI#1,,pres,atma,intens,nenīyamāna,nī#1
nenttavya,nind,,fut,pass,,nenttavya,nind
nentsyat,nind,,fut,para,,nentsyat,nind
nentsyamAna,nind,,fut,atma,,nentsyamāna,nind
nendanIya,nind,,fut,pass,,nendanīya,nind
nendya,nind,,fut,pass,,nendya,nind
nemAna,nam,,perf,atma,,nemāna,nam
nemivas,nam,,perf,para,,nemivas,nam
neya,nI#1,,fut,pass,,neya,nī#1
neSAna,naS#1,,perf,atma,,neśāna,naś#1
neSivas,naS#1,,perf,para,,neśivas,naś#1
nezaRvas,namas#2,,perf,para,,neṣaṇvas,namas#2
nezamARa,namas#2,,perf,atma,,neṣamāṇa,namas#2
nezyat,nI#1,,fut,para,,neṣyat,nī#1
nezyamAna,nI#1,,fut,atma,,neṣyamāna,nī#1
nehAna,nah,,perf,atma,,nehāna,nah
nehivas,nah,,perf,para,,nehivas,nah
nottavya,nud,,fut,pass,,nottavya,nud
notsyat,nud,,fut,para,,notsyat,nud
notsyamAna,nud,,fut,atma,,notsyamāna,nud
nodanIya,nud,,fut,pass,,nodanīya,nud
nodanIya,nud,,fut,pass,caus,nodanīya,nud
nodayat,nud,,pres,para,caus,nodayat,nud
nodayamAna,nud,,pres,atma,caus,nodayamāna,nud
nodayitavya,nud,,fut,pass,caus,nodayitavya,nud
nodayizyat,nud,,fut,para,caus,nodayiṣyat,nud
nodayizyamAna,nud,,fut,atma,,nodayiṣyamāna,nud
nodayizyamAna,nud,,fut,atma,caus,nodayiṣyamāna,nud
noditavat,nud,,past,active,caus,noditavat,nud
nodita,nud,,past,pass,caus,nodita,nud
nodyamAna,nud,,pres,pass,caus,nodyamāna,nud
nodya,nud,,fut,pass,,nodya,nud
nodya,nud,,fut,pass,caus,nodya,nud
noya,nu#1,,fut,pass,,noya,nu#1
paktavya,pac,,fut,pass,,paktavya,pac
pakvavat,pac,,past,active,,pakvavat,pac
pakva,pac,,past,pass,,pakva,pac
pakzyat,pac,,fut,para,,pakṣyat,pac
pakzyamAna,pac,,fut,atma,,pakṣyamāna,pac
pacat,pac,1,pres,para,,pacat,pac
pacanIya,pac,,fut,pass,,pacanīya,pac
pacamAna,pac,1,pres,atma,,pacamāna,pac
pacyat,pac,4,pres,para,,pacyat,pac
pacyamAna,pac,4,pres,atma,,pacyamāna,pac
pacyamAna,pac,,pres,pass,,pacyamāna,pac
pacya,pac,,fut,pass,,pacya,pac
pawat,paw,1,pres,para,,paṭat,paṭ
pawanIya,paw,,fut,pass,,paṭanīya,paṭ
pawamAna,paw,1,pres,atma,,paṭamāna,paṭ
pawwavat,paw,,past,active,,paṭṭavat,paṭ
pawwavya,paw,,fut,pass,,paṭṭavya,paṭ
pawwa,paw,,past,pass,,paṭṭa,paṭ
pawyamAna,paw,,pres,pass,,paṭyamāna,paṭ
pawya,paw,,fut,pass,,paṭya,paṭ
pawsyat,paw,,fut,para,,paṭsyat,paṭ
pawsyamAna,paw,,fut,atma,,paṭsyamāna,paṭ
paWat,paW,1,pres,para,,paṭhat,paṭh
paWanIya,paW,,fut,pass,,paṭhanīya,paṭh
paWamAna,paW,1,pres,atma,,paṭhamāna,paṭh
paWitavat,paW,,past,active,,paṭhitavat,paṭh
paWitavya,paW,,fut,pass,,paṭhitavya,paṭh
paWita,paW,,past,pass,,paṭhita,paṭh
paWizyat,paW,,fut,para,,paṭhiṣyat,paṭh
paWizyamAna,paW,,fut,atma,,paṭhiṣyamāna,paṭh
paWyamAna,paW,,pres,pass,,paṭhyamāna,paṭh
paWya,paW,,fut,pass,,paṭhya,paṭh
paRat,paR,1,pres,para,,paṇat,paṇ
paRanIya,paR,,fut,pass,,paṇanīya,paṇ
paRanIya,paR,,fut,pass,caus,paṇanīya,paṇ
paRamAna,paR,1,pres,atma,,paṇamāna,paṇ
paRayat,paR,,pres,para,caus,paṇayat,paṇ
paRayamAna,paR,,pres,atma,caus,paṇayamāna,paṇ
paRayitavya,paR,,fut,pass,caus,paṇayitavya,paṇ
paRayizyat,paR,,fut,para,caus,paṇayiṣyat,paṇ
paRayizyamAna,paR,,fut,atma,,paṇayiṣyamāna,paṇ
paRayizyamAna,paR,,fut,atma,caus,paṇayiṣyamāna,paṇ
paRitavat,paR,,past,active,,paṇitavat,paṇ
paRitavat,paR,,past,active,caus,paṇitavat,paṇ
paRita,paR,,past,pass,,paṇita,paṇ
paRita,paR,,past,pass,caus,paṇita,paṇ
paRtavya,paR,,fut,pass,,paṇtavya,paṇ
paRyamAna,paR,,pres,pass,,paṇyamāna,paṇ
paRyamAna,paR,,pres,pass,caus,paṇyamāna,paṇ
paRya,paR,,fut,pass,,paṇya,paṇ
paRya,paR,,fut,pass,caus,paṇya,paṇ
paRsyat,paR,,fut,para,,paṇsyat,paṇ
paRsyamAna,paR,,fut,atma,,paṇsyamāna,paṇ
patat,pat#1,1,pres,para,,patat,pat#1
patanIya,pat#1,,fut,pass,,patanīya,pat#1
patanIya,pat#2,,fut,pass,,patanīya,pat#2
patamAna,pat#1,1,pres,atma,,patamāna,pat#1
patitavat,pat#1,,past,active,,patitavat,pat#1
patita,pat#1,,past,pass,,patita,pat#1
pattavat,pat#2,,past,active,,pattavat,pat#2
pattavya,pat#1,,fut,pass,,pattavya,pat#1
pattavya,pat#2,,fut,pass,,pattavya,pat#2
pattavya,pad#1,,fut,pass,,pattavya,pad#1
patta,pat#2,,past,pass,,patta,pat#2
patTavat,paT,,past,active,,patthavat,path
patTavya,paT,,fut,pass,,patthavya,path
patTa,paT,,past,pass,,pattha,path
patyat,pat#2,4,pres,para,,patyat,pat#2
patyamAna,pat#1,,pres,pass,,patyamāna,pat#1
patyamAna,pat#2,4,pres,atma,,patyamāna,pat#2
patyamAna,pat#2,,pres,pass,,patyamāna,pat#2
patya,pat#1,,fut,pass,,patya,pat#1
patya,pat#2,,fut,pass,,patya,pat#2
patsyat,pat#1,,fut,para,,patsyat,pat#1
patsyat,pat#2,,fut,para,,patsyat,pat#2
patsyat,paT,,fut,para,,patsyat,path
patsyat,pad#1,,fut,para,,patsyat,pad#1
patsyamAna,pat#1,,fut,atma,,patsyamāna,pat#1
patsyamAna,pat#2,,fut,atma,,patsyamāna,pat#2
patsyamAna,paT,,fut,atma,,patsyamāna,path
patsyamAna,pad#1,,fut,atma,,patsyamāna,pad#1
paTat,paT,1,pres,para,,pathat,path
paTanIya,paT,,fut,pass,,pathanīya,path
paTamAna,paT,1,pres,atma,,pathamāna,path
paTyamAna,paT,,pres,pass,,pathyamāna,path
paTya,paT,,fut,pass,,pathya,path
padanIya,pad#1,,fut,pass,,padanīya,pad#1
padyat,pad#1,4,pres,para,,padyat,pad#1
padyamAna,pad#1,4,pres,atma,,padyamāna,pad#1
padyamAna,pad#1,,pres,pass,,padyamāna,pad#1
padya,pad#1,,fut,pass,,padya,pad#1
panIpadat,pad#1,,pres,para,intens,panīpadat,pad#1
panIpadyamAna,pad#1,,pres,atma,intens,panīpadyamāna,pad#1
pannavat,pad#1,,past,active,,pannavat,pad#1
panna,pad#1,,past,pass,,panna,pad#1
paparARa,pF,,perf,atma,,paparāṇa,pṝ
paparvas,pF,,perf,para,,paparvas,pṝ
papAna,pA#1,,perf,atma,,papāna,pā#1
papAna,pA#2,,perf,atma,,papāna,pā#2
papivas,pA#1,,perf,para,,papivas,pā#1
papivas,pA#2,,perf,para,,papivas,pā#2
papfcAna,pfc,,perf,atma,,papṛcāna,pṛc
papfcvas,pfc,,perf,para,,papṛcvas,pṛc
papfTAna,pfT,,perf,atma,,papṛthāna,pṛth
papfTvas,pfT,,perf,para,,papṛthvas,pṛth
papfvas,pf#1,,perf,para,,papṛvas,pṛ#1
papfzARa,pfz,,perf,atma,,papṛṣāṇa,pṛṣ
papfzvas,pfz,,perf,para,,papṛṣvas,pṛṣ
papoTAna,poT,,perf,atma,,papothāna,poth
papoTvas,poT,,perf,para,,papothvas,poth
papracCAna,praS,,perf,atma,,papracchāna,praś
papracCvas,praS,,perf,para,,papracchvas,praś
papratikUlAna,pratikUl,,perf,atma,,papratikūlāna,pratikūl
papratikUlvas,pratikUl,,perf,para,,papratikūlvas,pratikūl
papratirUpARa,pratirUp,,perf,atma,,papratirūpāṇa,pratirūp
papratirUpvas,pratirUp,,perf,para,,papratirūpvas,pratirūp
papraTAna,praT,,perf,atma,,paprathāna,prath
papraTvas,praT,,perf,para,,paprathvas,prath
paprasAdAna,prasAd,,perf,atma,,paprasādāna,prasād
paprasAdvas,prasAd,,perf,para,,paprasādvas,prasād
paprARa,pf#1,,perf,atma,,paprāṇa,pṛ#1
paprivas,prA#1,,perf,para,,paprivas,prā#1
paPalAna,Pal,,perf,atma,,paphalāna,phal
paPalvas,Pal,,perf,para,,paphalvas,phal
paraRIya,pf#1,,fut,pass,,paraṇīya,pṛ#1
paraRIya,pF,,fut,pass,,paraṇīya,pṝ
paritavya,pF,,fut,pass,,paritavya,pṝ
parizyat,pf#1,,fut,para,,pariṣyat,pṛ#1
parizyat,pF,,fut,para,,pariṣyat,pṝ
parizyamAna,pf#1,,fut,atma,,pariṣyamāna,pṛ#1
parizyamAna,pF,,fut,atma,,pariṣyamāna,pṝ
parItavya,pF,,fut,pass,,parītavya,pṝ
parIzyat,pF,,fut,para,,parīṣyat,pṝ
parIzyamAna,pF,,fut,atma,,parīṣyamāna,pṝ
parktavya,pfc,,fut,pass,,parktavya,pṛc
parkzyat,pfc,,fut,para,,parkṣyat,pṛc
parkzyat,pfz,,fut,para,,parkṣyat,pṛṣ
parkzyamAna,pfc,,fut,atma,,parkṣyamāna,pṛc
parkzyamAna,pfz,,fut,atma,,parkṣyamāna,pṛṣ
parcanIya,pfc,,fut,pass,,parcanīya,pṛc
partavya,pf#1,,fut,pass,,partavya,pṛ#1
parTanIya,pfT,,fut,pass,,parthanīya,pṛth
parTayat,pfT,10,pres,para,,parthayat,pṛth
parTayamAna,pfT,10,pres,atma,,parthayamāna,pṛth
parTayitavya,pfT,,fut,pass,,parthayitavya,pṛth
parTayizyat,pfT,,fut,para,,parthayiṣyat,pṛth
parTayizyamAna,pfT,,fut,atma,,parthayiṣyamāna,pṛth
parTyamAna,pfT,,pres,pass,,parthyamāna,pṛth
parzaRIya,pfz,,fut,pass,,parṣaṇīya,pṛṣ
parzat,pfz,1,pres,para,,parṣat,pṛṣ
parzamAna,pfz,1,pres,atma,,parṣamāna,pṛṣ
parzwavya,pfz,,fut,pass,,parṣṭavya,pṛṣ
palAyat,palAy,1,pres,para,,palāyat,palāy
palAyanIya,palAy,,fut,pass,,palāyanīya,palāy
palAyamAna,palAy,1,pres,atma,,palāyamāna,palāy
palAyitavat,palAy,,past,active,,palāyitavat,palāy
palAyitavya,palAy,,fut,pass,,palāyitavya,palāy
palAyita,palAy,,past,pass,,palāyita,palāy
palAyizyat,palAy,,fut,para,,palāyiṣyat,palāy
palAyizyamAna,palAy,,fut,atma,,palāyiṣyamāna,palāy
palAyyamAna,palAy,,pres,pass,,palāyyamāna,palāy
palAyya,palAy,,fut,pass,,palāyya,palāy
pavanIya,pU#1,,fut,pass,,pavanīya,pū#1
pavitavya,pU#1,,fut,pass,,pavitavya,pū#1
pavitrayat,pavitr,10,pres,para,,pavitrayat,pavitr
pavitrayamAna,pavitr,10,pres,atma,,pavitrayamāna,pavitr
pavitrayitavya,pavitr,,fut,pass,,pavitrayitavya,pavitr
pavitrayizyat,pavitr,,fut,para,,pavitrayiṣyat,pavitr
pavitrayizyamAna,pavitr,,fut,atma,,pavitrayiṣyamāna,pavitr
pavitritavat,pavitr,,past,active,,pavitritavat,pavitr
pavitrita,pavitr,,past,pass,,pavitrita,pavitr
pavitryamAna,pavitr,,pres,pass,,pavitryamāna,pavitr
pavizyat,pU#1,,fut,para,,paviṣyat,pū#1
pavizyamAna,pU#1,,fut,atma,,paviṣyamāna,pū#1
pavetraRIya,pavitr,,fut,pass,,pavetraṇīya,pavitr
pavetrya,pavitr,,fut,pass,,pavetrya,pavitr
paSyat,paS,4,pres,para,,paśyat,paś
paSyamAna,paS,4,pres,atma,,paśyamāna,paś
paspandAna,spand,,perf,atma,,paspandāna,spand
paspandvas,spand,,perf,para,,paspandvas,spand
paspfDAna,sparD,,perf,atma,,paspṛdhāna,spardh
paspfDvas,sparD,,perf,para,,paspṛdhvas,spardh
paspfSAna,spfS#1,,perf,atma,,paspṛśāna,spṛś#1
paspfSvas,spfS#1,,perf,para,,paspṛśvas,spṛś#1
paspfhARa,spfh,,perf,atma,,paspṛhāṇa,spṛh
paspfhvas,spfh,,perf,para,,paspṛhvas,spṛh
pasPalAna,sPal,,perf,atma,,pasphalāna,sphal
pasPalvas,sPal,,perf,para,,pasphalvas,sphal
pasPAna,sPA,,perf,atma,,pasphāna,sphā
pasPivas,sPA,,perf,para,,pasphivas,sphā
pAwanIya,paw,,fut,pass,caus,pāṭanīya,paṭ
pAwayat,paw,,pres,para,caus,pāṭayat,paṭ
pAwayamAna,paw,,pres,atma,caus,pāṭayamāna,paṭ
pAwayitavya,paw,,fut,pass,caus,pāṭayitavya,paṭ
pAwayizyat,paw,,fut,para,caus,pāṭayiṣyat,paṭ
pAwayizyamAna,paw,,fut,atma,,pāṭayiṣyamāna,paṭ
pAwayizyamAna,paw,,fut,atma,caus,pāṭayiṣyamāna,paṭ
pAwitavat,paw,,past,active,caus,pāṭitavat,paṭ
pAwita,paw,,past,pass,caus,pāṭita,paṭ
pAwyamAna,paw,,pres,pass,caus,pāṭyamāna,paṭ
pAwya,paw,,fut,pass,caus,pāṭya,paṭ
pAWanIya,paW,,fut,pass,caus,pāṭhanīya,paṭh
pAWayat,paW,,pres,para,caus,pāṭhayat,paṭh
pAWayamAna,paW,,pres,atma,caus,pāṭhayamāna,paṭh
pAWayitavya,paW,,fut,pass,caus,pāṭhayitavya,paṭh
pAWayizyat,paW,,fut,para,caus,pāṭhayiṣyat,paṭh
pAWayizyamAna,paW,,fut,atma,,pāṭhayiṣyamāna,paṭh
pAWayizyamAna,paW,,fut,atma,caus,pāṭhayiṣyamāna,paṭh
pAWitavat,paW,,past,active,caus,pāṭhitavat,paṭh
pAWita,paW,,past,pass,caus,pāṭhita,paṭh
pAWyamAna,paW,,pres,pass,caus,pāṭhyamāna,paṭh
pAWya,paW,,fut,pass,caus,pāṭhya,paṭh
pAtanIya,pat#1,,fut,pass,caus,pātanīya,pat#1
pAtayat,pat#1,,pres,para,caus,pātayat,pat#1
pAtayamAna,pat#1,,pres,atma,caus,pātayamāna,pat#1
pAtayitavya,pat#1,,fut,pass,caus,pātayitavya,pat#1
pAtayizyat,pat#1,,fut,para,caus,pātayiṣyat,pat#1
pAtayizyamAna,pat#1,,fut,atma,,pātayiṣyamāna,pat#1
pAtayizyamAna,pat#1,,fut,atma,caus,pātayiṣyamāna,pat#1
pAtavya,pA#1,,fut,pass,,pātavya,pā#1
pAtitavat,pat#1,,past,active,caus,pātitavat,pat#1
pAtita,pat#1,,past,pass,caus,pātita,pat#1
pAtyamAna,pat#1,,pres,pass,caus,pātyamāna,pat#1
pAtya,pat#1,,fut,pass,caus,pātya,pat#1
pATanIya,paT,,fut,pass,caus,pāthanīya,path
pATayat,paT,,pres,para,caus,pāthayat,path
pATayamAna,paT,,pres,atma,caus,pāthayamāna,path
pATayitavya,paT,,fut,pass,caus,pāthayitavya,path
pATayizyat,paT,,fut,para,caus,pāthayiṣyat,path
pATayizyamAna,paT,,fut,atma,,pāthayiṣyamāna,path
pATayizyamAna,paT,,fut,atma,caus,pāthayiṣyamāna,path
pATitavat,paT,,past,active,caus,pāthitavat,path
pATita,paT,,past,pass,caus,pāthita,path
pATyamAna,paT,,pres,pass,caus,pāthyamāna,path
pATya,paT,,fut,pass,caus,pāthya,path
pAdanIya,pad#1,,fut,pass,caus,pādanīya,pad#1
pAdayat,pad#1,,pres,para,caus,pādayat,pad#1
pAdayamAna,pad#1,,pres,atma,caus,pādayamāna,pad#1
pAdayitavya,pad#1,,fut,pass,caus,pādayitavya,pad#1
pAdayizyat,pad#1,,fut,para,caus,pādayiṣyat,pad#1
pAdayizyamAna,pad#1,,fut,atma,,pādayiṣyamāna,pad#1
pAdayizyamAna,pad#1,,fut,atma,caus,pādayiṣyamāna,pad#1
pAditavat,pad#1,,past,active,caus,pāditavat,pad#1
pAdita,pad#1,,past,pass,caus,pādita,pad#1
pAdyamAna,pad#1,,pres,pass,caus,pādyamāna,pad#1
pAdya,pad#1,,fut,pass,caus,pādya,pad#1
pAna,pA#2,2,pres,atma,,pāna,pā#2
pAnIya,pA#1,,fut,pass,,pānīya,pā#1
pApaWat,paW,,pres,para,intens,pāpaṭhat,paṭh
pApaWyamAna,paW,,pres,atma,intens,pāpaṭhyamāna,paṭh
pApAyamAna,pA#2,,pres,atma,intens,pāpāyamāna,pā#2
pAyanIya,pA#1,,fut,pass,caus,pāyanīya,pā#1
pAyayat,pA#1,,pres,para,caus,pāyayat,pā#1
pAyayamAna,pA#1,,pres,atma,caus,pāyayamāna,pā#1
pAyayitavya,pA#1,,fut,pass,caus,pāyayitavya,pā#1
pAyayizyat,pA#1,,fut,para,caus,pāyayiṣyat,pā#1
pAyayizyamAna,pA#1,,fut,atma,,pāyayiṣyamāna,pā#1
pAyayizyamAna,pA#1,,fut,atma,caus,pāyayiṣyamāna,pā#1
pAyitavat,pA#1,,past,active,caus,pāyitavat,pā#1
pAyita,pA#1,,past,pass,caus,pāyita,pā#1
pAyyamAna,pA#1,,pres,pass,caus,pāyyamāna,pā#1
pAyya,pA#1,,fut,pass,caus,pāyya,pā#1
pAraRIya,pf#1,,fut,pass,caus,pāraṇīya,pṛ#1
pAraRIya,pF,,fut,pass,caus,pāraṇīya,pṝ
pArayat,pf#1,,pres,para,caus,pārayat,pṛ#1
pArayat,pF,,pres,para,caus,pārayat,pṝ
pArayamAna,pf#1,,pres,atma,caus,pārayamāna,pṛ#1
pArayamAna,pF,,pres,atma,caus,pārayamāna,pṝ
pArayitavya,pf#1,,fut,pass,caus,pārayitavya,pṛ#1
pArayitavya,pF,,fut,pass,caus,pārayitavya,pṝ
pArayizyat,pf#1,,fut,para,caus,pārayiṣyat,pṛ#1
pArayizyat,pF,,fut,para,caus,pārayiṣyat,pṝ
pArayizyamAna,pf#1,,fut,atma,,pārayiṣyamāna,pṛ#1
pArayizyamAna,pf#1,,fut,atma,caus,pārayiṣyamāna,pṛ#1
pArayizyamAna,pF,,fut,atma,,pārayiṣyamāna,pṝ
pArayizyamAna,pF,,fut,atma,caus,pārayiṣyamāna,pṝ
pAritavat,pf#1,,past,active,caus,pāritavat,pṛ#1
pAritavat,pF,,past,active,caus,pāritavat,pṝ
pArita,pf#1,,past,pass,caus,pārita,pṛ#1
pArita,pF,,past,pass,caus,pārita,pṝ
pAryamAna,pf#1,,pres,pass,caus,pāryamāna,pṛ#1
pAryamAna,pF,,pres,pass,caus,pāryamāna,pṝ
pArya,pf#1,,fut,pass,,pārya,pṛ#1
pArya,pf#1,,fut,pass,caus,pārya,pṛ#1
pArya,pF,,fut,pass,,pārya,pṝ
pArya,pF,,fut,pass,caus,pārya,pṝ
pAlanIya,pA#2,,fut,pass,caus,pālanīya,pā#2
pAlayat,pA#2,,pres,para,caus,pālayat,pā#2
pAlayamAna,pA#2,,pres,atma,caus,pālayamāna,pā#2
pAlayizyat,pA#2,,fut,para,caus,pālayiṣyat,pā#2
pAlayizyamAna,pA#2,,fut,atma,,pālayiṣyamāna,pā#2
pAlayizyamAna,pA#2,,fut,atma,caus,pālayiṣyamāna,pā#2
pAlitavat,pA#2,,past,active,caus,pālitavat,pā#2
pAlita,pA#2,,past,pass,caus,pālita,pā#2
pAlyamAna,pA#2,,pres,pass,caus,pālyamāna,pā#2
pAlya,pA#2,,fut,pass,caus,pālya,pā#2
pAsyat,pA#1,,fut,para,,pāsyat,pā#1
pAsyat,pA#2,,fut,para,,pāsyat,pā#2
pAsyamAna,pA#1,,fut,atma,,pāsyamāna,pā#1
pAsyamAna,pA#2,,fut,atma,,pāsyamāna,pā#2
piMSat,piS#1,6,pres,para,,piṃśat,piś#1
piMSamAna,piS#1,6,pres,atma,,piṃśamāna,piś#1
piMzat,piz,7,pres,para,,piṃṣat,piṣ
piMzARa,piz,7,pres,atma,,piṃṣāṇa,piṣ
piktavat,piYj,,past,active,,piktavat,piñj
pikta,piYj,,past,pass,,pikta,piñj
pijyamAna,piYj,,pres,pass,,pijyamāna,piñj
piYjAna,piYj,2,pres,atma,,piñjāna,piñj
piRqayat,piRq,10,pres,para,,piṇḍayat,piṇḍ
piRqayamAna,piRq,10,pres,atma,,piṇḍayamāna,piṇḍ
piRqayitavya,piRq,,fut,pass,,piṇḍayitavya,piṇḍ
piRqayizyat,piRq,,fut,para,,piṇḍayiṣyat,piṇḍ
piRqayizyamAna,piRq,,fut,atma,,piṇḍayiṣyamāna,piṇḍ
piRqitavat,piRq,,past,active,,piṇḍitavat,piṇḍ
piRqita,piRq,,past,pass,,piṇḍita,piṇḍ
piRqyamAna,piRq,,pres,pass,,piṇḍyamāna,piṇḍ
pipakzaRIya,pac,,fut,pass,desid,pipakṣaṇīya,pac
pipakzat,pac,,pres,para,desid,pipakṣat,pac
pipakzitavat,pac,,past,active,desid,pipakṣitavat,pac
pipakzita,pac,,past,pass,desid,pipakṣita,pac
pipaWizaRIya,paW,,fut,pass,desid,pipaṭhiṣaṇīya,paṭh
pipaWizat,paW,,pres,para,desid,pipaṭhiṣat,paṭh
pipaWizitavat,paW,,past,active,desid,pipaṭhiṣitavat,paṭh
pipaWizita,paW,,past,pass,desid,pipaṭhiṣita,paṭh
pipAsat,pA#1,,pres,para,desid,pipāsat,pā#1
pipAsat,pA#2,,pres,para,desid,pipāsat,pā#2
pipAsanIya,pA#1,,fut,pass,desid,pipāsanīya,pā#1
pipAsanIya,pA#2,,fut,pass,desid,pipāsanīya,pā#2
pipAsitavat,pA#1,,past,active,desid,pipāsitavat,pā#1
pipAsitavat,pA#2,,past,active,desid,pipāsitavat,pā#2
pipAsita,pA#1,,past,pass,desid,pipāsita,pā#1
pipAsita,pA#2,,past,pass,desid,pipāsita,pā#2
pipiYjAna,piYj,,perf,atma,,pipiñjāna,piñj
pipiRqAna,piRq,,perf,atma,,pipiṇḍāna,piṇḍ
pipiRqvas,piRq,,perf,para,,pipiṇḍvas,piṇḍ
pipipakzvas,pac,,perf,para,desid,pipipakṣvas,pac
pipipaWizvas,paW,,perf,para,desid,pipipaṭhiṣvas,paṭh
pipipAsvas,pA#1,,perf,para,desid,pipipāsvas,pā#1
pipipAsvas,pA#2,,perf,para,desid,pipipāsvas,pā#2
pipiprIzvas,prI,,perf,para,desid,pipiprīṣvas,prī
pipivas,pi#2,,perf,para,,pipivas,pi#2
pipiSAna,piS#1,,perf,atma,,pipiśāna,piś#1
pipiSvas,piS#1,,perf,para,,pipiśvas,piś#1
pipizARa,piz,,perf,atma,,pipiṣāṇa,piṣ
pipizvas,piz,,perf,para,,pipiṣvas,piṣ
pipIqAna,pIq,,perf,atma,,pipīḍāna,pīḍ
pipIqvas,pIq,,perf,para,,pipīḍvas,pīḍ
pipyAna,pi#2,,perf,atma,,pipyāna,pi#2
pipyAna,pyA,,perf,atma,,pipyāna,pyā
pipyivas,pyA,,perf,para,,pipyivas,pyā
piprat,pf#1,3,pres,para,,piprat,pṛ#1
piprat,pF,3,pres,para,,piprat,pṝ
piprARa,pf#1,3,pres,atma,,piprāṇa,pṛ#1
piprARa,pF,3,pres,atma,,piprāṇa,pṝ
piprIvas,prI,,perf,para,,piprīvas,prī
piprIzaRIya,prI,,fut,pass,desid,piprīṣaṇīya,prī
piprIzat,prI,,pres,para,desid,piprīṣat,prī
piprIzitavat,prI,,past,active,desid,piprīṣitavat,prī
piprIzita,prI,,past,pass,desid,piprīṣita,prī
pipryARa,prI,,perf,atma,,pipryāṇa,prī
pibat,pA#1,1,pres,para,,pibat,pā#1
pibamAna,pA#1,1,pres,atma,,pibamāna,pā#1
piyat,pi#2,6,pres,para,,piyat,pi#2
piyamAna,pi#2,6,pres,atma,,piyamāna,pi#2
piSyamAna,piS#1,,pres,pass,,piśyamāna,piś#1
pizwavat,piz,,past,active,,piṣṭavat,piṣ
pizwavat,piS#1,,past,active,,piṣṭavat,piś#1
pizwa,piz,,past,pass,,piṣṭa,piṣ
pizwa,piS#1,,past,pass,,piṣṭa,piś#1
pizyamAna,piz,,pres,pass,,piṣyamāna,piṣ
pIqayat,pIq,10,pres,para,,pīḍayat,pīḍ
pIqayamAna,pIq,10,pres,atma,,pīḍayamāna,pīḍ
pIqayitavya,pIq,,fut,pass,,pīḍayitavya,pīḍ
pIqayizyat,pIq,,fut,para,,pīḍayiṣyat,pīḍ
pIqayizyamAna,pIq,,fut,atma,,pīḍayiṣyamāna,pīḍ
pIqitavat,pIq,,past,active,,pīḍitavat,pīḍ
pIqita,pIq,,past,pass,,pīḍita,pīḍ
pIqyamAna,pIq,,pres,pass,,pīḍyamāna,pīḍ
pIqya,pIq,,fut,pass,,pīḍya,pīḍ
pItavat,pA#1,,past,active,,pītavat,pā#1
pItavat,pA#2,,past,active,,pītavat,pā#2
pIta,pA#1,,past,pass,,pīta,pā#1
pIta,pA#2,,past,pass,,pīta,pā#2
pInavat,pi#2,,past,active,,pīnavat,pi#2
pIna,pi#2,,past,pass,,pīna,pi#2
pIyamAna,pA#1,,pres,pass,,pīyamāna,pā#1
putrayizyat,putr,,fut,para,,putrayiṣyat,putr
putrayizyamAna,putr,,fut,atma,,putrayiṣyamāna,putr
putritavat,putr,,past,active,,putritavat,putr
putrita,putr,,past,pass,,putrita,putr
putriyat,putr,10,pres,para,,putriyat,putr
putriyamAna,putr,10,pres,atma,,putriyamāna,putr
putriyitavya,putr,,fut,pass,,putriyitavya,putr
putrIyat,putr,10,pres,para,,putrīyat,putr
putrIyamAna,putr,10,pres,atma,,putrīyamāna,putr
putrIyitavya,putr,,fut,pass,,putrīyitavya,putr
putryamAna,putr,,pres,pass,,putryamāna,putr
punat,pU#1,9,pres,para,,punat,pū#1
punAna,pU#1,9,pres,atma,,punāna,pū#1
puputrARa,putr,,perf,atma,,puputrāṇa,putr
puputrvas,putr,,perf,para,,puputrvas,putr
pupulakAna,pulak,,perf,atma,,pupulakāna,pulak
pupulakvas,pulak,,perf,para,,pupulakvas,pulak
pupuzARa,puz#1,,perf,atma,,pupuṣāṇa,puṣ#1
pupuzpARa,puzp,,perf,atma,,pupuṣpāṇa,puṣp
pupuzpvas,puzp,,perf,para,,pupuṣpvas,puṣp
pupuzvas,puz#1,,perf,para,,pupuṣvas,puṣ#1
pupUjAna,pUj,,perf,atma,,pupūjāna,pūj
pupUjvas,pUj,,perf,para,,pupūjvas,pūj
pupUyAna,pUy,,perf,atma,,pupūyāna,pūy
pupUyvas,pUy,,perf,para,,pupūyvas,pūy
pupUlAna,pUl,,perf,atma,,pupūlāna,pūl
pupUlvas,pUl,,perf,para,,pupūlvas,pūl
pupUvas,pU#1,,perf,para,,pupūvas,pū#1
pupruvas,pru,,perf,para,,pupruvas,pru
puprvARa,pru,,perf,atma,,puprvāṇa,pru
pupluvas,plu,,perf,para,,pupluvas,plu
puplvAna,plu,,perf,atma,,puplvāna,plu
pupvAna,pU#1,,perf,atma,,pupvāna,pū#1
puPullAna,Pull,,perf,atma,,puphullāna,phull
puPullvas,Pull,,perf,para,,puphullvas,phull
pulakanIya,pulak,,fut,pass,,pulakanīya,pulak
pulakayat,pulak,10,pres,para,,pulakayat,pulak
pulakayamAna,pulak,10,pres,atma,,pulakayamāna,pulak
pulakayitavya,pulak,,fut,pass,,pulakayitavya,pulak
pulakayizyat,pulak,,fut,para,,pulakayiṣyat,pulak
pulakayizyamAna,pulak,,fut,atma,,pulakayiṣyamāna,pulak
pulakitavat,pulak,,past,active,,pulakitavat,pulak
pulakita,pulak,,past,pass,,pulakita,pulak
pulakyamAna,pulak,,pres,pass,,pulakyamāna,pulak
pulakya,pulak,,fut,pass,,pulakya,pulak
puzwavat,puz#1,,past,active,,puṣṭavat,puṣ#1
puzwa,puz#1,,past,pass,,puṣṭa,puṣ#1
puzRat,puz#1,9,pres,para,,puṣṇat,puṣ#1
puzRAna,puz#1,9,pres,atma,,puṣṇāna,puṣ#1
puzpitavat,puzp,,past,active,,puṣpitavat,puṣp
puzpita,puzp,,past,pass,,puṣpita,puṣp
puzpyat,puzp,4,pres,para,,puṣpyat,puṣp
puzpyamAna,puzp,4,pres,atma,,puṣpyamāna,puṣp
puzpyamAna,puzp,,pres,pass,,puṣpyamāna,puṣp
puzPuwvas,sPuw,,perf,para,,puṣphuṭvas,sphuṭ
puzPurARa,sPur,,perf,atma,,puṣphurāṇa,sphur
puzPurvas,sPur,,perf,para,,puṣphurvas,sphur
puzyat,puz#1,4,pres,para,,puṣyat,puṣ#1
puzyamAna,puz#1,4,pres,atma,,puṣyamāna,puṣ#1
puzyamAna,puz#1,,pres,pass,,puṣyamāna,puṣ#1
pUjayat,pUj,10,pres,para,,pūjayat,pūj
pUjayamAna,pUj,10,pres,atma,,pūjayamāna,pūj
pUjayitavya,pUj,,fut,pass,,pūjayitavya,pūj
pUjayizyat,pUj,,fut,para,,pūjayiṣyat,pūj
pUjayizyamAna,pUj,,fut,atma,,pūjayiṣyamāna,pūj
pUjitavat,pUj,,past,active,,pūjitavat,pūj
pUjita,pUj,,past,pass,,pūjita,pūj
pUjyamAna,pUj,,pres,pass,,pūjyamāna,pūj
pUjya,pUj,,fut,pass,,pūjya,pūj
pUtavat,pUy,,past,active,,pūtavat,pūy
pUtavat,pU#1,,past,active,,pūtavat,pū#1
pUta,pUy,,past,pass,,pūta,pūy
pUta,pU#1,,past,pass,,pūta,pū#1
pUyat,pUy,1,pres,para,,pūyat,pūy
pUyamAna,pUy,1,pres,atma,,pūyamāna,pūy
pUyamAna,pU#1,,pres,pass,,pūyamāna,pū#1
pUyyamAna,pUy,,pres,pass,,pūyyamāna,pūy
pUyya,pUy,,fut,pass,,pūyya,pūy
pUraRIya,pF,,fut,pass,caus,pūraṇīya,pṝ
pUrayat,pF,,pres,para,caus,pūrayat,pṝ
pUrayamAna,pF,,pres,atma,caus,pūrayamāna,pṝ
pUrayitavya,pF,,fut,pass,caus,pūrayitavya,pṝ
pUrayizyat,pF,,fut,para,caus,pūrayiṣyat,pṝ
pUrayizyamAna,pF,,fut,atma,,pūrayiṣyamāna,pṝ
pUrayizyamAna,pF,,fut,atma,caus,pūrayiṣyamāna,pṝ
pUritavat,pF,,past,active,caus,pūritavat,pṝ
pUrita,pF,,past,pass,caus,pūrita,pṝ
pUrRavat,pF,,past,active,,pūrṇavat,pṝ
pUrRa,pF,,past,pass,,pūrṇa,pṝ
pUrtavat,pF,,past,active,,pūrtavat,pṝ
pUrta,pF,,past,pass,,pūrta,pṝ
pUryamAna,pF,,pres,pass,,pūryamāna,pṝ
pUryamAna,pF,,pres,pass,caus,pūryamāna,pṝ
pUrya,pF,,fut,pass,caus,pūrya,pṝ
pUlat,pUl,1,pres,para,,pūlat,pūl
pUlamAna,pUl,1,pres,atma,,pūlamāna,pūl
pUlayat,pUl,10,pres,para,,pūlayat,pūl
pUlayamAna,pUl,10,pres,atma,,pūlayamāna,pūl
pUlayitavya,pUl,,fut,pass,,pūlayitavya,pūl
pUlayizyat,pUl,,fut,para,,pūlayiṣyat,pūl
pUlayizyamAna,pUl,,fut,atma,,pūlayiṣyamāna,pūl
pUltavat,pUl,,past,active,,pūltavat,pūl
pUlta,pUl,,past,pass,,pūlta,pūl
pUlyamAna,pUl,,pres,pass,,pūlyamāna,pūl
pUlya,pUl,,fut,pass,,pūlya,pūl
pfktavat,pfc,,past,active,,pṛktavat,pṛc
pfkta,pfc,,past,pass,,pṛkta,pṛc
pfcCat,praS,6,pres,para,,pṛcchat,praś
pfcCamAna,praS,6,pres,atma,,pṛcchamāna,praś
pfcCyamAna,praS,,pres,pass,,pṛcchyamāna,praś
pfcCya,praS,,fut,pass,,pṛcchya,praś
pfcyamAna,pfc,,pres,pass,,pṛcyamāna,pṛc
pfcya,pfc,,fut,pass,,pṛcya,pṛc
pfYcat,pfc,7,pres,para,,pṛñcat,pṛc
pfYcAna,pfc,7,pres,atma,,pṛñcāna,pṛc
pfRat,pF,9,pres,para,,pṛṇat,pṝ
pfRat,pF,6,pres,para,,pṛṇat,pṝ
pfRamAna,pF,6,pres,atma,,pṛṇamāna,pṝ
pfRAna,pF,9,pres,atma,,pṛṇāna,pṝ
pftTavat,pfT,,past,active,,pṛtthavat,pṛth
pftTa,pfT,,past,pass,,pṛttha,pṛth
pfTya,pfT,,fut,pass,,pṛthya,pṛth
pfzwavat,pfz,,past,active,,pṛṣṭavat,pṛṣ
pfzwavat,praS,,past,active,,pṛṣṭavat,praś
pfzwa,pfz,,past,pass,,pṛṣṭa,pṛṣ
pfzwa,praS,,past,pass,,pṛṣṭa,praś
pfzyamAna,pfz,,pres,pass,,pṛṣyamāna,pṛṣ
pfzya,pfz,,fut,pass,,pṛṣya,pṛṣ
pekzyat,piS#1,,fut,para,,pekṣyat,piś#1
pekzyat,piz,,fut,para,,pekṣyat,piṣ
pekzyamAna,piS#1,,fut,atma,,pekṣyamāna,piś#1
pekzyamAna,piz,,fut,atma,,pekṣyamāna,piṣ
peNktavya,piYj,,fut,pass,,peṅktavya,piñj
peNkzyamAna,piYj,,fut,atma,,peṅkṣyamāna,piñj
pecAna,pac,,perf,atma,,pecāna,pac
pecivas,pac,,perf,para,,pecivas,pac
peYjanIya,piYj,,fut,pass,,peñjanīya,piñj
peYjya,piYj,,fut,pass,,peñjya,piñj
pewAna,paw,,perf,atma,,peṭāna,paṭ
pewivas,paw,,perf,para,,peṭivas,paṭ
peWAna,paW,,perf,atma,,peṭhāna,paṭh
peWivas,paW,,perf,para,,peṭhivas,paṭh
peqanIya,pIq,,fut,pass,,peḍanīya,pīḍ
peRAna,paR,,perf,atma,,peṇāna,paṇ
peRivas,paR,,perf,para,,peṇivas,paṇ
peRqanIya,piRq,,fut,pass,,peṇḍanīya,piṇḍ
peRqya,piRq,,fut,pass,,peṇḍya,piṇḍ
petAna,pat#1,,perf,atma,,petāna,pat#1
petAna,pat#2,,perf,atma,,petāna,pat#2
petivas,pat#1,,perf,para,,petivas,pat#1
petivas,pat#2,,perf,para,,petivas,pat#2
peTAna,paT,,perf,atma,,pethāna,path
peTivas,paT,,perf,para,,pethivas,path
pedAna,pad#1,,perf,atma,,pedāna,pad#1
pedivas,pad#1,,perf,para,,pedivas,pad#1
pepIpyamAna,pA#1,,pres,atma,intens,pepīpyamāna,pā#1
pepIpyamAna,pA#1,,pres,atma,intens,pepīpyamāna,pā#1
peya,pA#1,,fut,pass,,peya,pā#1
peyAlAna,palAy,,perf,atma,,peyālāna,palāy
peyAlvas,palAy,,perf,para,,peyālvas,palāy
pertivAna,pavitr,,perf,atma,,pertivāna,pavitr
pertivvas,pavitr,,perf,para,,pertivvas,pavitr
peSanIya,piS#1,,fut,pass,,peśanīya,piś#1
peSya,piS#1,,fut,pass,,peśya,piś#1
pezaRIya,piz,,fut,pass,,peṣaṇīya,piṣ
pezwavya,piS#1,,fut,pass,,peṣṭavya,piś#1
pezwavya,piz,,fut,pass,,peṣṭavya,piṣ
pezyat,pi#2,,fut,para,,peṣyat,pi#2
pezyamAna,pi#2,,fut,atma,,peṣyamāna,pi#2
pezya,piz,,fut,pass,,peṣya,piṣ
pokzyat,puz#1,,fut,para,,pokṣyat,puṣ#1
pokzyamAna,puz#1,,fut,atma,,pokṣyamāna,puṣ#1
pojanIya,pUj,,fut,pass,,pojanīya,pūj
potTavat,poT,,past,active,,potthavat,poth
potTa,poT,,past,pass,,pottha,poth
potraRIya,putr,,fut,pass,,potraṇīya,putr
potrya,putr,,fut,pass,,potrya,putr
poTanIya,poT,,fut,pass,,pothanīya,poth
poTayat,poT,10,pres,para,,pothayat,poth
poTayamAna,poT,10,pres,atma,,pothayamāna,poth
poTayitavya,poT,,fut,pass,,pothayitavya,poth
poTayizyat,poT,,fut,para,,pothayiṣyat,poth
poTayizyamAna,poT,,fut,atma,,pothayiṣyamāna,poth
poTyamAna,poT,,pres,pass,,pothyamāna,poth
poTya,poT,,fut,pass,,pothya,poth
poplUyamAna,plu,,pres,atma,intens,poplūyamāna,plu
poyanIya,pUy,,fut,pass,,poyanīya,pūy
poya,pU#1,,fut,pass,,poya,pū#1
poyitavya,pUy,,fut,pass,,poyitavya,pūy
poyizyat,pUy,,fut,para,,poyiṣyat,pūy
poyizyamAna,pUy,,fut,atma,,poyiṣyamāna,pūy
polanIya,pUl,,fut,pass,,polanīya,pūl
politavya,pUl,,fut,pass,,politavya,pūl
polizyat,pUl,,fut,para,,poliṣyat,pūl
polizyamAna,pUl,,fut,atma,,poliṣyamāna,pūl
pozaRIya,puz#1,,fut,pass,,poṣaṇīya,puṣ#1
pozaRIya,puz#1,,fut,pass,caus,poṣaṇīya,puṣ#1
pozayat,puz#1,,pres,para,caus,poṣayat,puṣ#1
pozayamAna,puz#1,,pres,atma,caus,poṣayamāna,puṣ#1
pozayitavya,puz#1,,fut,pass,caus,poṣayitavya,puṣ#1
pozayizyat,puz#1,,fut,para,caus,poṣayiṣyat,puṣ#1
pozayizyamAna,puz#1,,fut,atma,,poṣayiṣyamāna,puṣ#1
pozayizyamAna,puz#1,,fut,atma,caus,poṣayiṣyamāna,puṣ#1
pozitavat,puz#1,,past,active,caus,poṣitavat,puṣ#1
pozita,puz#1,,past,pass,caus,poṣita,puṣ#1
pozwavya,puz#1,,fut,pass,,poṣṭavya,puṣ#1
pozpaRIya,puzp,,fut,pass,,poṣpaṇīya,puṣp
pozptavya,puzp,,fut,pass,,poṣptavya,puṣp
pozpya,puzp,,fut,pass,,poṣpya,puṣp
pozpsyat,puzp,,fut,para,,poṣpsyat,puṣp
pozpsyamAna,puzp,,fut,atma,,poṣpsyamāna,puṣp
pozyamAna,puz#1,,pres,pass,caus,poṣyamāna,puṣ#1
pozya,puz#1,,fut,pass,,poṣya,puṣ#1
pozya,puz#1,,fut,pass,caus,poṣya,puṣ#1
pyAtavya,pyA,,fut,pass,,pyātavya,pyā
pyAnavat,pyA,,past,active,,pyānavat,pyā
pyAna,pyA,,past,pass,,pyāna,pyā
pyAnIya,pyA,,fut,pass,,pyānīya,pyā
pyAyat,pyA,1,pres,para,,pyāyat,pyā
pyAyamAna,pyA,1,pres,atma,,pyāyamāna,pyā
pyAyyamAna,pyA,,pres,pass,,pyāyyamāna,pyā
pyAsyat,pyA,,fut,para,,pyāsyat,pyā
pyAsyamAna,pyA,,fut,atma,,pyāsyamāna,pyā
pyeya,pyA,,fut,pass,,pyeya,pyā
prakzyat,praS,,fut,para,,prakṣyat,praś
prakzyamAna,praS,,fut,atma,,prakṣyamāna,praś
pracCanIya,praS,,fut,pass,caus,pracchanīya,praś
pracCayat,praS,,pres,para,caus,pracchayat,praś
pracCayamAna,praS,,pres,atma,caus,pracchayamāna,praś
pracCayitavya,praS,,fut,pass,caus,pracchayitavya,praś
pracCayizyat,praS,,fut,para,caus,pracchayiṣyat,praś
pracCayizyamAna,praS,,fut,atma,,pracchayiṣyamāna,praś
pracCayizyamAna,praS,,fut,atma,caus,pracchayiṣyamāna,praś
pracCitavat,praS,,past,active,caus,pracchitavat,praś
pracCita,praS,,past,pass,caus,pracchita,praś
pracCyamAna,praS,,pres,pass,caus,pracchyamāna,praś
pracCya,praS,,fut,pass,caus,pracchya,praś
pratikUlayat,pratikUl,10,pres,para,,pratikūlayat,pratikūl
pratikUlayamAna,pratikUl,10,pres,atma,,pratikūlayamāna,pratikūl
pratikUlayitavya,pratikUl,,fut,pass,,pratikūlayitavya,pratikūl
pratikUlayizyat,pratikUl,,fut,para,,pratikūlayiṣyat,pratikūl
pratikUlayizyamAna,pratikUl,,fut,atma,,pratikūlayiṣyamāna,pratikūl
pratikUltavat,pratikUl,,past,active,,pratikūltavat,pratikūl
pratikUlta,pratikUl,,past,pass,,pratikūlta,pratikūl
pratikUlyamAna,pratikUl,,pres,pass,,pratikūlyamāna,pratikūl
pratikUlya,pratikUl,,fut,pass,,pratikūlya,pratikūl
pratikolanIya,pratikUl,,fut,pass,,pratikolanīya,pratikūl
pratirUpayat,pratirUp,10,pres,para,,pratirūpayat,pratirūp
pratirUpayamAna,pratirUp,10,pres,atma,,pratirūpayamāna,pratirūp
pratirUpayitavya,pratirUp,,fut,pass,,pratirūpayitavya,pratirūp
pratirUpayizyat,pratirUp,,fut,para,,pratirūpayiṣyat,pratirūp
pratirUpayizyamAna,pratirUp,,fut,atma,,pratirūpayiṣyamāna,pratirūp
pratirUpitavat,pratirUp,,past,active,,pratirūpitavat,pratirūp
pratirUpita,pratirUp,,past,pass,,pratirūpita,pratirūp
pratirUpyamAna,pratirUp,,pres,pass,,pratirūpyamāna,pratirūp
pratirUpya,pratirUp,,fut,pass,,pratirūpya,pratirūp
pratiropaRIya,pratirUp,,fut,pass,,pratiropaṇīya,pratirūp
pratTavya,praT,,fut,pass,,pratthavya,prath
pratsyat,praT,,fut,para,,pratsyat,prath
pratsyamAna,praT,,fut,atma,,pratsyamāna,prath
praTat,praT,1,pres,para,,prathat,prath
praTanIya,praT,,fut,pass,,prathanīya,prath
praTanIya,praT,,fut,pass,caus,prathanīya,prath
praTamAna,praT,1,pres,atma,,prathamāna,prath
praTayat,praT,,pres,para,caus,prathayat,prath
praTayamAna,praT,,pres,atma,caus,prathayamāna,prath
praTayitavya,praT,,fut,pass,caus,prathayitavya,prath
praTayizyat,praT,,fut,para,caus,prathayiṣyat,prath
praTayizyamAna,praT,,fut,atma,,prathayiṣyamāna,prath
praTayizyamAna,praT,,fut,atma,caus,prathayiṣyamāna,prath
praTitavat,praT,,past,active,,prathitavat,prath
praTitavat,praT,,past,active,caus,prathitavat,prath
praTita,praT,,past,pass,,prathita,prath
praTita,praT,,past,pass,caus,prathita,prath
praTyamAna,praT,,pres,pass,,prathyamāna,prath
praTyamAna,praT,,pres,pass,caus,prathyamāna,prath
praTya,praT,,fut,pass,,prathya,prath
praTya,praT,,fut,pass,caus,prathya,prath
prayaRIya,prI,,fut,pass,,prayaṇīya,prī
pravaRIya,pru,,fut,pass,,pravaṇīya,pru
pravat,pru,1,pres,para,,pravat,pru
pravamAna,pru,1,pres,atma,,pravamāna,pru
praSanIya,praS,,fut,pass,,praśanīya,praś
prazwavya,praS,,fut,pass,,praṣṭavya,praś
prasAdanIya,prasAd,,fut,pass,,prasādanīya,prasād
prasAdayat,prasAd,10,pres,para,,prasādayat,prasād
prasAdayamAna,prasAd,10,pres,atma,,prasādayamāna,prasād
prasAdayitavya,prasAd,,fut,pass,,prasādayitavya,prasād
prasAdayizyat,prasAd,,fut,para,,prasādayiṣyat,prasād
prasAdayizyamAna,prasAd,,fut,atma,,prasādayiṣyamāna,prasād
prasAditavat,prasAd,,past,active,,prasāditavat,prasād
prasAdita,prasAd,,past,pass,,prasādita,prasād
prasAdyamAna,prasAd,,pres,pass,,prasādyamāna,prasād
prasAdya,prasAd,,fut,pass,,prasādya,prasād
prAvaRIya,pru,,fut,pass,caus,prāvaṇīya,pru
prAvayat,pru,,pres,para,caus,prāvayat,pru
prAvayamAna,pru,,pres,atma,caus,prāvayamāna,pru
prAvayitavya,pru,,fut,pass,caus,prāvayitavya,pru
prAvayizyat,pru,,fut,para,caus,prāvayiṣyat,pru
prAvayizyamAna,pru,,fut,atma,,prāvayiṣyamāna,pru
prAvayizyamAna,pru,,fut,atma,caus,prāvayiṣyamāna,pru
prAvitavat,pru,,past,active,caus,prāvitavat,pru
prAvita,pru,,past,pass,caus,prāvita,pru
prAvyamAna,pru,,pres,pass,caus,prāvyamāna,pru
prAvya,pru,,fut,pass,caus,prāvya,pru
pritavat,pf#1,,past,active,,pritavat,pṛ#1
prita,pf#1,,past,pass,,prita,pṛ#1
priyamAna,pf#1,,pres,pass,,priyamāna,pṛ#1
prIRat,prI,9,pres,para,,prīṇat,prī
prIRanIya,prI,,fut,pass,caus,prīṇanīya,prī
prIRayat,prI,,pres,para,caus,prīṇayat,prī
prIRayamAna,prI,,pres,atma,caus,prīṇayamāna,prī
prIRayitavya,prI,,fut,pass,caus,prīṇayitavya,prī
prIRayizyat,prI,,fut,para,caus,prīṇayiṣyat,prī
prIRayizyamAna,prI,,fut,atma,,prīṇayiṣyamāna,prī
prIRayizyamAna,prI,,fut,atma,caus,prīṇayiṣyamāna,prī
prIRAna,prI,9,pres,atma,,prīṇāna,prī
prIRitavat,prI,,past,active,caus,prīṇitavat,prī
prIRita,prI,,past,pass,caus,prīṇita,prī
prIRyamAna,prI,,pres,pass,caus,prīṇyamāna,prī
prIRya,prI,,fut,pass,caus,prīṇya,prī
prItavat,prI,,past,active,,prītavat,prī
prIta,prI,,past,pass,,prīta,prī
prIyamAna,prI,,pres,pass,,prīyamāna,prī
prUtavat,pru,,past,active,,prūtavat,pru
prUta,pru,,past,pass,,prūta,pru
prUyamAna,pru,,pres,pass,,prūyamāna,pru
pretavya,prI,,fut,pass,,pretavya,prī
preya,prI,,fut,pass,,preya,prī
prezyat,prI,,fut,para,,preṣyat,prī
prezyamAna,prI,,fut,atma,,preṣyamāna,prī
protavya,pru,,fut,pass,,protavya,pru
proya,pru,,fut,pass,,proya,pru
prozyat,pru,,fut,para,,proṣyat,pru
prozyamAna,pru,,fut,atma,,proṣyamāna,pru
plavat,plu,1,pres,para,,plavat,plu
plavanIya,plu,,fut,pass,,plavanīya,plu
plavamAna,plu,1,pres,atma,,plavamāna,plu
plAvanIya,plu,,fut,pass,caus,plāvanīya,plu
plAvayat,plu,,pres,para,caus,plāvayat,plu
plAvayamAna,plu,,pres,atma,caus,plāvayamāna,plu
plAvayitavya,plu,,fut,pass,caus,plāvayitavya,plu
plAvayizyat,plu,,fut,para,caus,plāvayiṣyat,plu
plAvayizyamAna,plu,,fut,atma,,plāvayiṣyamāna,plu
plAvayizyamAna,plu,,fut,atma,caus,plāvayiṣyamāna,plu
plAvitavat,plu,,past,active,caus,plāvitavat,plu
plAvita,plu,,past,pass,caus,plāvita,plu
plAvyamAna,plu,,pres,pass,caus,plāvyamāna,plu
plAvya,plu,,fut,pass,caus,plāvya,plu
plutavat,plu,,past,active,,plutavat,plu
pluta,plu,,past,pass,,pluta,plu
pluyamAna,plu,,pres,pass,,pluyamāna,plu
plotavya,plu,,fut,pass,,plotavya,plu
ploya,plu,,fut,pass,,ploya,plu
plozyat,plu,,fut,para,,ploṣyat,plu
plozyamAna,plu,,fut,atma,,ploṣyamāna,plu
Palat,Pal,1,pres,para,,phalat,phal
PalanIya,Pal,,fut,pass,,phalanīya,phal
PalamAna,Pal,1,pres,atma,,phalamāna,phal
Palitavat,Pal,,past,active,,phalitavat,phal
Palitavya,Pal,,fut,pass,,phalitavya,phal
Palita,Pal,,past,pass,,phalita,phal
Palizyat,Pal,,fut,para,,phaliṣyat,phal
PalizyamAna,Pal,,fut,atma,,phaliṣyamāna,phal
PalyamAna,Pal,,pres,pass,,phalyamāna,phal
Palya,Pal,,fut,pass,,phalya,phal
Pullat,Pull,1,pres,para,,phullat,phull
PullamAna,Pull,1,pres,atma,,phullamāna,phull
Pullitavat,Pull,,past,active,,phullitavat,phull
Pullita,Pull,,past,pass,,phullita,phull
PullyamAna,Pull,,pres,pass,,phullyamāna,phull
PollanIya,Pull,,fut,pass,,phollanīya,phull
Pollitavya,Pull,,fut,pass,,phollitavya,phull
Pollizyat,Pull,,fut,para,,pholliṣyat,phull
PollizyamAna,Pull,,fut,atma,,pholliṣyamāna,phull
Pollya,Pull,,fut,pass,,phollya,phull
baMhanIya,baMh,,fut,pass,,baṃhanīya,baṃh
baMhanIya,baMh,,fut,pass,caus,baṃhanīya,baṃh
baMhamAna,baMh,1,pres,atma,,baṃhamāna,baṃh
baMhayat,baMh,,pres,para,caus,baṃhayat,baṃh
baMhayamAna,baMh,,pres,atma,caus,baṃhayamāna,baṃh
baMhayitavya,baMh,,fut,pass,caus,baṃhayitavya,baṃh
baMhayizyat,baMh,,fut,para,caus,baṃhayiṣyat,baṃh
baMhayizyamAna,baMh,,fut,atma,,baṃhayiṣyamāna,baṃh
baMhayizyamAna,baMh,,fut,atma,caus,baṃhayiṣyamāna,baṃh
baMhitavat,baMh,,past,active,caus,baṃhitavat,baṃh
baMhitavya,baMh,,fut,pass,,baṃhitavya,baṃh
baMhita,baMh,,past,pass,caus,baṃhita,baṃh
baMhizyamAna,baMh,,fut,atma,,baṃhiṣyamāna,baṃh
baMhyamAna,baMh,,pres,pass,caus,baṃhyamāna,baṃh
baMhya,baMh,,fut,pass,,baṃhya,baṃh
baMhya,baMh,,fut,pass,caus,baṃhya,baṃh
badDavat,banD,,past,active,,baddhavat,bandh
badDa,banD,,past,pass,,baddha,bandh
baDnat,banD,9,pres,para,,badhnat,bandh
baDnAna,banD,9,pres,atma,,badhnāna,bandh
baDyamAna,banD,,pres,pass,,badhyamāna,bandh
bandDavya,banD,,fut,pass,,banddhavya,bandh
banDanIya,banD,,fut,pass,,bandhanīya,bandh
banDanIya,banD,,fut,pass,caus,bandhanīya,bandh
banDayat,banD,,pres,para,caus,bandhayat,bandh
banDayamAna,banD,,pres,atma,caus,bandhayamāna,bandh
banDayitavya,banD,,fut,pass,caus,bandhayitavya,bandh
banDayizyat,banD,,fut,para,caus,bandhayiṣyat,bandh
banDayizyamAna,banD,,fut,atma,,bandhayiṣyamāna,bandh
banDayizyamAna,banD,,fut,atma,caus,bandhayiṣyamāna,bandh
banDitavat,banD,,past,active,caus,bandhitavat,bandh
banDitavya,banD,,fut,pass,,bandhitavya,bandh
banDita,banD,,past,pass,caus,bandhita,bandh
banDizyat,banD,,fut,para,,bandhiṣyat,bandh
banDizyamAna,banD,,fut,atma,,bandhiṣyamāna,bandh
banDyamAna,banD,,pres,pass,caus,bandhyamāna,bandh
banDya,banD,,fut,pass,,bandhya,bandh
banDya,banD,,fut,pass,caus,bandhya,bandh
babaMhAna,baMh,,perf,atma,,babaṃhāna,baṃh
babanDAna,banD,,perf,atma,,babandhāna,bandh
babanDvas,banD,,perf,para,,babandhvas,bandh
babADAna,bAD,,perf,atma,,babādhāna,bādh
babADvas,bAD,,perf,para,,babādhvas,bādh
babAzpARa,bAzp,,perf,atma,,babāṣpāṇa,bāṣp
babAzpvas,bAzp,,perf,para,,babāṣpvas,bāṣp
babfhARa,bfh#1,,perf,atma,,babṛhāṇa,bṛh#1
babfhARa,bfh#2,,perf,atma,,babṛhāṇa,bṛh#2
babfhvas,bfh#1,,perf,para,,babṛhvas,bṛh#1
babfhvas,bfh#2,,perf,para,,babṛhvas,bṛh#2
baBakzARa,Bakz,,perf,atma,,babhakṣāṇa,bhakṣ
baBakzvas,Bakz,,perf,para,,babhakṣvas,bhakṣ
baBaYjAna,BaYj,,perf,atma,,babhañjāna,bhañj
baBaYjvas,BaYj,,perf,para,,babhañjvas,bhañj
baBaRAna,BaR,,perf,atma,,babhaṇāna,bhaṇ
baBaRqAna,BaRq,,perf,atma,,babhaṇḍāna,bhaṇḍ
baBaRqvas,BaRq,,perf,para,,babhaṇḍvas,bhaṇḍ
baBaRvas,BaR,,perf,para,,babhaṇvas,bhaṇ
baBandAna,Band,,perf,atma,,babhandāna,bhand
baBandvas,Band,,perf,para,,babhandvas,bhand
baBartsAna,Barts,,perf,atma,,babhartsāna,bharts
baBartsvas,Barts,,perf,para,,babhartsvas,bharts
baBazARa,Baz,,perf,atma,,babhaṣāṇa,bhaṣ
baBazvas,Baz,,perf,para,,babhaṣvas,bhaṣ
baBasat,Bas,3,pres,para,,babhasat,bhas
baBasAna,Bas,3,pres,atma,,babhasāna,bhas
baBasAna,Bas,,perf,atma,,babhasāna,bhas
baBasvas,Bas,,perf,para,,babhasvas,bhas
baBAna,BA#1,,perf,atma,,babhāna,bhā#1
baBAzARa,BAz,,perf,atma,,babhāṣāṇa,bhāṣ
baBAzvas,BAz,,perf,para,,babhāṣvas,bhāṣ
baBAsAna,BAs#1,,perf,atma,,babhāsāna,bhās#1
baBAsvas,BAs#1,,perf,para,,babhāsvas,bhās#1
baBivas,BA#1,,perf,para,,babhivas,bhā#1
baBUvas,BU#1,,perf,para,,babhūvas,bhū#1
baBUvAna,BU#1,,perf,atma,,babhūvāna,bhū#1
baBfjAna,Bfjj,,perf,atma,,babhṛjāna,bhṛjj
baBfjvas,Bfjj,,perf,para,,babhṛjvas,bhṛjj
baBfvas,Bf,,perf,para,,babhṛvas,bhṛ
baBraMSAna,BraMS,,perf,atma,,babhraṃśāna,bhraṃś
baBraMSvas,BraMS,,perf,para,,babhraṃśvas,bhraṃś
baBraRvas,Bram,,perf,para,,babhraṇvas,bhram
baBramARa,Bram,,perf,atma,,babhramāṇa,bhram
baBrAjAna,BrAj,,perf,atma,,babhrājāna,bhrāj
baBrAjvas,BrAj,,perf,para,,babhrājvas,bhrāj
baBrARa,Bf,,perf,atma,,babhrāṇa,bhṛ
barQavya,bfh#1,,fut,pass,,barḍhavya,bṛh#1
barQavya,bfh#2,,fut,pass,,barḍhavya,bṛh#2
barhaRIya,bfh#1,,fut,pass,,barhaṇīya,bṛh#1
barhaRIya,bfh#2,,fut,pass,,barhaṇīya,bṛh#2
balat,bal,1,pres,para,,balat,bal
balanIya,bal,,fut,pass,,balanīya,bal
balamAna,bal,1,pres,atma,,balamāna,bal
balitavya,bal,,fut,pass,,balitavya,bal
balizyat,bal,,fut,para,,baliṣyat,bal
balizyamAna,bal,,fut,atma,,baliṣyamāna,bal
balyamAna,bal,,pres,pass,,balyamāna,bal
balya,bal,,fut,pass,,balya,bal
bahyamAna,baMh,,pres,pass,,bahyamāna,baṃh
bAQavat,baMh,,past,active,,bāḍhavat,baṃh
bAQa,baMh,,past,pass,,bāḍha,baṃh
bAdDavya,bAD,,fut,pass,,bāddhavya,bādh
bADat,bAD,1,pres,para,,bādhat,bādh
bADanIya,bAD,,fut,pass,,bādhanīya,bādh
bADanIya,bAD,,fut,pass,caus,bādhanīya,bādh
bADamAna,bAD,1,pres,atma,,bādhamāna,bādh
bADayat,bAD,,pres,para,caus,bādhayat,bādh
bADayamAna,bAD,,pres,atma,caus,bādhayamāna,bādh
bADayitavya,bAD,,fut,pass,caus,bādhayitavya,bādh
bADayizyat,bAD,,fut,para,caus,bādhayiṣyat,bādh
bADayizyamAna,bAD,,fut,atma,,bādhayiṣyamāna,bādh
bADayizyamAna,bAD,,fut,atma,caus,bādhayiṣyamāna,bādh
bADitavat,bAD,,past,active,,bādhitavat,bādh
bADitavat,bAD,,past,active,caus,bādhitavat,bādh
bADita,bAD,,past,pass,,bādhita,bādh
bADita,bAD,,past,pass,caus,bādhita,bādh
bADyamAna,bAD,,pres,pass,,bādhyamāna,bādh
bADyamAna,bAD,,pres,pass,caus,bādhyamāna,bādh
bADya,bAD,,fut,pass,,bādhya,bādh
bADya,bAD,,fut,pass,caus,bādhya,bādh
bAzpaRIya,bAzp,,fut,pass,,bāṣpaṇīya,bāṣp
bAzpayizyat,bAzp,,fut,para,,bāṣpayiṣyat,bāṣp
bAzpayizyamAna,bAzp,,fut,atma,,bāṣpayiṣyamāna,bāṣp
bAzpAyat,bAzp,10,pres,para,,bāṣpāyat,bāṣp
bAzpAyamAna,bAzp,10,pres,atma,,bāṣpāyamāna,bāṣp
bAzpAyitavya,bAzp,,fut,pass,,bāṣpāyitavya,bāṣp
bAzpitavat,bAzp,,past,active,,bāṣpitavat,bāṣp
bAzpita,bAzp,,past,pass,,bāṣpita,bāṣp
bAzpyamAna,bAzp,,pres,pass,,bāṣpyamāna,bāṣp
bAzpya,bAzp,,fut,pass,,bāṣpya,bāṣp
bibIBatsAna,bAD,,perf,atma,desid,bibībhatsāna,bādh
biBikzARa,Baj,,perf,atma,desid,bibhikṣāṇa,bhaj
biBidAna,Bid#1,,perf,atma,,bibhidāna,bhid#1
biBidvas,Bid#1,,perf,para,,bibhidvas,bhid#1
biBIvas,BI#1,,perf,para,,bibhīvas,bhī#1
biByat,BI#1,3,pres,para,,bibhyat,bhī#1
biByAna,BI#1,3,pres,atma,,bibhyāna,bhī#1
biByAna,BI#1,,perf,atma,,bibhyāna,bhī#1
biBrat,Bf,3,pres,para,,bibhrat,bhṛ
biBrARa,Bf,3,pres,atma,,bibhrāṇa,bhṛ
bIBatsamAna,bAD,,pres,atma,desid,bībhatsamāna,bādh
bIBatsitavat,bAD,,past,active,desid,bībhatsitavat,bādh
bIBatsita,bAD,,past,pass,desid,bībhatsita,bādh
budDavat,buD#1,,past,active,,buddhavat,budh#1
budDa,buD#1,,past,pass,,buddha,budh#1
buDyat,buD#1,4,pres,para,,budhyat,budh#1
buDyamAna,buD#1,4,pres,atma,,budhyamāna,budh#1
buDyamAna,buD#1,,pres,pass,,budhyamāna,budh#1
bubuDAna,buD#1,,perf,atma,,bubudhāna,budh#1
bubuDvas,buD#1,,perf,para,,bubudhvas,budh#1
bubuBukzvas,Buj#2,,perf,para,desid,bububhukṣvas,bhuj#2
bubuButsAna,buD#1,,perf,atma,desid,bububhutsāna,budh#1
bubuButsvas,buD#1,,perf,para,desid,bububhutsvas,budh#1
bubrUvas,brU,,perf,para,,bubrūvas,brū
bubrvARa,brU,,perf,atma,,bubrvāṇa,brū
buBukzaRIya,Buj#2,,fut,pass,desid,bubhukṣaṇīya,bhuj#2
buBukzat,Buj#2,,pres,para,desid,bubhukṣat,bhuj#2
buBukzitavat,Buj#2,,past,active,desid,bubhukṣitavat,bhuj#2
buBukzita,Buj#2,,past,pass,desid,bubhukṣita,bhuj#2
buBujAna,Buj#2,,perf,atma,,bubhujāna,bhuj#2
buBujvas,Buj#1,,perf,para,,bubhujvas,bhuj#1
buBujvas,Buj#2,,perf,para,,bubhujvas,bhuj#2
buButsat,buD#1,,pres,para,desid,bubhutsat,budh#1
buButsanIya,buD#1,,fut,pass,desid,bubhutsanīya,budh#1
buButsamAna,buD#1,,pres,atma,desid,bubhutsamāna,budh#1
buButsitavat,buD#1,,past,active,desid,bubhutsitavat,budh#1
buButsita,buD#1,,past,pass,desid,bubhutsita,budh#1
buBUzARa,BUz,,perf,atma,,bubhūṣāṇa,bhūṣ
buBUzvas,BUz,,perf,para,,bubhūṣvas,bhūṣ
bfMhaRIya,bfh#1,,fut,pass,caus,bṛṃhaṇīya,bṛh#1
bfMhat,bfh#1,1,pres,para,,bṛṃhat,bṛh#1
bfMhamAna,bfh#1,1,pres,atma,,bṛṃhamāna,bṛh#1
bfMhayat,bfh#1,,pres,para,caus,bṛṃhayat,bṛh#1
bfMhayamAna,bfh#1,,pres,atma,caus,bṛṃhayamāna,bṛh#1
bfMhayitavya,bfh#1,,fut,pass,caus,bṛṃhayitavya,bṛh#1
bfMhayizyat,bfh#1,,fut,para,caus,bṛṃhayiṣyat,bṛh#1
bfMhayizyamAna,bfh#1,,fut,atma,,bṛṃhayiṣyamāna,bṛh#1
bfMhayizyamAna,bfh#1,,fut,atma,caus,bṛṃhayiṣyamāna,bṛh#1
bfMhitavat,bfh#1,,past,active,,bṛṃhitavat,bṛh#1
bfMhitavat,bfh#1,,past,active,caus,bṛṃhitavat,bṛh#1
bfMhita,bfh#1,,past,pass,,bṛṃhita,bṛh#1
bfMhita,bfh#1,,past,pass,caus,bṛṃhita,bṛh#1
bfMhyamAna,bfh#1,,pres,pass,caus,bṛṃhyamāna,bṛh#1
bfMhya,bfh#1,,fut,pass,caus,bṛṃhya,bṛh#1
bfQavat,bfh#2,,past,active,,bṛḍhavat,bṛh#2
bfQa,bfh#2,,past,pass,,bṛḍha,bṛh#2
bfhat,bfh#2,6,pres,para,,bṛhat,bṛh#2
bfhamAna,bfh#2,6,pres,atma,,bṛhamāna,bṛh#2
bfhyamAna,bfh#1,,pres,pass,,bṛhyamāna,bṛh#1
bfhyamAna,bfh#2,,pres,pass,,bṛhyamāna,bṛh#2
bfhya,bfh#1,,fut,pass,,bṛhya,bṛh#1
bfhya,bfh#2,,fut,pass,,bṛhya,bṛh#2
belAna,bal,,perf,atma,,belāna,bal
belivas,bal,,perf,para,,belivas,bal
bodDavya,buD#1,,fut,pass,,boddhavya,budh#1
boDat,buD#1,1,pres,para,,bodhat,budh#1
boDanIya,buD#1,,fut,pass,,bodhanīya,budh#1
boDanIya,buD#1,,fut,pass,caus,bodhanīya,budh#1
boDamAna,buD#1,1,pres,atma,,bodhamāna,budh#1
boDayat,buD#1,,pres,para,caus,bodhayat,budh#1
boDayamAna,buD#1,,pres,atma,caus,bodhayamāna,budh#1
boDayitavya,buD#1,,fut,pass,caus,bodhayitavya,budh#1
boDayizyat,buD#1,,fut,para,caus,bodhayiṣyat,budh#1
boDayizyamAna,buD#1,,fut,atma,,bodhayiṣyamāna,budh#1
boDayizyamAna,buD#1,,fut,atma,caus,bodhayiṣyamāna,budh#1
boDitavat,buD#1,,past,active,caus,bodhitavat,budh#1
boDita,buD#1,,past,pass,caus,bodhita,budh#1
boDyamAna,buD#1,,pres,pass,caus,bodhyamāna,budh#1
boDya,buD#1,,fut,pass,,bodhya,budh#1
boDya,buD#1,,fut,pass,caus,bodhya,budh#1
boBavat,BU#1,,pres,para,intens,bobhavat,bhū#1
boBuDat,buD#1,,pres,para,intens,bobhudhat,budh#1
boBUyamAna,BU#1,,pres,atma,intens,bobhūyamāna,bhū#1
bravaRIya,brU,,fut,pass,,bravaṇīya,brū
bravitavya,brU,,fut,pass,,bravitavya,brū
bravizyat,brU,,fut,para,,braviṣyat,brū
bravizyamAna,brU,,fut,atma,,braviṣyamāna,brū
bruvat,brU,2,pres,para,,bruvat,brū
bruvat,brU,6,pres,para,,bruvat,brū
bruvamAna,brU,6,pres,atma,,bruvamāna,brū
bruvARa,brU,2,pres,atma,,bruvāṇa,brū
brUtavat,brU,,past,active,,brūtavat,brū
brUta,brU,,past,pass,,brūta,brū
brUyamAna,brU,,pres,pass,,brūyamāna,brū
broya,brU,,fut,pass,,broya,brū
BaHsyat,Bas,,fut,para,,bhaḥsyat,bhas
BaHsyamAna,Bas,,fut,atma,,bhaḥsyamāna,bhas
Baktavat,Baj,,past,active,,bhaktavat,bhaj
Baktavya,Baj,,fut,pass,,bhaktavya,bhaj
Bakta,Baj,,past,pass,,bhakta,bhaj
BakzaRIya,Bakz,,fut,pass,,bhakṣaṇīya,bhakṣ
BakzaRIya,Bakz,,fut,pass,caus,bhakṣaṇīya,bhakṣ
Bakzat,Bakz,1,pres,para,,bhakṣat,bhakṣ
BakzamAna,Bakz,1,pres,atma,,bhakṣamāna,bhakṣ
Bakzayat,Bakz,,pres,para,caus,bhakṣayat,bhakṣ
BakzayamAna,Bakz,,pres,atma,caus,bhakṣayamāna,bhakṣ
Bakzayitavya,Bakz,,fut,pass,caus,bhakṣayitavya,bhakṣ
Bakzayizyat,Bakz,,fut,para,caus,bhakṣayiṣyat,bhakṣ
BakzayizyamAna,Bakz,,fut,atma,,bhakṣayiṣyamāna,bhakṣ
BakzayizyamAna,Bakz,,fut,atma,caus,bhakṣayiṣyamāna,bhakṣ
Bakzitavat,Bakz,,past,active,,bhakṣitavat,bhakṣ
Bakzitavat,Bakz,,past,active,caus,bhakṣitavat,bhakṣ
Bakzita,Bakz,,past,pass,,bhakṣita,bhakṣ
Bakzita,Bakz,,past,pass,caus,bhakṣita,bhakṣ
Bakzyat,Bakz,,fut,para,,bhakṣyat,bhakṣ
Bakzyat,Baj,,fut,para,,bhakṣyat,bhaj
Bakzyat,Baz,,fut,para,,bhakṣyat,bhaṣ
BakzyamAna,Bakz,,fut,atma,,bhakṣyamāna,bhakṣ
BakzyamAna,Bakz,,pres,pass,,bhakṣyamāna,bhakṣ
BakzyamAna,Bakz,,pres,pass,caus,bhakṣyamāna,bhakṣ
BakzyamAna,Baj,,fut,atma,,bhakṣyamāna,bhaj
BakzyamAna,Baz,,fut,atma,,bhakṣyamāna,bhaṣ
Bakzya,Bakz,,fut,pass,,bhakṣya,bhakṣ
Bakzya,Bakz,,fut,pass,caus,bhakṣya,bhakṣ
Bagnavat,BaYj,,past,active,,bhagnavat,bhañj
Bagna,BaYj,,past,pass,,bhagna,bhañj
BaNktavya,BaYj,,fut,pass,,bhaṅktavya,bhañj
BaNkzyat,BaYj,,fut,para,,bhaṅkṣyat,bhañj
BaNkzyamAna,BaYj,,fut,atma,,bhaṅkṣyamāna,bhañj
Bajat,Baj,1,pres,para,,bhajat,bhaj
BajanIya,Baj,,fut,pass,,bhajanīya,bhaj
BajamAna,Baj,1,pres,atma,,bhajamāna,bhaj
Bajitavya,Baj,,fut,pass,,bhajitavya,bhaj
Bajizyat,Baj,,fut,para,,bhajiṣyat,bhaj
BajizyamAna,Baj,,fut,atma,,bhajiṣyamāna,bhaj
BajyamAna,Baj,,pres,pass,,bhajyamāna,bhaj
BajyamAna,BaYj,,pres,pass,,bhajyamāna,bhañj
Bajya,Baj,,fut,pass,,bhajya,bhaj
BaYjat,BaYj,7,pres,para,,bhañjat,bhañj
BaYjanIya,BaYj,,fut,pass,,bhañjanīya,bhañj
BaYjanIya,BaYj,,fut,pass,caus,bhañjanīya,bhañj
BaYjayat,BaYj,,pres,para,caus,bhañjayat,bhañj
BaYjayamAna,BaYj,,pres,atma,caus,bhañjayamāna,bhañj
BaYjayitavya,BaYj,,fut,pass,caus,bhañjayitavya,bhañj
BaYjayizyat,BaYj,,fut,para,caus,bhañjayiṣyat,bhañj
BaYjayizyamAna,BaYj,,fut,atma,,bhañjayiṣyamāna,bhañj
BaYjayizyamAna,BaYj,,fut,atma,caus,bhañjayiṣyamāna,bhañj
BaYjAna,BaYj,7,pres,atma,,bhañjāna,bhañj
BaYjitavat,BaYj,,past,active,caus,bhañjitavat,bhañj
BaYjita,BaYj,,past,pass,caus,bhañjita,bhañj
BaYjyamAna,BaYj,,pres,pass,caus,bhañjyamāna,bhañj
BaYjya,BaYj,,fut,pass,,bhañjya,bhañj
BaYjya,BaYj,,fut,pass,caus,bhañjya,bhañj
BaRat,BaR,1,pres,para,,bhaṇat,bhaṇ
BaRanIya,BaR,,fut,pass,,bhaṇanīya,bhaṇ
BaRamAna,BaR,1,pres,atma,,bhaṇamāna,bhaṇ
BaRitavat,BaR,,past,active,,bhaṇitavat,bhaṇ
BaRita,BaR,,past,pass,,bhaṇita,bhaṇ
BaRwwavya,BaRq,,fut,pass,,bhaṇṭṭavya,bhaṇḍ
BaRqat,BaRq,1,pres,para,,bhaṇḍat,bhaṇḍ
BaRqanIya,BaRq,,fut,pass,,bhaṇḍanīya,bhaṇḍ
BaRqamAna,BaRq,1,pres,atma,,bhaṇḍamāna,bhaṇḍ
BaRqitavat,BaRq,,past,active,,bhaṇḍitavat,bhaṇḍ
BaRqita,BaRq,,past,pass,,bhaṇḍita,bhaṇḍ
BaRqyamAna,BaRq,,pres,pass,,bhaṇḍyamāna,bhaṇḍ
BaRqya,BaRq,,fut,pass,,bhaṇḍya,bhaṇḍ
BaRqsyat,BaRq,,fut,para,,bhaṇḍsyat,bhaṇḍ
BaRqsyamAna,BaRq,,fut,atma,,bhaṇḍsyamāna,bhaṇḍ
BaRtavya,BaR,,fut,pass,,bhaṇtavya,bhaṇ
BaRyamAna,BaR,,pres,pass,,bhaṇyamāna,bhaṇ
BaRya,BaR,,fut,pass,,bhaṇya,bhaṇ
BaRsyat,BaR,,fut,para,,bhaṇsyat,bhaṇ
BaRsyamAna,BaR,,fut,atma,,bhaṇsyamāna,bhaṇ
Banttavya,Band,,fut,pass,,bhanttavya,bhand
Bantsyat,Band,,fut,para,,bhantsyat,bhand
Bantsyat,banD,,fut,para,,bhantsyat,bandh
BantsyamAna,Band,,fut,atma,,bhantsyamāna,bhand
BantsyamAna,banD,,fut,atma,,bhantsyamāna,bandh
Bandat,Band,1,pres,para,,bhandat,bhand
BandanIya,Band,,fut,pass,,bhandanīya,bhand
BandamAna,Band,1,pres,atma,,bhandamāna,bhand
Banditavat,Band,,past,active,,bhanditavat,bhand
Bandita,Band,,past,pass,,bhandita,bhand
BandyamAna,Band,,pres,pass,,bhandyamāna,bhand
Bandya,Band,,fut,pass,,bhandya,bhand
BayanIya,BI#1,,fut,pass,,bhayanīya,bhī#1
BaraRIya,Bf,,fut,pass,,bharaṇīya,bhṛ
Barat,Bf,1,pres,para,,bharat,bhṛ
BaramAna,Bf,1,pres,atma,,bharamāna,bhṛ
Barizyat,Bf,,fut,para,,bhariṣyat,bhṛ
BarizyamAna,Bf,,fut,atma,,bhariṣyamāna,bhṛ
Barkzyat,Bfjj,,fut,para,,bharkṣyat,bhṛjj
Barkzyat,bfh#1,,fut,para,,bharkṣyat,bṛh#1
Barkzyat,bfh#2,,fut,para,,bharkṣyat,bṛh#2
BarkzyamAna,Bfjj,,fut,atma,,bharkṣyamāna,bhṛjj
BarkzyamAna,bfh#1,,fut,atma,,bharkṣyamāna,bṛh#1
BarkzyamAna,bfh#2,,fut,atma,,bharkṣyamāna,bṛh#2
BarjanIya,Bfjj,,fut,pass,,bharjanīya,bhṛjj
Bartavya,Bf,,fut,pass,,bhartavya,bhṛ
BartsanIya,Barts,,fut,pass,,bhartsanīya,bharts
Bartsayat,Barts,10,pres,para,,bhartsayat,bharts
BartsayamAna,Barts,10,pres,atma,,bhartsayamāna,bharts
Bartsayitavya,Barts,,fut,pass,,bhartsayitavya,bharts
Bartsitavat,Barts,,past,active,,bhartsitavat,bharts
Bartsita,Barts,,past,pass,,bhartsita,bharts
Bartsyat,Barts,,fut,para,,bhartsyat,bharts
BartsyamAna,Barts,,fut,atma,,bhartsyamāna,bharts
BartsyamAna,Barts,,pres,pass,,bhartsyamāna,bharts
Bartsya,Barts,,fut,pass,,bhartsya,bharts
Barzwavya,Bfjj,,fut,pass,,bharṣṭavya,bhṛjj
Bavat,BU#1,1,pres,para,,bhavat,bhū#1
BavanIya,BU#1,,fut,pass,,bhavanīya,bhū#1
BavamAna,BU#1,1,pres,atma,,bhavamāna,bhū#1
Bavitavya,BU#1,,fut,pass,,bhavitavya,bhū#1
Bavizyat,BU#1,,fut,para,,bhaviṣyat,bhū#1
BavizyamAna,BU#1,,fut,atma,,bhaviṣyamāna,bhū#1
BazaRIya,Baz,,fut,pass,,bhaṣaṇīya,bhaṣ
Bazat,Baz,1,pres,para,,bhaṣat,bhaṣ
BazamAna,Baz,1,pres,atma,,bhaṣamāna,bhaṣ
Bazwavat,Baz,,past,active,,bhaṣṭavat,bhaṣ
Bazwavya,Baz,,fut,pass,,bhaṣṭavya,bhaṣ
Bazwavya,Bakz,,fut,pass,,bhaṣṭavya,bhakṣ
Bazwa,Baz,,past,pass,,bhaṣṭa,bhaṣ
BazyamAna,Baz,,pres,pass,,bhaṣyamāna,bhaṣ
Bazya,Baz,,fut,pass,,bhaṣya,bhaṣ
BasanIya,Bas,,fut,pass,,bhasanīya,bhas
Basitavat,Bas,,past,active,,bhasitavat,bhas
Basita,Bas,,past,pass,,bhasita,bhas
Bastavya,Bas,,fut,pass,,bhastavya,bhas
BasyamAna,Bas,,pres,pass,,bhasyamāna,bhas
Basya,Bas,,fut,pass,,bhasya,bhas
BAHsyat,BAs#1,,fut,para,,bhāḥsyat,bhās#1
BAHsyamAna,BAs#1,,fut,atma,,bhāḥsyamāna,bhās#1
BAkzyat,BAz,,fut,para,,bhākṣyat,bhāṣ
BAkzyamAna,BAz,,fut,atma,,bhākṣyamāna,bhāṣ
BAtavat,BA#1,,past,active,,bhātavat,bhā#1
BAtavya,BA#1,,fut,pass,,bhātavya,bhā#1
BAta,BA#1,,past,pass,,bhāta,bhā#1
BAtsyat,bAD,,fut,para,,bhātsyat,bādh
BAtsyamAna,bAD,,fut,atma,,bhātsyamāna,bādh
BAna,BA#1,2,pres,atma,,bhāna,bhā#1
BAnIya,BA#1,,fut,pass,,bhānīya,bhā#1
BAyanIya,BI#1,,fut,pass,caus,bhāyanīya,bhī#1
BAyamAna,BA#1,,pres,pass,,bhāyamāna,bhā#1
BAyayat,BI#1,,pres,para,caus,bhāyayat,bhī#1
BAyayamAna,BI#1,,pres,atma,caus,bhāyayamāna,bhī#1
BAyayitavya,BI#1,,fut,pass,caus,bhāyayitavya,bhī#1
BAyayizyat,BI#1,,fut,para,caus,bhāyayiṣyat,bhī#1
BAyayizyamAna,BI#1,,fut,atma,,bhāyayiṣyamāna,bhī#1
BAyayizyamAna,BI#1,,fut,atma,caus,bhāyayiṣyamāna,bhī#1
BAyitavat,BI#1,,past,active,caus,bhāyitavat,bhī#1
BAyita,BI#1,,past,pass,caus,bhāyita,bhī#1
BAyyamAna,BI#1,,pres,pass,caus,bhāyyamāna,bhī#1
BAyya,BI#1,,fut,pass,caus,bhāyya,bhī#1
BAraRIya,Bf,,fut,pass,caus,bhāraṇīya,bhṛ
BArayat,Bf,,pres,para,caus,bhārayat,bhṛ
BArayamAna,Bf,,pres,atma,caus,bhārayamāna,bhṛ
BArayitavya,Bf,,fut,pass,caus,bhārayitavya,bhṛ
BArayizyat,Bf,,fut,para,caus,bhārayiṣyat,bhṛ
BArayizyamAna,Bf,,fut,atma,,bhārayiṣyamāna,bhṛ
BArayizyamAna,Bf,,fut,atma,caus,bhārayiṣyamāna,bhṛ
BAritavat,Bf,,past,active,caus,bhāritavat,bhṛ
BArita,Bf,,past,pass,caus,bhārita,bhṛ
BAryamAna,Bf,,pres,pass,caus,bhāryamāna,bhṛ
BArya,Bf,,fut,pass,,bhārya,bhṛ
BArya,Bf,,fut,pass,caus,bhārya,bhṛ
BAvanIya,BU#1,,fut,pass,caus,bhāvanīya,bhū#1
BAvayat,BU#1,,pres,para,caus,bhāvayat,bhū#1
BAvayamAna,BU#1,,pres,atma,caus,bhāvayamāna,bhū#1
BAvayitavya,BU#1,,fut,pass,caus,bhāvayitavya,bhū#1
BAvayizyat,BU#1,,fut,para,caus,bhāvayiṣyat,bhū#1
BAvayizyamAna,BU#1,,fut,atma,,bhāvayiṣyamāna,bhū#1
BAvayizyamAna,BU#1,,fut,atma,caus,bhāvayiṣyamāna,bhū#1
BAvitavat,BU#1,,past,active,caus,bhāvitavat,bhū#1
BAvita,BU#1,,past,pass,caus,bhāvita,bhū#1
BAvyamAna,BU#1,,pres,pass,caus,bhāvyamāna,bhū#1
BAvya,BU#1,,fut,pass,,bhāvya,bhū#1
BAvya,BU#1,,fut,pass,caus,bhāvya,bhū#1
BAzaRIya,BAz,,fut,pass,,bhāṣaṇīya,bhāṣ
BAzat,BAz,1,pres,para,,bhāṣat,bhāṣ
BAzamAna,BAz,1,pres,atma,,bhāṣamāna,bhāṣ
BAzitavat,BAz,,past,active,,bhāṣitavat,bhāṣ
BAzita,BAz,,past,pass,,bhāṣita,bhāṣ
BAzwavya,BAz,,fut,pass,,bhāṣṭavya,bhāṣ
BAzyamAna,BAz,,pres,pass,,bhāṣyamāna,bhāṣ
BAzya,BAz,,fut,pass,,bhāṣya,bhāṣ
BAsat,BAs#1,1,pres,para,,bhāsat,bhās#1
BAsanIya,BAs#1,,fut,pass,,bhāsanīya,bhās#1
BAsanIya,BAs#1,,fut,pass,caus,bhāsanīya,bhās#1
BAsamAna,BAs#1,1,pres,atma,,bhāsamāna,bhās#1
BAsayat,BAs#1,,pres,para,caus,bhāsayat,bhās#1
BAsayamAna,BAs#1,,pres,atma,caus,bhāsayamāna,bhās#1
BAsayitavya,BAs#1,,fut,pass,caus,bhāsayitavya,bhās#1
BAsayizyat,BAs#1,,fut,para,caus,bhāsayiṣyat,bhās#1
BAsayizyamAna,BAs#1,,fut,atma,,bhāsayiṣyamāna,bhās#1
BAsayizyamAna,BAs#1,,fut,atma,caus,bhāsayiṣyamāna,bhās#1
BAsitavat,BAs#1,,past,active,,bhāsitavat,bhās#1
BAsitavat,BAs#1,,past,active,caus,bhāsitavat,bhās#1
BAsita,BAs#1,,past,pass,,bhāsita,bhās#1
BAsita,BAs#1,,past,pass,caus,bhāsita,bhās#1
BAstavya,BAs#1,,fut,pass,,bhāstavya,bhās#1
BAsyat,BA#1,,fut,para,,bhāsyat,bhā#1
BAsyamAna,BAs#1,,pres,pass,,bhāsyamāna,bhās#1
BAsyamAna,BAs#1,,pres,pass,caus,bhāsyamāna,bhās#1
BAsyamAna,BA#1,,fut,atma,,bhāsyamāna,bhā#1
BAsya,BAs#1,,fut,pass,,bhāsya,bhās#1
BAsya,BAs#1,,fut,pass,caus,bhāsya,bhās#1
BikzamAna,Baj,,pres,atma,desid,bhikṣamāna,bhaj
Bikzitavat,Baj,,past,active,desid,bhikṣitavat,bhaj
Bikzita,Baj,,past,pass,desid,bhikṣita,bhaj
BidyamAna,Bid#1,,pres,pass,,bhidyamāna,bhid#1
Bindat,Bid#1,7,pres,para,,bhindat,bhid#1
BindAna,Bid#1,7,pres,atma,,bhindāna,bhid#1
Binnavat,Bid#1,,past,active,,bhinnavat,bhid#1
Binna,Bid#1,,past,pass,,bhinna,bhid#1
BItavat,BI#1,,past,active,,bhītavat,bhī#1
BIta,BI#1,,past,pass,,bhīta,bhī#1
BIyamAna,BI#1,,pres,pass,,bhīyamāna,bhī#1
BIzaRIya,BI#1,,fut,pass,caus,bhīṣaṇīya,bhī#1
BIzayat,BI#1,,pres,para,caus,bhīṣayat,bhī#1
BIzayamAna,BI#1,,pres,atma,caus,bhīṣayamāna,bhī#1
BIzayitavya,BI#1,,fut,pass,caus,bhīṣayitavya,bhī#1
BIzayizyat,BI#1,,fut,para,caus,bhīṣayiṣyat,bhī#1
BIzayizyamAna,BI#1,,fut,atma,,bhīṣayiṣyamāna,bhī#1
BIzayizyamAna,BI#1,,fut,atma,caus,bhīṣayiṣyamāna,bhī#1
BIzitavat,BI#1,,past,active,caus,bhīṣitavat,bhī#1
BIzita,BI#1,,past,pass,caus,bhīṣita,bhī#1
BIzyamAna,BI#1,,pres,pass,caus,bhīṣyamāna,bhī#1
BIzya,BI#1,,fut,pass,caus,bhīṣya,bhī#1
Buktavat,Buj#2,,past,active,,bhuktavat,bhuj#2
Bukta,Buj#2,,past,pass,,bhukta,bhuj#2
Bugnavat,Buj#1,,past,active,,bhugnavat,bhuj#1
Bugna,Buj#1,,past,pass,,bhugna,bhuj#1
Bujat,Buj#1,6,pres,para,,bhujat,bhuj#1
BujyamAna,Buj#1,,pres,pass,,bhujyamāna,bhuj#1
BujyamAna,Buj#2,,pres,pass,,bhujyamāna,bhuj#2
BuYjat,Buj#2,7,pres,para,,bhuñjat,bhuj#2
BuYjAna,Buj#2,7,pres,atma,,bhuñjāna,bhuj#2
BuYjApanIya,Buj#2,,fut,pass,caus,bhuñjāpanīya,bhuj#2
BuYjApayat,Buj#2,,pres,para,caus,bhuñjāpayat,bhuj#2
BuYjApayamAna,Buj#2,,pres,atma,caus,bhuñjāpayamāna,bhuj#2
BuYjApayitavya,Buj#2,,fut,pass,caus,bhuñjāpayitavya,bhuj#2
BuYjApayizyat,Buj#2,,fut,para,caus,bhuñjāpayiṣyat,bhuj#2
BuYjApayizyamAna,Buj#2,,fut,atma,,bhuñjāpayiṣyamāna,bhuj#2
BuYjApayizyamAna,Buj#2,,fut,atma,caus,bhuñjāpayiṣyamāna,bhuj#2
BuYjApitavat,Buj#2,,past,active,caus,bhuñjāpitavat,bhuj#2
BuYjApita,Buj#2,,past,pass,caus,bhuñjāpita,bhuj#2
BuYjApyamAna,Buj#2,,pres,pass,caus,bhuñjāpyamāna,bhuj#2
BuYjApya,Buj#2,,fut,pass,caus,bhuñjāpya,bhuj#2
BUtavat,BU#1,,past,active,,bhūtavat,bhū#1
BUta,BU#1,,past,pass,,bhūta,bhū#1
BUyamAna,BU#1,,pres,pass,,bhūyamāna,bhū#1
BUzaRIya,BUz,,fut,pass,caus,bhūṣaṇīya,bhūṣ
BUzat,BUz,1,pres,para,,bhūṣat,bhūṣ
BUzamAna,BUz,1,pres,atma,,bhūṣamāna,bhūṣ
BUzayat,BUz,,pres,para,caus,bhūṣayat,bhūṣ
BUzayamAna,BUz,,pres,atma,caus,bhūṣayamāna,bhūṣ
BUzayitavya,BUz,,fut,pass,caus,bhūṣayitavya,bhūṣ
BUzayizyat,BUz,,fut,para,caus,bhūṣayiṣyat,bhūṣ
BUzayizyamAna,BUz,,fut,atma,,bhūṣayiṣyamāna,bhūṣ
BUzayizyamAna,BUz,,fut,atma,caus,bhūṣayiṣyamāna,bhūṣ
BUzitavat,BUz,,past,active,,bhūṣitavat,bhūṣ
BUzitavat,BUz,,past,active,caus,bhūṣitavat,bhūṣ
BUzita,BUz,,past,pass,,bhūṣita,bhūṣ
BUzita,BUz,,past,pass,caus,bhūṣita,bhūṣ
BUzyamAna,BUz,,pres,pass,,bhūṣyamāna,bhūṣ
BUzyamAna,BUz,,pres,pass,caus,bhūṣyamāna,bhūṣ
BUzya,BUz,,fut,pass,,bhūṣya,bhūṣ
BUzya,BUz,,fut,pass,caus,bhūṣya,bhūṣ
Bfjjat,Bfjj,6,pres,para,,bhṛjjat,bhṛjj
BfjjamAna,Bfjj,6,pres,atma,,bhṛjjamāna,bhṛjj
BfjjyamAna,Bfjj,,pres,pass,,bhṛjjyamāna,bhṛjj
Bfjjya,Bfjj,,fut,pass,,bhṛjjya,bhṛjj
Bftavat,Bf,,past,active,,bhṛtavat,bhṛ
Bfta,Bf,,past,pass,,bhṛta,bhṛ
Bftya,Bf,,fut,pass,,bhṛtya,bhṛ
Bfzwavat,Bfjj,,past,active,,bhṛṣṭavat,bhṛjj
Bfzwa,Bfjj,,past,pass,,bhṛṣṭa,bhṛjj
BejAna,Baj,,perf,atma,,bhejāna,bhaj
Bejivas,Baj,,perf,para,,bhejivas,bhaj
Betavya,BI#1,,fut,pass,,bhetavya,bhī#1
Bettavya,Bid#1,,fut,pass,,bhettavya,bhid#1
Betsyat,Bid#1,,fut,para,,bhetsyat,bhid#1
BetsyamAna,Bid#1,,fut,atma,,bhetsyamāna,bhid#1
BedanIya,Bid#1,,fut,pass,,bhedanīya,bhid#1
Bedya,Bid#1,,fut,pass,,bhedya,bhid#1
Beya,BA#1,,fut,pass,,bheya,bhā#1
Beya,BI#1,,fut,pass,,bheya,bhī#1
Bezyat,BI#1,,fut,para,,bheṣyat,bhī#1
BezyamAna,BI#1,,fut,atma,,bheṣyamāna,bhī#1
Boktavya,Buj#1,,fut,pass,,bhoktavya,bhuj#1
Boktavya,Buj#2,,fut,pass,,bhoktavya,bhuj#2
Bokzyat,Buj#1,,fut,para,,bhokṣyat,bhuj#1
Bokzyat,Buj#2,,fut,para,,bhokṣyat,bhuj#2
Bokzyat,BUz,,fut,para,,bhokṣyat,bhūṣ
BokzyamAna,Buj#2,,fut,atma,,bhokṣyamāna,bhuj#2
BokzyamAna,BUz,,fut,atma,,bhokṣyamāna,bhūṣ
BojanIya,Buj#1,,fut,pass,,bhojanīya,bhuj#1
BojanIya,Buj#2,,fut,pass,,bhojanīya,bhuj#2
BojanIya,Buj#2,,fut,pass,caus,bhojanīya,bhuj#2
Bojayat,Buj#2,,pres,para,caus,bhojayat,bhuj#2
BojayamAna,Buj#2,,pres,atma,caus,bhojayamāna,bhuj#2
Bojayitavya,Buj#2,,fut,pass,caus,bhojayitavya,bhuj#2
Bojayizyat,Buj#2,,fut,para,caus,bhojayiṣyat,bhuj#2
BojayizyamAna,Buj#2,,fut,atma,,bhojayiṣyamāna,bhuj#2
BojayizyamAna,Buj#2,,fut,atma,caus,bhojayiṣyamāna,bhuj#2
Bojitavat,Buj#2,,past,active,caus,bhojitavat,bhuj#2
Bojita,Buj#2,,past,pass,caus,bhojita,bhuj#2
BojyamAna,Buj#2,,pres,pass,caus,bhojyamāna,bhuj#2
Bojya,Buj#1,,fut,pass,,bhojya,bhuj#1
Bojya,Buj#2,,fut,pass,,bhojya,bhuj#2
Bojya,Buj#2,,fut,pass,caus,bhojya,bhuj#2
Botsyat,buD#1,,fut,para,,bhotsyat,budh#1
BotsyamAna,buD#1,,fut,atma,,bhotsyamāna,budh#1
Boya,BU#1,,fut,pass,,bhoya,bhū#1
BozaRIya,BUz,,fut,pass,,bhoṣaṇīya,bhūṣ
Bozwavya,BUz,,fut,pass,,bhoṣṭavya,bhūṣ
BraMkzyat,BraMS,,fut,para,,bhraṃkṣyat,bhraṃś
BraMkzyamAna,BraMS,,fut,atma,,bhraṃkṣyamāna,bhraṃś
BraMSat,BraMS,1,pres,para,,bhraṃśat,bhraṃś
BraMSanIya,BraMS,,fut,pass,,bhraṃśanīya,bhraṃś
BraMSanIya,BraMS,,fut,pass,caus,bhraṃśanīya,bhraṃś
BraMSamAna,BraMS,1,pres,atma,,bhraṃśamāna,bhraṃś
BraMSayat,BraMS,,pres,para,caus,bhraṃśayat,bhraṃś
BraMSayamAna,BraMS,,pres,atma,caus,bhraṃśayamāna,bhraṃś
BraMSayitavya,BraMS,,fut,pass,caus,bhraṃśayitavya,bhraṃś
BraMSayizyat,BraMS,,fut,para,caus,bhraṃśayiṣyat,bhraṃś
BraMSayizyamAna,BraMS,,fut,atma,,bhraṃśayiṣyamāna,bhraṃś
BraMSayizyamAna,BraMS,,fut,atma,caus,bhraṃśayiṣyamāna,bhraṃś
BraMSitavat,BraMS,,past,active,caus,bhraṃśitavat,bhraṃś
BraMSita,BraMS,,past,pass,caus,bhraṃśita,bhraṃś
BraMSyamAna,BraMS,,pres,pass,caus,bhraṃśyamāna,bhraṃś
BraMSya,BraMS,,fut,pass,,bhraṃśya,bhraṃś
BraMSya,BraMS,,fut,pass,caus,bhraṃśya,bhraṃś
BraMzwavya,BraMS,,fut,pass,,bhraṃṣṭavya,bhraṃś
BraMsyat,Bram,,fut,para,,bhraṃsyat,bhram
BraMsyamAna,Bram,,fut,atma,,bhraṃsyamāna,bhram
Brakzyat,Bfjj,,fut,para,,bhrakṣyat,bhṛjj
BrakzyamAna,Bfjj,,fut,atma,,bhrakṣyamāna,bhṛjj
Brantavya,Bram,,fut,pass,,bhrantavya,bhram
BramaRIya,Bram,,fut,pass,,bhramaṇīya,bhram
Bramat,Bram,1,pres,para,,bhramat,bhram
BramamAna,Bram,1,pres,atma,,bhramamāna,bhram
BramyamAna,Bram,,pres,pass,,bhramyamāna,bhram
Bramya,Bram,,fut,pass,,bhramya,bhram
BraSyat,BraMS,4,pres,para,,bhraśyat,bhraṃś
BraSyamAna,BraMS,4,pres,atma,,bhraśyamāna,bhraṃś
BraSyamAna,BraMS,,pres,pass,,bhraśyamāna,bhraṃś
Brazwavat,BraMS,,past,active,,bhraṣṭavat,bhraṃś
Brazwavya,Bfjj,,fut,pass,,bhraṣṭavya,bhṛjj
Brazwa,BraMS,,past,pass,,bhraṣṭa,bhraṃś
BrAkzyat,BrAj,,fut,para,,bhrākṣyat,bhrāj
BrAkzyamAna,BrAj,,fut,atma,,bhrākṣyamāna,bhrāj
BrAjat,BrAj,1,pres,para,,bhrājat,bhrāj
BrAjanIya,BrAj,,fut,pass,,bhrājanīya,bhrāj
BrAjanIya,BrAj,,fut,pass,caus,bhrājanīya,bhrāj
BrAjamAna,BrAj,1,pres,atma,,bhrājamāna,bhrāj
BrAjayat,BrAj,,pres,para,caus,bhrājayat,bhrāj
BrAjayamAna,BrAj,,pres,atma,caus,bhrājayamāna,bhrāj
BrAjayitavya,BrAj,,fut,pass,caus,bhrājayitavya,bhrāj
BrAjayizyat,BrAj,,fut,para,caus,bhrājayiṣyat,bhrāj
BrAjayizyamAna,BrAj,,fut,atma,,bhrājayiṣyamāna,bhrāj
BrAjayizyamAna,BrAj,,fut,atma,caus,bhrājayiṣyamāna,bhrāj
BrAjitavat,BrAj,,past,active,caus,bhrājitavat,bhrāj
BrAjita,BrAj,,past,pass,caus,bhrājita,bhrāj
BrAjyamAna,BrAj,,pres,pass,,bhrājyamāna,bhrāj
BrAjyamAna,BrAj,,pres,pass,caus,bhrājyamāna,bhrāj
BrAjya,BrAj,,fut,pass,,bhrājya,bhrāj
BrAjya,BrAj,,fut,pass,caus,bhrājya,bhrāj
BrAntavat,Bram,,past,active,,bhrāntavat,bhram
BrAnta,Bram,,past,pass,,bhrānta,bhram
BrAmaRIya,Bram,,fut,pass,caus,bhrāmaṇīya,bhram
BrAmayat,Bram,,pres,para,caus,bhrāmayat,bhram
BrAmayamAna,Bram,,pres,atma,caus,bhrāmayamāna,bhram
BrAmayitavya,Bram,,fut,pass,caus,bhrāmayitavya,bhram
BrAmayizyat,Bram,,fut,para,caus,bhrāmayiṣyat,bhram
BrAmayizyamAna,Bram,,fut,atma,,bhrāmayiṣyamāna,bhram
BrAmayizyamAna,Bram,,fut,atma,caus,bhrāmayiṣyamāna,bhram
BrAmitavat,Bram,,past,active,caus,bhrāmitavat,bhram
BrAmita,Bram,,past,pass,caus,bhrāmita,bhram
BrAmyat,Bram,4,pres,para,,bhrāmyat,bhram
BrAmyamAna,Bram,4,pres,atma,,bhrāmyamāna,bhram
BrAmyamAna,Bram,,pres,pass,caus,bhrāmyamāna,bhram
BrAmya,Bram,,fut,pass,caus,bhrāmya,bhram
BrAzwavat,BrAj,,past,active,,bhrāṣṭavat,bhrāj
BrAzwavya,BrAj,,fut,pass,,bhrāṣṭavya,bhrāj
BrAzwa,BrAj,,past,pass,,bhrāṣṭa,bhrāj
BriyamAna,Bf,,pres,pass,,bhriyamāna,bhṛ
maMkzyamAna,maMh,,fut,atma,,maṃkṣyamāna,maṃh
maMQavya,maMh,,fut,pass,,maṃḍhavya,maṃh
maMsyat,man,,fut,para,,maṃsyat,man
maMsyamAna,man,,fut,atma,,maṃsyamāna,man
maMhanIya,maMh,,fut,pass,,maṃhanīya,maṃh
maMhanIya,maMh,,fut,pass,caus,maṃhanīya,maṃh
maMhamAna,maMh,1,pres,atma,,maṃhamāna,maṃh
maMhayat,maMh,,pres,para,caus,maṃhayat,maṃh
maMhayamAna,maMh,,pres,atma,caus,maṃhayamāna,maṃh
maMhayitavya,maMh,,fut,pass,caus,maṃhayitavya,maṃh
maMhayizyat,maMh,,fut,para,caus,maṃhayiṣyat,maṃh
maMhayizyamAna,maMh,,fut,atma,,maṃhayiṣyamāna,maṃh
maMhayizyamAna,maMh,,fut,atma,caus,maṃhayiṣyamāna,maṃh
maMhitavat,maMh,,past,active,caus,maṃhitavat,maṃh
maMhita,maMh,,past,pass,caus,maṃhita,maṃh
maMhyamAna,maMh,,pres,pass,caus,maṃhyamāna,maṃh
maMhya,maMh,,fut,pass,,maṃhya,maṃh
maMhya,maMh,,fut,pass,caus,maṃhya,maṃh
makzyat,mah,,fut,para,,makṣyat,mah
makzyamAna,mah,,fut,atma,,makṣyamāna,mah
magnavat,majj,,past,active,,magnavat,majj
magna,majj,,past,pass,,magna,majj
maNktavya,majj,,fut,pass,,maṅktavya,majj
maNkzyat,majj,,fut,para,,maṅkṣyat,majj
maNkzyamAna,majj,,fut,atma,,maṅkṣyamāna,majj
majjat,majj,6,pres,para,,majjat,majj
majjanIya,majj,,fut,pass,,majjanīya,majj
majjanIya,majj,,fut,pass,caus,majjanīya,majj
majjamAna,majj,6,pres,atma,,majjamāna,majj
majjayat,majj,,pres,para,caus,majjayat,majj
majjayamAna,majj,,pres,atma,caus,majjayamāna,majj
majjayitavya,majj,,fut,pass,caus,majjayitavya,majj
majjayizyat,majj,,fut,para,caus,majjayiṣyat,majj
majjayizyamAna,majj,,fut,atma,,majjayiṣyamāna,majj
majjayizyamAna,majj,,fut,atma,caus,majjayiṣyamāna,majj
majjitavat,majj,,past,active,caus,majjitavat,majj
majjitavya,majj,,fut,pass,,majjitavya,majj
majjita,majj,,past,pass,caus,majjita,majj
majjizyat,majj,,fut,para,,majjiṣyat,majj
majjizyamAna,majj,,fut,atma,,majjiṣyamāna,majj
majjyamAna,majj,,pres,pass,,majjyamāna,majj
majjyamAna,majj,,pres,pass,caus,majjyamāna,majj
majjya,majj,,fut,pass,,majjya,majj
majjya,majj,,fut,pass,caus,majjya,majj
maRwwavya,maRq,,fut,pass,,maṇṭṭavya,maṇḍ
maRqat,maRq,1,pres,para,,maṇḍat,maṇḍ
maRqanIya,maRq,,fut,pass,,maṇḍanīya,maṇḍ
maRqanIya,maRq,,fut,pass,caus,maṇḍanīya,maṇḍ
maRqamAna,maRq,1,pres,atma,,maṇḍamāna,maṇḍ
maRqayat,maRq,,pres,para,caus,maṇḍayat,maṇḍ
maRqayamAna,maRq,,pres,atma,caus,maṇḍayamāna,maṇḍ
maRqayitavya,maRq,,fut,pass,caus,maṇḍayitavya,maṇḍ
maRqayizyat,maRq,,fut,para,caus,maṇḍayiṣyat,maṇḍ
maRqayizyamAna,maRq,,fut,atma,,maṇḍayiṣyamāna,maṇḍ
maRqayizyamAna,maRq,,fut,atma,caus,maṇḍayiṣyamāna,maṇḍ
maRqitavat,maRq,,past,active,,maṇḍitavat,maṇḍ
maRqitavat,maRq,,past,active,caus,maṇḍitavat,maṇḍ
maRqita,maRq,,past,pass,,maṇḍita,maṇḍ
maRqita,maRq,,past,pass,caus,maṇḍita,maṇḍ
maRqyamAna,maRq,,pres,pass,,maṇḍyamāna,maṇḍ
maRqyamAna,maRq,,pres,pass,caus,maṇḍyamāna,maṇḍ
maRqya,maRq,,fut,pass,,maṇḍya,maṇḍ
maRqya,maRq,,fut,pass,caus,maṇḍya,maṇḍ
maRqsyat,maRq,,fut,para,,maṇḍsyat,maṇḍ
maRqsyamAna,maRq,,fut,atma,,maṇḍsyamāna,maṇḍ
matavat,man,,past,active,,matavat,man
mata,man,,past,pass,,mata,man
mattavat,mad#1,,past,active,,mattavat,mad#1
matta,mad#1,,past,pass,,matta,mad#1
maTat,manT,1,pres,para,,mathat,manth
maTamAna,manT,1,pres,atma,,mathamāna,manth
maTitavat,manT,,past,active,,mathitavat,manth
maTita,manT,,past,pass,,mathita,manth
maTyamAna,manT,,pres,pass,,mathyamāna,manth
madanIya,mad#1,,fut,pass,,madanīya,mad#1
madanIya,mad#1,,fut,pass,caus,madanīya,mad#1
madayat,mad#1,,pres,para,caus,madayat,mad#1
madayamAna,mad#1,,pres,atma,caus,madayamāna,mad#1
madayitavya,mad#1,,fut,pass,caus,madayitavya,mad#1
madayizyat,mad#1,,fut,para,caus,madayiṣyat,mad#1
madayizyamAna,mad#1,,fut,atma,,madayiṣyamāna,mad#1
madayizyamAna,mad#1,,fut,atma,caus,madayiṣyamāna,mad#1
maditavat,mad#1,,past,active,caus,maditavat,mad#1
maditavya,mad#1,,fut,pass,,maditavya,mad#1
madita,mad#1,,past,pass,caus,madita,mad#1
madizyat,mad#1,,fut,para,,madiṣyat,mad#1
madizyamAna,mad#1,,fut,atma,,madiṣyamāna,mad#1
madyamAna,mad#1,,pres,pass,,madyamāna,mad#1
madyamAna,mad#1,,pres,pass,caus,madyamāna,mad#1
madya,mad#1,,fut,pass,,madya,mad#1
madya,mad#1,,fut,pass,caus,madya,mad#1
manat,mnA,1,pres,para,,manat,mnā
mananIya,man,,fut,pass,,mananīya,man
manamAna,mnA,1,pres,atma,,manamāna,mnā
manitavya,man,,fut,pass,,manitavya,man
manizyat,man,,fut,para,,maniṣyat,man
manizyamAna,man,,fut,atma,,maniṣyamāna,man
mantavya,man,,fut,pass,,mantavya,man
mantTavya,manT,,fut,pass,,mantthavya,manth
mantraRIya,mantr,,fut,pass,,mantraṇīya,mantr
mantrayat,mantr,10,pres,para,,mantrayat,mantr
mantrayamAna,mantr,10,pres,atma,,mantrayamāna,mantr
mantrayitavya,mantr,,fut,pass,,mantrayitavya,mantr
mantrayizyat,mantr,,fut,para,,mantrayiṣyat,mantr
mantrayizyamAna,mantr,,fut,atma,,mantrayiṣyamāna,mantr
mantritavat,mantr,,past,active,,mantritavat,mantr
mantrita,mantr,,past,pass,,mantrita,mantr
mantryamAna,mantr,,pres,pass,,mantryamāna,mantr
mantrya,mantr,,fut,pass,,mantrya,mantr
mantsyat,manT,,fut,para,,mantsyat,manth
mantsyamAna,manT,,fut,atma,,mantsyamāna,manth
manTat,manT,1,pres,para,,manthat,manth
manTanIya,manT,,fut,pass,,manthanīya,manth
manTamAna,manT,1,pres,atma,,manthamāna,manth
manTya,manT,,fut,pass,,manthya,manth
mandat,mand#1,1,pres,para,,mandat,mand#1
mandanIya,mand#1,,fut,pass,,mandanīya,mand#1
mandanIya,mand#1,,fut,pass,caus,mandanīya,mand#1
mandamAna,mand#1,1,pres,atma,,mandamāna,mand#1
mandayat,mand#1,,pres,para,caus,mandayat,mand#1
mandayamAna,mand#1,,pres,atma,caus,mandayamāna,mand#1
mandayitavya,mand#1,,fut,pass,caus,mandayitavya,mand#1
mandayizyat,mand#1,,fut,para,caus,mandayiṣyat,mand#1
mandayizyamAna,mand#1,,fut,atma,,mandayiṣyamāna,mand#1
mandayizyamAna,mand#1,,fut,atma,caus,mandayiṣyamāna,mand#1
manditavat,mand#1,,past,active,,manditavat,mand#1
manditavat,mand#1,,past,active,caus,manditavat,mand#1
manditavya,mand#1,,fut,pass,,manditavya,mand#1
mandita,mand#1,,past,pass,,mandita,mand#1
mandita,mand#1,,past,pass,caus,mandita,mand#1
mandizyat,mand#1,,fut,para,,mandiṣyat,mand#1
mandizyamAna,mand#1,,fut,atma,,mandiṣyamāna,mand#1
mandyamAna,mand#1,,pres,pass,,mandyamāna,mand#1
mandyamAna,mand#1,,pres,pass,caus,mandyamāna,mand#1
mandya,mand#1,,fut,pass,,mandya,mand#1
mandya,mand#1,,fut,pass,caus,mandya,mand#1
manyat,man,4,pres,para,,manyat,man
manyamAna,man,4,pres,atma,,manyamāna,man
manyamAna,man,,pres,pass,,manyamāna,man
manya,man,,fut,pass,,manya,man
manvAna,man,5,pres,atma,,manvāna,man
mamAna,mA#1,,perf,atma,,mamāna,mā#1
mamAna,mA#4,,perf,atma,,mamāna,mā#4
mamArgARa,mArg,,perf,atma,,mamārgāṇa,mārg
mamArgvas,mArg,,perf,para,,mamārgvas,mārg
mamAlAna,mAl,,perf,atma,,mamālāna,māl
mamAlyaguRAna,mAlyaguR,,perf,atma,,mamālyaguṇāna,mālyaguṇ
mamAlyaguRvas,mAlyaguR,,perf,para,,mamālyaguṇvas,mālyaguṇ
mamAlvas,mAl,,perf,para,,mamālvas,māl
mamivas,mA#1,,perf,para,,mamivas,mā#1
mamivas,mA#4,,perf,para,,mamivas,mā#4
mamfgARa,mfg,,perf,atma,,mamṛgāṇa,mṛg
mamfgvas,mfg,,perf,para,,mamṛgvas,mṛg
mamfjAna,mfj,,perf,atma,,mamṛjāna,mṛj
mamfjvas,mfj,,perf,para,,mamṛjvas,mṛj
mamfqAna,mfq,,perf,atma,,mamṛḍāna,mṛḍ
mamfqvas,mfq,,perf,para,,mamṛḍvas,mṛḍ
mamfdAna,mfd#1,,perf,atma,,mamṛdāna,mṛd#1
mamfdvas,mfd#1,,perf,para,,mamṛdvas,mṛd#1
mamfDAna,mfD,,perf,atma,,mamṛdhāna,mṛdh
mamfDvas,mfD,,perf,para,,mamṛdhvas,mṛdh
mamfvas,mf,,perf,para,,mamṛvas,mṛ
mamfSAna,mfS,,perf,atma,,mamṛśāna,mṛś
mamfSvas,mfS,,perf,para,,mamṛśvas,mṛś
mamfzARa,mfz,,perf,atma,,mamṛṣāṇa,mṛṣ
mamfzvas,mfz,,perf,para,,mamṛṣvas,mṛṣ
mamokzARa,mokz,,perf,atma,,mamokṣāṇa,mokṣ
mamokzvas,mokz,,perf,para,,mamokṣvas,mokṣ
mamnAna,mnA,,perf,atma,,mamnāna,mnā
mamnivas,mnA,,perf,para,,mamnivas,mnā
mamrARa,mf,,perf,atma,,mamrāṇa,mṛ
mamlAna,mlA,,perf,atma,,mamlāna,mlā
mamlivas,mlA,,perf,para,,mamlivas,mlā
mayat,mA#4,1,pres,para,,mayat,mā#4
mayanIya,mi,,fut,pass,,mayanīya,mi
mayanIya,mI,,fut,pass,,mayanīya,mī
mayamAna,mA#4,1,pres,atma,,mayamāna,mā#4
mayIhAna,mahI#2,,perf,atma,,mayīhāna,mahī#2
mayIhvas,mahI#2,,perf,para,,mayīhvas,mahī#2
maraRIya,mf,,fut,pass,,maraṇīya,mṛ
marizyat,mf,,fut,para,,mariṣyat,mṛ
marizyamAna,mf,,fut,atma,,mariṣyamāna,mṛ
marImarat,mf,,pres,para,intens,marīmarat,mṛ
markzyat,mfS,,fut,para,,markṣyat,mṛś
markzyat,mfz,,fut,para,,markṣyat,mṛṣ
markzyamAna,mfS,,fut,atma,,markṣyamāna,mṛś
markzyamAna,mfz,,fut,atma,,markṣyamāna,mṛṣ
margaRIya,mfg,,fut,pass,,margaṇīya,mṛg
marwwavya,mfq,,fut,pass,,marṭṭavya,mṛḍ
marqanIya,mfq,,fut,pass,,marḍanīya,mṛḍ
marqsyat,mfq,,fut,para,,marḍsyat,mṛḍ
marqsyamAna,mfq,,fut,atma,,marḍsyamāna,mṛḍ
martavya,mf,,fut,pass,,martavya,mṛ
marttavya,mfd#1,,fut,pass,,marttavya,mṛd#1
martsyat,mfd#1,,fut,para,,martsyat,mṛd#1
martsyat,mfD,,fut,para,,martsyat,mṛdh
martsyamAna,mfd#1,,fut,atma,,martsyamāna,mṛd#1
martsyamAna,mfD,,fut,atma,,martsyamāna,mṛdh
mardat,mfd#1,1,pres,para,,mardat,mṛd#1
mardanIya,mfd#1,,fut,pass,,mardanīya,mṛd#1
mardanIya,mfd#1,,fut,pass,caus,mardanīya,mṛd#1
mardamAna,mfd#1,1,pres,atma,,mardamāna,mṛd#1
mardayat,mfd#1,,pres,para,caus,mardayat,mṛd#1
mardayamAna,mfd#1,,pres,atma,caus,mardayamāna,mṛd#1
mardayitavya,mfd#1,,fut,pass,caus,mardayitavya,mṛd#1
mardayizyat,mfd#1,,fut,para,caus,mardayiṣyat,mṛd#1
mardayizyamAna,mfd#1,,fut,atma,,mardayiṣyamāna,mṛd#1
mardayizyamAna,mfd#1,,fut,atma,caus,mardayiṣyamāna,mṛd#1
marditavat,mfd#1,,past,active,caus,marditavat,mṛd#1
mardita,mfd#1,,past,pass,caus,mardita,mṛd#1
mardDavya,mfD,,fut,pass,,marddhavya,mṛdh
mardyamAna,mfd#1,,pres,pass,caus,mardyamāna,mṛd#1
mardya,mfd#1,,fut,pass,caus,mardya,mṛd#1
marDat,mfD,1,pres,para,,mardhat,mṛdh
marDanIya,mfD,,fut,pass,,mardhanīya,mṛdh
marDamAna,mfD,1,pres,atma,,mardhamāna,mṛdh
marmfjyamAna,mfj,,pres,atma,intens,marmṛjyamāna,mṛj
marSanIya,mfS,,fut,pass,,marśanīya,mṛś
marzaRIya,mfz,,fut,pass,,marṣaṇīya,mṛṣ
marzaRIya,mfz,,fut,pass,caus,marṣaṇīya,mṛṣ
marzayat,mfz,,pres,para,caus,marṣayat,mṛṣ
marzayamAna,mfz,,pres,atma,caus,marṣayamāna,mṛṣ
marzayitavya,mfz,,fut,pass,caus,marṣayitavya,mṛṣ
marzayizyat,mfz,,fut,para,caus,marṣayiṣyat,mṛṣ
marzayizyamAna,mfz,,fut,atma,,marṣayiṣyamāna,mṛṣ
marzayizyamAna,mfz,,fut,atma,caus,marṣayiṣyamāna,mṛṣ
marzitavat,mfz,,past,active,caus,marṣitavat,mṛṣ
marzita,mfz,,past,pass,caus,marṣita,mṛṣ
marzwavya,mfS,,fut,pass,,marṣṭavya,mṛś
marzwavya,mfz,,fut,pass,,marṣṭavya,mṛṣ
marzyamAna,mfz,,pres,pass,caus,marṣyamāna,mṛṣ
marzya,mfz,,fut,pass,caus,marṣya,mṛṣ
mahat,mah,1,pres,para,,mahat,mah
mahanIya,mah,,fut,pass,,mahanīya,mah
mahanIya,mah,,fut,pass,caus,mahanīya,mah
mahamAna,mah,1,pres,atma,,mahamāna,mah
mahayat,mah,,pres,para,caus,mahayat,mah
mahayanIya,mahI#2,,fut,pass,,mahayanīya,mahī#2
mahayamAna,mah,,pres,atma,caus,mahayamāna,mah
mahayitavya,mah,,fut,pass,caus,mahayitavya,mah
mahayizyat,mah,,fut,para,caus,mahayiṣyat,mah
mahayizyamAna,mah,,fut,atma,,mahayiṣyamāna,mah
mahayizyamAna,mah,,fut,atma,caus,mahayiṣyamāna,mah
mahAyayizyat,mahI#2,,fut,para,,mahāyayiṣyat,mahī#2
mahAyayizyamAna,mahI#2,,fut,atma,,mahāyayiṣyamāna,mahī#2
mahitavat,mah,,past,active,,mahitavat,mah
mahitavat,mah,,past,active,caus,mahitavat,mah
mahitavat,maMh,,past,active,,mahitavat,maṃh
mahita,mah,,past,pass,,mahita,mah
mahita,mah,,past,pass,caus,mahita,mah
mahita,maMh,,past,pass,,mahita,maṃh
mahItavat,mahI#2,,past,active,,mahītavat,mahī#2
mahIta,mahI#2,,past,pass,,mahīta,mahī#2
mahIyat,mahI#2,10,pres,para,,mahīyat,mahī#2
mahIyamAna,mahI#2,10,pres,atma,,mahīyamāna,mahī#2
mahIyitavya,mahI#2,,fut,pass,,mahīyitavya,mahī#2
maheya,mahI#2,,fut,pass,,maheya,mahī#2
mahEyamAna,mahI#2,,pres,pass,,mahaiyamāna,mahī#2
mahyamAna,mah,,pres,pass,,mahyamāna,mah
mahyamAna,mah,,pres,pass,caus,mahyamāna,mah
mahyamAna,maMh,,pres,pass,,mahyamāna,maṃh
mahya,mah,,fut,pass,,mahya,mah
mahya,mah,,fut,pass,caus,mahya,mah
mAQavya,mah,,fut,pass,,māḍhavya,mah
mAtavya,mA#1,,fut,pass,,mātavya,mā#1
mAtavya,mA#3,,fut,pass,,mātavya,mā#3
mAtavya,mA#4,,fut,pass,,mātavya,mā#4
mAdanIya,mad#1,,fut,pass,caus,mādanīya,mad#1
mAdayat,mad#1,,pres,para,caus,mādayat,mad#1
mAdayamAna,mad#1,,pres,atma,caus,mādayamāna,mad#1
mAdayitavya,mad#1,,fut,pass,caus,mādayitavya,mad#1
mAdayizyat,mad#1,,fut,para,caus,mādayiṣyat,mad#1
mAdayizyamAna,mad#1,,fut,atma,,mādayiṣyamāna,mad#1
mAdayizyamAna,mad#1,,fut,atma,caus,mādayiṣyamāna,mad#1
mAditavat,mad#1,,past,active,caus,māditavat,mad#1
mAdita,mad#1,,past,pass,caus,mādita,mad#1
mAdyat,mad#1,4,pres,para,,mādyat,mad#1
mAdyamAna,mad#1,4,pres,atma,,mādyamāna,mad#1
mAdyamAna,mad#1,,pres,pass,caus,mādyamāna,mad#1
mAdya,mad#1,,fut,pass,caus,mādya,mad#1
mAnanIya,man,,fut,pass,caus,mānanīya,man
mAnayat,man,,pres,para,caus,mānayat,man
mAnayamAna,man,,pres,atma,caus,mānayamāna,man
mAnayitavya,man,,fut,pass,caus,mānayitavya,man
mAnayizyat,man,,fut,para,caus,mānayiṣyat,man
mAnayizyamAna,man,,fut,atma,,mānayiṣyamāna,man
mAnayizyamAna,man,,fut,atma,caus,mānayiṣyamāna,man
mAnavat,man,,past,active,,mānavat,man
mAna,man,,past,pass,,māna,man
mAnitavat,man,,past,active,caus,mānitavat,man
mAnita,man,,past,pass,caus,mānita,man
mAnIya,mA#1,,fut,pass,,mānīya,mā#1
mAnIya,mA#3,,fut,pass,,mānīya,mā#3
mAnIya,mA#4,,fut,pass,,mānīya,mā#4
mAnyamAna,man,,pres,pass,caus,mānyamāna,man
mAnya,man,,fut,pass,caus,mānya,man
mApanIya,mA#1,,fut,pass,caus,māpanīya,mā#1
mApayat,mA#1,,pres,para,caus,māpayat,mā#1
mApayamAna,mA#1,,pres,atma,caus,māpayamāna,mā#1
mApayitavya,mA#1,,fut,pass,caus,māpayitavya,mā#1
mApayizyat,mA#1,,fut,para,caus,māpayiṣyat,mā#1
mApayizyamAna,mA#1,,fut,atma,,māpayiṣyamāna,mā#1
mApayizyamAna,mA#1,,fut,atma,caus,māpayiṣyamāna,mā#1
mApitavat,mA#1,,past,active,caus,māpitavat,mā#1
mApita,mA#1,,past,pass,caus,māpita,mā#1
mApyamAna,mA#1,,pres,pass,caus,māpyamāna,mā#1
mApya,mA#1,,fut,pass,caus,māpya,mā#1
mAmahAna,maMh,,perf,atma,,māmahāna,maṃh
mAraRIya,mf,,fut,pass,caus,māraṇīya,mṛ
mArayat,mf,,pres,para,caus,mārayat,mṛ
mArayamAna,mf,,pres,atma,caus,mārayamāna,mṛ
mArayitavya,mf,,fut,pass,caus,mārayitavya,mṛ
mArayizyat,mf,,fut,para,caus,mārayiṣyat,mṛ
mArayizyamAna,mf,,fut,atma,,mārayiṣyamāna,mṛ
mArayizyamAna,mf,,fut,atma,caus,mārayiṣyamāna,mṛ
mAritavat,mf,,past,active,caus,māritavat,mṛ
mArita,mf,,past,pass,caus,mārita,mṛ
mArkzyat,mfj,,fut,para,,mārkṣyat,mṛj
mArkzyamAna,mfj,,fut,atma,,mārkṣyamāna,mṛj
mArgaRIya,mArg,,fut,pass,,mārgaṇīya,mārg
mArgayat,mArg,10,pres,para,,mārgayat,mārg
mArgayamAna,mArg,10,pres,atma,,mārgayamāna,mārg
mArgayitavya,mArg,,fut,pass,,mārgayitavya,mārg
mArgayizyat,mArg,,fut,para,,mārgayiṣyat,mārg
mArgayizyamAna,mArg,,fut,atma,,mārgayiṣyamāna,mārg
mArgitavat,mArg,,past,active,,mārgitavat,mārg
mArgita,mArg,,past,pass,,mārgita,mārg
mArgyamAna,mArg,,pres,pass,,mārgyamāna,mārg
mArgya,mArg,,fut,pass,,mārgya,mārg
mArjat,mfj,2,pres,para,,mārjat,mṛj
mArjat,mfj,1,pres,para,,mārjat,mṛj
mArjanIya,mfj,,fut,pass,,mārjanīya,mṛj
mArjanIya,mfj,,fut,pass,caus,mārjanīya,mṛj
mArjamAna,mfj,1,pres,atma,,mārjamāna,mṛj
mArjayat,mfj,,pres,para,caus,mārjayat,mṛj
mArjayamAna,mfj,,pres,atma,caus,mārjayamāna,mṛj
mArjayitavya,mfj,,fut,pass,caus,mārjayitavya,mṛj
mArjayizyat,mfj,,fut,para,caus,mārjayiṣyat,mṛj
mArjayizyamAna,mfj,,fut,atma,,mārjayiṣyamāna,mṛj
mArjayizyamAna,mfj,,fut,atma,caus,mārjayiṣyamāna,mṛj
mArjitavat,mfj,,past,active,caus,mārjitavat,mṛj
mArjitavya,mfj,,fut,pass,,mārjitavya,mṛj
mArjita,mfj,,past,pass,caus,mārjita,mṛj
mArjizyat,mfj,,fut,para,,mārjiṣyat,mṛj
mArjizyamAna,mfj,,fut,atma,,mārjiṣyamāna,mṛj
mArjyamAna,mfj,,pres,pass,caus,mārjyamāna,mṛj
mArjya,mfj,,fut,pass,caus,mārjya,mṛj
mAryamAna,mf,,pres,pass,caus,māryamāna,mṛ
mArya,mf,,fut,pass,,mārya,mṛ
mArya,mf,,fut,pass,caus,mārya,mṛ
mArzwavya,mfj,,fut,pass,,mārṣṭavya,mṛj
mAlanIya,mAl,,fut,pass,,mālanīya,māl
mAlayat,mAl,10,pres,para,,mālayat,māl
mAlayamAna,mAl,10,pres,atma,,mālayamāna,māl
mAlayitavya,mAl,,fut,pass,,mālayitavya,māl
mAlayizyat,mAl,,fut,para,,mālayiṣyat,māl
mAlayizyamAna,mAl,,fut,atma,,mālayiṣyamāna,māl
mAltavat,mAl,,past,active,,māltavat,māl
mAlta,mAl,,past,pass,,mālta,māl
mAlyaguRayizyat,mAlyaguR,,fut,para,,mālyaguṇayiṣyat,mālyaguṇ
mAlyaguRayizyamAna,mAlyaguR,,fut,atma,,mālyaguṇayiṣyamāna,mālyaguṇ
mAlyaguRAyat,mAlyaguR,10,pres,para,,mālyaguṇāyat,mālyaguṇ
mAlyaguRAyamAna,mAlyaguR,10,pres,atma,,mālyaguṇāyamāna,mālyaguṇ
mAlyaguRAyitavya,mAlyaguR,,fut,pass,,mālyaguṇāyitavya,mālyaguṇ
mAlyaguRtavat,mAlyaguR,,past,active,,mālyaguṇtavat,mālyaguṇ
mAlyaguRta,mAlyaguR,,past,pass,,mālyaguṇta,mālyaguṇ
mAlyaguRyamAna,mAlyaguR,,pres,pass,,mālyaguṇyamāna,mālyaguṇ
mAlyagoRanIya,mAlyaguR,,fut,pass,,mālyagoṇanīya,mālyaguṇ
mAlyagoRya,mAlyaguR,,fut,pass,,mālyagoṇya,mālyaguṇ
mAlyamAna,mAl,,pres,pass,,mālyamāna,māl
mAlya,mAl,,fut,pass,,mālya,māl
mAsyat,mA#1,,fut,para,,māsyat,mā#1
mAsyat,mA#3,,fut,para,,māsyat,mā#3
mAsyat,mA#4,,fut,para,,māsyat,mā#4
mAsyamAna,mA#1,,fut,atma,,māsyamāna,mā#1
mAsyamAna,mA#3,,fut,atma,,māsyamāna,mā#3
mAsyamAna,mA#4,,fut,atma,,māsyamāna,mā#4
mitavat,mi,,past,active,,mitavat,mi
mitavat,mA#1,,past,active,,mitavat,mā#1
mita,mi,,past,pass,,mita,mi
mita,mA#1,,past,pass,,mita,mā#1
mitTavat,miT,,past,active,,mitthavat,mith
mitTa,miT,,past,pass,,mittha,mith
miTyamAna,miT,,pres,pass,,mithyamāna,mith
minvat,mi,5,pres,para,,minvat,mi
minvat,mI,5,pres,para,,minvat,mī
minvAna,mi,5,pres,atma,,minvāna,mi
minvAna,mI,5,pres,atma,,minvāna,mī
mimAt,mA#3,3,pres,para,,mimāt,mā#3
mimAna,mA#3,3,pres,atma,,mimāna,mā#3
mimAna,mA#3,,perf,atma,,mimāna,mā#3
mimiTAna,miT,,perf,atma,,mimithāna,mith
mimiTvas,miT,,perf,para,,mimithvas,mith
mimilAna,mil,,perf,atma,,mimilāna,mil
mimilvas,mil,,perf,para,,mimilvas,mil
mimivas,mi,,perf,para,,mimivas,mi
mimivas,mA#3,,perf,para,,mimivas,mā#3
mimiSrARa,miSr,,perf,atma,,mimiśrāṇa,miśr
mimiSrvas,miSr,,perf,para,,mimiśrvas,miśr
mimizARa,miz,,perf,atma,,mimiṣāṇa,miṣ
mimizvas,miz,,perf,para,,mimiṣvas,miṣ
mimihAna,mih,,perf,atma,,mimihāna,mih
mimihvas,mih,,perf,para,,mimihvas,mih
mimImAMsAna,man,,perf,atma,desid,mimīmāṃsāna,man
mimIlAna,mIl,,perf,atma,,mimīlāna,mīl
mimIlvas,mIl,,perf,para,,mimīlvas,mīl
mimIvas,mI,,perf,para,,mimīvas,mī
mimyAna,mi,,perf,atma,,mimyāna,mi
mimyAna,mA#1,3,pres,atma,,mimyāna,mā#1
mimyAna,mI,,perf,atma,,mimyāna,mī
mimlecCAna,mlecC,,perf,atma,,mimlecchāna,mlecch
mimlecCvas,mlecC,,perf,para,,mimlecchvas,mlecch
milat,mil,1,pres,para,,milat,mil
milamAna,mil,1,pres,atma,,milamāna,mil
militavat,mil,,past,active,,militavat,mil
militavya,mil,,fut,pass,,militavya,mil
milita,mil,,past,pass,,milita,mil
milizyat,mil,,fut,para,,miliṣyat,mil
milizyamAna,mil,,fut,atma,,miliṣyamāna,mil
milyamAna,mil,,pres,pass,,milyamāna,mil
miSrayat,miSr,10,pres,para,,miśrayat,miśr
miSrayamAna,miSr,10,pres,atma,,miśrayamāna,miśr
miSrayitavya,miSr,,fut,pass,,miśrayitavya,miśr
miSrayizyat,miSr,,fut,para,,miśrayiṣyat,miśr
miSrayizyamAna,miSr,,fut,atma,,miśrayiṣyamāna,miśr
miSritavat,miSr,,past,active,,miśritavat,miśr
miSrita,miSr,,past,pass,,miśrita,miśr
miSryamAna,miSr,,pres,pass,,miśryamāna,miśr
mizat,miz,1,pres,para,,miṣat,miṣ
mizamAna,miz,1,pres,atma,,miṣamāna,miṣ
mizitavat,miz,,past,active,,miṣitavat,miṣ
mizita,miz,,past,pass,,miṣita,miṣ
mizyamAna,miz,,pres,pass,,miṣyamāna,miṣ
mihyamAna,mih,,pres,pass,,mihyamāna,mih
mIQavat,mih,,past,active,,mīḍhavat,mih
mIQa,mih,,past,pass,,mīḍha,mih
mItavat,mI,,past,active,,mītavat,mī
mItavat,mA#3,,past,active,,mītavat,mā#3
mItavat,mA#4,,past,active,,mītavat,mā#4
mIta,mI,,past,pass,,mīta,mī
mIta,mA#3,,past,pass,,mīta,mā#3
mIta,mA#4,,past,pass,,mīta,mā#4
mInat,mI,9,pres,para,,mīnat,mī
mInAna,mI,9,pres,atma,,mīnāna,mī
mImAMsamAna,man,,pres,atma,desid,mīmāṃsamāna,man
mImAMsitavat,man,,past,active,desid,mīmāṃsitavat,man
mImAMsita,man,,past,pass,desid,mīmāṃsita,man
mIyamAna,mI,,pres,pass,,mīyamāna,mī
mIyamAna,mA#1,,pres,pass,,mīyamāna,mā#1
mIyamAna,mA#3,,pres,pass,,mīyamāna,mā#3
mIyamAna,mA#4,,pres,pass,,mīyamāna,mā#4
mIyamAna,mi,,pres,pass,,mīyamāna,mi
mIlat,mIl,1,pres,para,,mīlat,mīl
mIlanIya,mIl,,fut,pass,caus,mīlanīya,mīl
mIlamAna,mIl,1,pres,atma,,mīlamāna,mīl
mIlayat,mIl,,pres,para,caus,mīlayat,mīl
mIlayamAna,mIl,,pres,atma,caus,mīlayamāna,mīl
mIlayitavya,mIl,,fut,pass,caus,mīlayitavya,mīl
mIlayizyat,mIl,,fut,para,caus,mīlayiṣyat,mīl
mIlayizyamAna,mIl,,fut,atma,,mīlayiṣyamāna,mīl
mIlayizyamAna,mIl,,fut,atma,caus,mīlayiṣyamāna,mīl
mIlitavat,mIl,,past,active,,mīlitavat,mīl
mIlitavat,mIl,,past,active,caus,mīlitavat,mīl
mIlita,mIl,,past,pass,,mīlita,mīl
mIlita,mIl,,past,pass,caus,mīlita,mīl
mIlyamAna,mIl,,pres,pass,,mīlyamāna,mīl
mIlyamAna,mIl,,pres,pass,caus,mīlyamāna,mīl
mIlya,mIl,,fut,pass,,mīlya,mīl
mIlya,mIl,,fut,pass,caus,mīlya,mīl
mukulayat,mukul,10,pres,para,,mukulayat,mukul
mukulayamAna,mukul,10,pres,atma,,mukulayamāna,mukul
mukulayitavya,mukul,,fut,pass,,mukulayitavya,mukul
mukulayizyat,mukul,,fut,para,,mukulayiṣyat,mukul
mukulayizyamAna,mukul,,fut,atma,,mukulayiṣyamāna,mukul
mukulitavat,mukul,,past,active,,mukulitavat,mukul
mukulita,mukul,,past,pass,,mukulita,mukul
mukulyamAna,mukul,,pres,pass,,mukulyamāna,mukul
mukolanIya,mukul,,fut,pass,,mukolanīya,mukul
mukolya,mukul,,fut,pass,,mukolya,mukul
muktavat,muc#1,,past,active,,muktavat,muc#1
mukta,muc#1,,past,pass,,mukta,muc#1
mugDavat,muh,,past,active,,mugdhavat,muh
mugDa,muh,,past,pass,,mugdha,muh
mucyamAna,muc#1,,pres,pass,,mucyamāna,muc#1
muYcat,muc#1,6,pres,para,,muñcat,muc#1
muYcamAna,muc#1,6,pres,atma,,muñcamāna,muc#1
muRqayat,muRq,10,pres,para,,muṇḍayat,muṇḍ
muRqayamAna,muRq,10,pres,atma,,muṇḍayamāna,muṇḍ
muRqayitavya,muRq,,fut,pass,,muṇḍayitavya,muṇḍ
muRqayizyat,muRq,,fut,para,,muṇḍayiṣyat,muṇḍ
muRqayizyamAna,muRq,,fut,atma,,muṇḍayiṣyamāna,muṇḍ
muRqitavat,muRq,,past,active,,muṇḍitavat,muṇḍ
muRqita,muRq,,past,pass,,muṇḍita,muṇḍ
muRqyamAna,muRq,,pres,pass,,muṇḍyamāna,muṇḍ
muditavat,mud#1,,past,active,,muditavat,mud#1
mudita,mud#1,,past,pass,,mudita,mud#1
mudyamAna,mud#1,,pres,pass,,mudyamāna,mud#1
mudrayat,mudr,10,pres,para,,mudrayat,mudr
mudrayamAna,mudr,10,pres,atma,,mudrayamāna,mudr
mudrayitavya,mudr,,fut,pass,,mudrayitavya,mudr
mudrayizyat,mudr,,fut,para,,mudrayiṣyat,mudr
mudrayizyamAna,mudr,,fut,atma,,mudrayiṣyamāna,mudr
mudritavat,mudr,,past,active,,mudritavat,mudr
mudrita,mudr,,past,pass,,mudrita,mudr
mudryamAna,mudr,,pres,pass,,mudryamāna,mudr
mumukulAna,mukul,,perf,atma,,mumukulāna,mukul
mumukulvas,mukul,,perf,para,,mumukulvas,mukul
mumukzaRIya,muc#1,,fut,pass,desid,mumukṣaṇīya,muc#1
mumukzat,muc#1,,pres,para,desid,mumukṣat,muc#1
mumukzitavat,muc#1,,past,active,desid,mumukṣitavat,muc#1
mumukzita,muc#1,,past,pass,desid,mumukṣita,muc#1
mumucAna,muc#1,,perf,atma,,mumucāna,muc#1
mumucvas,muc#1,,perf,para,,mumucvas,muc#1
mumuRqAna,muRq,,perf,atma,,mumuṇḍāna,muṇḍ
mumuRqvas,muRq,,perf,para,,mumuṇḍvas,muṇḍ
mumudAna,mud#1,,perf,atma,,mumudāna,mud#1
mumudrARa,mudr,,perf,atma,,mumudrāṇa,mudr
mumudrvas,mudr,,perf,para,,mumudrvas,mudr
mumudvas,mud#1,,perf,para,,mumudvas,mud#1
mumumukzvas,muc#1,,perf,para,desid,mumumukṣvas,muc#1
mumumUrzvas,mf,,perf,para,desid,mumumūrṣvas,mṛ
mumuzARa,muz#1,,perf,atma,,mumuṣāṇa,muṣ#1
mumuzvas,muz#1,,perf,para,,mumuṣvas,muṣ#1
mumuhAna,muh,,perf,atma,,mumuhāna,muh
mumuhvas,muh,,perf,para,,mumuhvas,muh
mumUtrARa,mUtr,,perf,atma,,mumūtrāṇa,mūtr
mumUtrvas,mUtr,,perf,para,,mumūtrvas,mūtr
mumUrCAna,mUrC,,perf,atma,,mumūrchāna,mūrch
mumUrCvas,mUrC,,perf,para,,mumūrchvas,mūrch
mumUrzaRIya,mf,,fut,pass,desid,mumūrṣaṇīya,mṛ
mumUrzat,mf,,pres,para,desid,mumūrṣat,mṛ
mumUrzitavat,mf,,past,active,desid,mumūrṣitavat,mṛ
mumUrzita,mf,,past,pass,desid,mumūrṣita,mṛ
muzitavat,muz#1,,past,active,,muṣitavat,muṣ#1
muzita,muz#1,,past,pass,,muṣita,muṣ#1
muzRat,muz#1,9,pres,para,,muṣṇat,muṣ#1
muzRAna,muz#1,9,pres,atma,,muṣṇāna,muṣ#1
muzyamAna,muz#1,,pres,pass,,muṣyamāna,muṣ#1
muhyat,muh,4,pres,para,,muhyat,muh
muhyamAna,muh,4,pres,atma,,muhyamāna,muh
muhyamAna,muh,,pres,pass,,muhyamāna,muh
mUQavat,muh,,past,active,,mūḍhavat,muh
mUQa,muh,,past,pass,,mūḍha,muh
mUtrayat,mUtr,10,pres,para,,mūtrayat,mūtr
mUtrayamAna,mUtr,10,pres,atma,,mūtrayamāna,mūtr
mUtrayitavya,mUtr,,fut,pass,,mūtrayitavya,mūtr
mUtrayizyat,mUtr,,fut,para,,mūtrayiṣyat,mūtr
mUtrayizyamAna,mUtr,,fut,atma,,mūtrayiṣyamāna,mūtr
mUtritavat,mUtr,,past,active,,mūtritavat,mūtr
mUtrita,mUtr,,past,pass,,mūtrita,mūtr
mUtryamAna,mUtr,,pres,pass,,mūtryamāna,mūtr
mUtrya,mUtr,,fut,pass,,mūtrya,mūtr
mUrCat,mUrC,1,pres,para,,mūrchat,mūrch
mUrCanIya,mUrC,,fut,pass,caus,mūrchanīya,mūrch
mUrCamAna,mUrC,1,pres,atma,,mūrchamāna,mūrch
mUrCayat,mUrC,,pres,para,caus,mūrchayat,mūrch
mUrCayamAna,mUrC,,pres,atma,caus,mūrchayamāna,mūrch
mUrCayitavya,mUrC,,fut,pass,caus,mūrchayitavya,mūrch
mUrCayizyat,mUrC,,fut,para,caus,mūrchayiṣyat,mūrch
mUrCayizyamAna,mUrC,,fut,atma,,mūrchayiṣyamāna,mūrch
mUrCayizyamAna,mUrC,,fut,atma,caus,mūrchayiṣyamāna,mūrch
mUrCitavat,mUrC,,past,active,,mūrchitavat,mūrch
mUrCitavat,mUrC,,past,active,caus,mūrchitavat,mūrch
mUrCita,mUrC,,past,pass,,mūrchita,mūrch
mUrCita,mUrC,,past,pass,caus,mūrchita,mūrch
mUrCyamAna,mUrC,,pres,pass,,mūrchyamāna,mūrch
mUrCyamAna,mUrC,,pres,pass,caus,mūrchyamāna,mūrch
mUrCya,mUrC,,fut,pass,,mūrchya,mūrch
mUrCya,mUrC,,fut,pass,caus,mūrchya,mūrch
mUrtavat,mUrC,,past,active,,mūrtavat,mūrch
mUrta,mUrC,,past,pass,,mūrta,mūrch
mfgayat,mfg,10,pres,para,,mṛgayat,mṛg
mfgayamAna,mfg,10,pres,atma,,mṛgayamāna,mṛg
mfgayitavya,mfg,,fut,pass,,mṛgayitavya,mṛg
mfgayizyat,mfg,,fut,para,,mṛgayiṣyat,mṛg
mfgayizyamAna,mfg,,fut,atma,,mṛgayiṣyamāna,mṛg
mfgtavat,mfg,,past,active,,mṛgtavat,mṛg
mfgta,mfg,,past,pass,,mṛgta,mṛg
mfgyamAna,mfg,,pres,pass,,mṛgyamāna,mṛg
mfgya,mfg,,fut,pass,,mṛgya,mṛg
mfjat,mfj,2,pres,para,,mṛjat,mṛj
mfjat,mfj,6,pres,para,,mṛjat,mṛj
mfjamAna,mfj,6,pres,atma,,mṛjamāna,mṛj
mfjAna,mfj,2,pres,atma,,mṛjāna,mṛj
mfjitavat,mfj,,past,active,,mṛjitavat,mṛj
mfjita,mfj,,past,pass,,mṛjita,mṛj
mfjyamAna,mfj,,pres,pass,,mṛjyamāna,mṛj
mfjya,mfj,,fut,pass,,mṛjya,mṛj
mfwwavat,mfq,,past,active,,mṛṭṭavat,mṛḍ
mfwwa,mfq,,past,pass,,mṛṭṭa,mṛḍ
mfqat,mfq,6,pres,para,,mṛḍat,mṛḍ
mfqamAna,mfq,6,pres,atma,,mṛḍamāna,mṛḍ
mfqayat,mfq,10,pres,para,,mṛḍayat,mṛḍ
mfqayamAna,mfq,10,pres,atma,,mṛḍayamāna,mṛḍ
mfqayitavya,mfq,,fut,pass,,mṛḍayitavya,mṛḍ
mfqayizyat,mfq,,fut,para,,mṛḍayiṣyat,mṛḍ
mfqayizyamAna,mfq,,fut,atma,,mṛḍayiṣyamāna,mṛḍ
mfqyamAna,mfq,,pres,pass,,mṛḍyamāna,mṛḍ
mfqya,mfq,,fut,pass,,mṛḍya,mṛḍ
mftavat,mf,,past,active,,mṛtavat,mṛ
mfta,mf,,past,pass,,mṛta,mṛ
mfttavat,mfd#1,,past,active,,mṛttavat,mṛd#1
mftta,mfd#1,,past,pass,,mṛtta,mṛd#1
mfdDavat,mfD,,past,active,,mṛddhavat,mṛdh
mfdDa,mfD,,past,pass,,mṛddha,mṛdh
mfdnat,mfd#1,9,pres,para,,mṛdnat,mṛd#1
mfdnAna,mfd#1,9,pres,atma,,mṛdnāna,mṛd#1
mfdyamAna,mfd#1,,pres,pass,,mṛdyamāna,mṛd#1
mfdya,mfd#1,,fut,pass,,mṛdya,mṛd#1
mfDyamAna,mfD,,pres,pass,,mṛdhyamāna,mṛdh
mfDya,mfD,,fut,pass,,mṛdhya,mṛdh
mfSat,mfS,1,pres,para,,mṛśat,mṛś
mfSamAna,mfS,1,pres,atma,,mṛśamāna,mṛś
mfSyamAna,mfS,,pres,pass,,mṛśyamāna,mṛś
mfSya,mfS,,fut,pass,,mṛśya,mṛś
mfzwavat,mfz,,past,active,,mṛṣṭavat,mṛṣ
mfzwavat,mfj,,past,active,,mṛṣṭavat,mṛj
mfzwavat,mfS,,past,active,,mṛṣṭavat,mṛś
mfzwa,mfz,,past,pass,,mṛṣṭa,mṛṣ
mfzwa,mfj,,past,pass,,mṛṣṭa,mṛj
mfzwa,mfS,,past,pass,,mṛṣṭa,mṛś
mfzyat,mfz,4,pres,para,,mṛṣyat,mṛṣ
mfzyamAna,mfz,4,pres,atma,,mṛṣyamāna,mṛṣ
mfzyamAna,mfz,,pres,pass,,mṛṣyamāna,mṛṣ
mfzya,mfz,,fut,pass,,mṛṣya,mṛṣ
mekzyat,miz,,fut,para,,mekṣyat,miṣ
mekzyat,mih,,fut,para,,mekṣyat,mih
mekzyamAna,miz,,fut,atma,,mekṣyamāna,miṣ
mekzyamAna,mih,,fut,atma,,mekṣyamāna,mih
mejjAna,majj,,perf,atma,,mejjāna,majj
mejjivas,majj,,perf,para,,mejjivas,majj
meqRAna,maRq,,perf,atma,,meḍṇāna,maṇḍ
meqRivas,maRq,,perf,para,,meḍṇivas,maṇḍ
meQavya,mih,,fut,pass,,meḍhavya,mih
metavya,mi,,fut,pass,,metavya,mi
metavya,mI,,fut,pass,,metavya,mī
metTavya,miT,,fut,pass,,metthavya,mith
metsyat,miT,,fut,para,,metsyat,mith
metsyamAna,miT,,fut,atma,,metsyamāna,mith
meTat,miT,1,pres,para,,methat,mith
meTanIya,miT,,fut,pass,,methanīya,mith
meTamAna,miT,1,pres,atma,,methamāna,mith
meTnAna,manT,,perf,atma,,methnāna,manth
meTnivas,manT,,perf,para,,methnivas,manth
meTya,miT,,fut,pass,,methya,mith
medAna,mad#1,,perf,atma,,medāna,mad#1
medivas,mad#1,,perf,para,,medivas,mad#1
mednAna,mand#1,,perf,atma,,mednāna,mand#1
mednivas,mand#1,,perf,para,,mednivas,mand#1
menAna,man,,perf,atma,,menāna,man
menivas,man,,perf,para,,menivas,man
memrIyamAna,mf,,pres,atma,intens,memrīyamāna,mṛ
meya,mA#1,,fut,pass,,meya,mā#1
meya,mA#3,,fut,pass,,meya,mā#3
meya,mA#4,,fut,pass,,meya,mā#4
meya,mi,,fut,pass,,meya,mi
meya,mI,,fut,pass,,meya,mī
mertnAna,mantr,,perf,atma,,mertnāna,mantr
mertnivas,mantr,,perf,para,,mertnivas,mantr
melanIya,mil,,fut,pass,,melanīya,mil
melanIya,mIl,,fut,pass,,melanīya,mīl
melApanIya,mil,,fut,pass,caus,melāpanīya,mil
melApayat,mil,,pres,para,caus,melāpayat,mil
melApayamAna,mil,,pres,atma,caus,melāpayamāna,mil
melApayitavya,mil,,fut,pass,caus,melāpayitavya,mil
melApayizyat,mil,,fut,para,caus,melāpayiṣyat,mil
melApayizyamAna,mil,,fut,atma,,melāpayiṣyamāna,mil
melApayizyamAna,mil,,fut,atma,caus,melāpayiṣyamāna,mil
melApitavat,mil,,past,active,caus,melāpitavat,mil
melApita,mil,,past,pass,caus,melāpita,mil
melApyamAna,mil,,pres,pass,caus,melāpyamāna,mil
melApya,mil,,fut,pass,caus,melāpya,mil
melitavya,mIl,,fut,pass,,melitavya,mīl
melizyat,mIl,,fut,para,,meliṣyat,mīl
melizyamAna,mIl,,fut,atma,,meliṣyamāna,mīl
melya,mil,,fut,pass,,melya,mil
meSraRIya,miSr,,fut,pass,,meśraṇīya,miśr
meSrya,miSr,,fut,pass,,meśrya,miśr
mezaRIya,miz,,fut,pass,,meṣaṇīya,miṣ
mezwavya,miz,,fut,pass,,meṣṭavya,miṣ
mezyat,mi,,fut,para,,meṣyat,mi
mezyat,mI,,fut,para,,meṣyat,mī
mezyamAna,mi,,fut,atma,,meṣyamāna,mi
mezyamAna,mI,,fut,atma,,meṣyamāna,mī
mezya,miz,,fut,pass,,meṣya,miṣ
mehat,mih,1,pres,para,,mehat,mih
mehanIya,mih,,fut,pass,,mehanīya,mih
mehamAna,mih,1,pres,atma,,mehamāna,mih
mehAna,mah,,perf,atma,,mehāna,mah
mehivas,mah,,perf,para,,mehivas,mah
mehya,mih,,fut,pass,,mehya,mih
moktavya,muc#1,,fut,pass,,moktavya,muc#1
mokzaRIya,mokz,,fut,pass,,mokṣaṇīya,mokṣ
mokzat,mokz,1,pres,para,,mokṣat,mokṣ
mokzamAna,mokz,1,pres,atma,,mokṣamāna,mokṣ
mokzayat,mokz,10,pres,para,,mokṣayat,mokṣ
mokzayamAna,mokz,10,pres,atma,,mokṣayamāna,mokṣ
mokzayitavya,mokz,,fut,pass,,mokṣayitavya,mokṣ
mokzayizyat,mokz,,fut,para,,mokṣayiṣyat,mokṣ
mokzayizyamAna,mokz,,fut,atma,,mokṣayiṣyamāna,mokṣ
mokzitavat,mokz,,past,active,,mokṣitavat,mokṣ
mokzita,mokz,,past,pass,,mokṣita,mokṣ
mokzyat,mokz,,fut,para,,mokṣyat,mokṣ
mokzyat,muc#1,,fut,para,,mokṣyat,muc#1
mokzyat,muz#1,,fut,para,,mokṣyat,muṣ#1
mokzyat,muh,,fut,para,,mokṣyat,muh
mokzyamAna,mokz,,fut,atma,,mokṣyamāna,mokṣ
mokzyamAna,mokz,,pres,pass,,mokṣyamāna,mokṣ
mokzyamAna,muc#1,,fut,atma,,mokṣyamāna,muc#1
mokzyamAna,muz#1,,fut,atma,,mokṣyamāna,muṣ#1
mokzyamAna,muh,,fut,atma,,mokṣyamāna,muh
mokzya,mokz,,fut,pass,,mokṣya,mokṣ
mogDavya,muh,,fut,pass,,mogdhavya,muh
mocanIya,muc#1,,fut,pass,,mocanīya,muc#1
mocanIya,muc#1,,fut,pass,caus,mocanīya,muc#1
mocayat,muc#1,,pres,para,caus,mocayat,muc#1
mocayamAna,muc#1,,pres,atma,caus,mocayamāna,muc#1
mocayitavya,muc#1,,fut,pass,caus,mocayitavya,muc#1
mocayizyat,muc#1,,fut,para,caus,mocayiṣyat,muc#1
mocayizyamAna,muc#1,,fut,atma,,mocayiṣyamāna,muc#1
mocayizyamAna,muc#1,,fut,atma,caus,mocayiṣyamāna,muc#1
mocitavat,muc#1,,past,active,caus,mocitavat,muc#1
mocita,muc#1,,past,pass,caus,mocita,muc#1
mocyamAna,muc#1,,pres,pass,caus,mocyamāna,muc#1
mocya,muc#1,,fut,pass,,mocya,muc#1
mocya,muc#1,,fut,pass,caus,mocya,muc#1
moRqanIya,muRq,,fut,pass,,moṇḍanīya,muṇḍ
moRqya,muRq,,fut,pass,,moṇḍya,muṇḍ
mottavya,mud#1,,fut,pass,,mottavya,mud#1
motraRIya,mUtr,,fut,pass,,motraṇīya,mūtr
motsyat,mud#1,,fut,para,,motsyat,mud#1
motsyamAna,mud#1,,fut,atma,,motsyamāna,mud#1
modat,mud#1,1,pres,para,,modat,mud#1
modanIya,mud#1,,fut,pass,,modanīya,mud#1
modanIya,mud#1,,fut,pass,caus,modanīya,mud#1
modamAna,mud#1,1,pres,atma,,modamāna,mud#1
modayat,mud#1,,pres,para,caus,modayat,mud#1
modayamAna,mud#1,,pres,atma,caus,modayamāna,mud#1
modayitavya,mud#1,,fut,pass,caus,modayitavya,mud#1
modayizyat,mud#1,,fut,para,caus,modayiṣyat,mud#1
modayizyamAna,mud#1,,fut,atma,,modayiṣyamāna,mud#1
modayizyamAna,mud#1,,fut,atma,caus,modayiṣyamāna,mud#1
moditavat,mud#1,,past,active,caus,moditavat,mud#1
modita,mud#1,,past,pass,caus,modita,mud#1
modyamAna,mud#1,,pres,pass,caus,modyamāna,mud#1
modya,mud#1,,fut,pass,,modya,mud#1
modya,mud#1,,fut,pass,caus,modya,mud#1
modraRIya,mudr,,fut,pass,,modraṇīya,mudr
modrya,mudr,,fut,pass,,modrya,mudr
morkzyat,mUrC,,fut,para,,morkṣyat,mūrch
morkzyamAna,mUrC,,fut,atma,,morkṣyamāna,mūrch
morCanIya,mUrC,,fut,pass,,morchanīya,mūrch
morzwavya,mUrC,,fut,pass,,morṣṭavya,mūrch
mozaRIya,muz#1,,fut,pass,,moṣaṇīya,muṣ#1
mozwavya,mokz,,fut,pass,,moṣṭavya,mokṣ
mozwavya,muz#1,,fut,pass,,moṣṭavya,muṣ#1
mozya,muz#1,,fut,pass,,moṣya,muṣ#1
mohanIya,muh,,fut,pass,,mohanīya,muh
mohanIya,muh,,fut,pass,caus,mohanīya,muh
mohayat,muh,,pres,para,caus,mohayat,muh
mohayamAna,muh,,pres,atma,caus,mohayamāna,muh
mohayitavya,muh,,fut,pass,caus,mohayitavya,muh
mohayizyat,muh,,fut,para,caus,mohayiṣyat,muh
mohayizyamAna,muh,,fut,atma,,mohayiṣyamāna,muh
mohayizyamAna,muh,,fut,atma,caus,mohayiṣyamāna,muh
mohitavat,muh,,past,active,caus,mohitavat,muh
mohita,muh,,past,pass,caus,mohita,muh
mohyamAna,muh,,pres,pass,caus,mohyamāna,muh
mohya,muh,,fut,pass,,mohya,muh
mohya,muh,,fut,pass,caus,mohya,muh
mnAtavat,mnA,,past,active,,mnātavat,mnā
mnAtavya,mnA,,fut,pass,,mnātavya,mnā
mnAta,mnA,,past,pass,,mnāta,mnā
mnAnIya,mnA,,fut,pass,,mnānīya,mnā
mnAsyat,mnA,,fut,para,,mnāsyat,mnā
mnAsyamAna,mnA,,fut,atma,,mnāsyamāna,mnā
mnIyamAna,mnA,,pres,pass,,mnīyamāna,mnā
mneya,mnA,,fut,pass,,mneya,mnā
mriyat,mf,4,pres,para,,mriyat,mṛ
mriyamAna,mf,4,pres,atma,,mriyamāna,mṛ
mriyamAna,mf,,pres,pass,,mriyamāna,mṛ
mreqanIya,mreq,,fut,pass,caus,mreḍanīya,mreḍ
mreqayat,mreq,,pres,para,caus,mreḍayat,mreḍ
mreqayamAna,mreq,,pres,atma,caus,mreḍayamāna,mreḍ
mreqayitavya,mreq,,fut,pass,caus,mreḍayitavya,mreḍ
mreqayizyat,mreq,,fut,para,caus,mreḍayiṣyat,mreḍ
mreqayizyamAna,mreq,,fut,atma,,mreḍayiṣyamāna,mreḍ
mreqayizyamAna,mreq,,fut,atma,caus,mreḍayiṣyamāna,mreḍ
mreqitavat,mreq,,past,active,caus,mreḍitavat,mreḍ
mreqita,mreq,,past,pass,caus,mreḍita,mreḍ
mreqyamAna,mreq,,pres,pass,caus,mreḍyamāna,mreḍ
mreqya,mreq,,fut,pass,caus,mreḍya,mreḍ
mlAtavya,mlA,,fut,pass,,mlātavya,mlā
mlAnavat,mlA,,past,active,,mlānavat,mlā
mlAna,mlA,,past,pass,,mlāna,mlā
mlAnIya,mlA,,fut,pass,,mlānīya,mlā
mlAyat,mlA,4,pres,para,,mlāyat,mlā
mlAyamAna,mlA,4,pres,atma,,mlāyamāna,mlā
mlAsyat,mlA,,fut,para,,mlāsyat,mlā
mlAsyamAna,mlA,,fut,atma,,mlāsyamāna,mlā
mlizwavat,mlecC,,past,active,,mliṣṭavat,mlecch
mlizwa,mlecC,,past,pass,,mliṣṭa,mlecch
mlIyamAna,mlA,,pres,pass,,mlīyamāna,mlā
mlecCat,mlecC,1,pres,para,,mlecchat,mlecch
mlecCanIya,mlecC,,fut,pass,,mlecchanīya,mlecch
mlecCamAna,mlecC,1,pres,atma,,mlecchamāna,mlecch
mlecCitavat,mlecC,,past,active,,mlecchitavat,mlecch
mlecCitavya,mlecC,,fut,pass,,mlecchitavya,mlecch
mlecCita,mlecC,,past,pass,,mlecchita,mlecch
mlecCizyat,mlecC,,fut,para,,mlecchiṣyat,mlecch
mlecCizyamAna,mlecC,,fut,atma,,mlecchiṣyamāna,mlecch
mlecCyamAna,mlecC,,pres,pass,,mlecchyamāna,mlecch
mlecCya,mlecC,,fut,pass,,mlecchya,mlecch
mleya,mlA,,fut,pass,,mleya,mlā
yaMsyat,yam,,fut,para,,yaṃsyat,yam
yaMsyamAna,yam,,fut,atma,,yaṃsyamāna,yam
yaHsyat,yas,,fut,para,,yaḥsyat,yas
yaHsyamAna,yas,,fut,atma,,yaḥsyamāna,yas
yakzyat,yaj#1,,fut,para,,yakṣyat,yaj#1
yakzyamAna,yaj#1,,fut,atma,,yakṣyamāna,yaj#1
yacCat,yam,1,pres,para,,yacchat,yam
yacCamAna,yam,1,pres,atma,,yacchamāna,yam
yajat,yaj#1,1,pres,para,,yajat,yaj#1
yajanIya,yaj#1,,fut,pass,,yajanīya,yaj#1
yajamAna,yaj#1,1,pres,atma,,yajamāna,yaj#1
yajya,yaj#1,,fut,pass,,yajya,yaj#1
yatat,yat#1,1,pres,para,,yatat,yat#1
yatanIya,yat#1,,fut,pass,,yatanīya,yat#1
yatamAna,yat#1,1,pres,atma,,yatamāna,yat#1
yatavat,yam,,past,active,,yatavat,yam
yata,yam,,past,pass,,yata,yam
yatitavat,yat#1,,past,active,,yatitavat,yat#1
yatitavya,yat#1,,fut,pass,,yatitavya,yat#1
yatita,yat#1,,past,pass,,yatita,yat#1
yatizyat,yat#1,,fut,para,,yatiṣyat,yat#1
yatizyamAna,yat#1,,fut,atma,,yatiṣyamāna,yat#1
yattavat,yat#1,,past,active,,yattavat,yat#1
yatta,yat#1,,past,pass,,yatta,yat#1
yatyamAna,yat#1,,pres,pass,,yatyamāna,yat#1
yatya,yat#1,,fut,pass,,yatya,yat#1
yat,i,2,pres,para,,yat,i
yantavya,yam,,fut,pass,,yantavya,yam
yapsyat,yaB,,fut,para,,yapsyat,yabh
yapsyamAna,yaB,,fut,atma,,yapsyamāna,yabh
yabDavat,yaB,,past,active,,yabdhavat,yabh
yabDavya,yaB,,fut,pass,,yabdhavya,yabh
yabDa,yaB,,past,pass,,yabdha,yabh
yaBat,yaB,1,pres,para,,yabhat,yabh
yaBanIya,yaB,,fut,pass,,yabhanīya,yabh
yaBamAna,yaB,1,pres,atma,,yabhamāna,yabh
yaByamAna,yaB,,pres,pass,,yabhyamāna,yabh
yaBya,yaB,,fut,pass,,yabhya,yabh
yamanIya,yam,,fut,pass,,yamanīya,yam
yamanIya,yam,,fut,pass,caus,yamanīya,yam
yamayat,yam,,pres,para,caus,yamayat,yam
yamayamAna,yam,,pres,atma,caus,yamayamāna,yam
yamayitavya,yam,,fut,pass,caus,yamayitavya,yam
yamayizyat,yam,,fut,para,caus,yamayiṣyat,yam
yamayizyamAna,yam,,fut,atma,,yamayiṣyamāna,yam
yamayizyamAna,yam,,fut,atma,caus,yamayiṣyamāna,yam
yamitavat,yam,,past,active,caus,yamitavat,yam
yamitavya,yam,,fut,pass,,yamitavya,yam
yamita,yam,,past,pass,caus,yamita,yam
yamizyat,yam,,fut,para,,yamiṣyat,yam
yamizyamAna,yam,,fut,atma,,yamiṣyamāna,yam
yamyamAna,yam,,pres,pass,,yamyamāna,yam
yamyamAna,yam,,pres,pass,caus,yamyamāna,yam
yamya,yam,,fut,pass,,yamya,yam
yamya,yam,,fut,pass,caus,yamya,yam
yayAcAna,yAc,,perf,atma,,yayācāna,yāc
yayAcvas,yAc,,perf,para,,yayācvas,yāc
yayAna,yA#1,,perf,atma,,yayāna,yā#1
yayivas,yA#1,,perf,para,,yayivas,yā#1
yavanIya,yu#1,,fut,pass,,yavanīya,yu#1
yavanIya,yu#2,,fut,pass,,yavanīya,yu#2
yavitavya,yu#1,,fut,pass,,yavitavya,yu#1
yavitavya,yu#2,,fut,pass,,yavitavya,yu#2
yavizyat,yu#1,,fut,para,,yaviṣyat,yu#1
yavizyat,yu#2,,fut,para,,yaviṣyat,yu#2
yavizyamAna,yu#1,,fut,atma,,yaviṣyamāna,yu#1
yavizyamAna,yu#2,,fut,atma,,yaviṣyamāna,yu#2
yazwavya,yaj#1,,fut,pass,,yaṣṭavya,yaj#1
yasanIya,yas,,fut,pass,,yasanīya,yas
yastavat,yas,,past,active,,yastavat,yas
yastavya,yas,,fut,pass,,yastavya,yas
yasta,yas,,past,pass,,yasta,yas
yasyat,yas,4,pres,para,,yasyat,yas
yasyamAna,yas,4,pres,atma,,yasyamāna,yas
yasyamAna,yas,,pres,pass,,yasyamāna,yas
yasya,yas,,fut,pass,,yasya,yas
yAcat,yAc,1,pres,para,,yācat,yāc
yAcanIya,yAc,,fut,pass,,yācanīya,yāc
yAcamAna,yAc,1,pres,atma,,yācamāna,yāc
yAcitavat,yAc,,past,active,,yācitavat,yāc
yAcitavya,yAc,,fut,pass,,yācitavya,yāc
yAcita,yAc,,past,pass,,yācita,yāc
yAcizyat,yAc,,fut,para,,yāciṣyat,yāc
yAcizyamAna,yAc,,fut,atma,,yāciṣyamāna,yāc
yAcyamAna,yAc,,pres,pass,,yācyamāna,yāc
yAcya,yAc,,fut,pass,,yācya,yāc
yAjanIya,yaj#1,,fut,pass,caus,yājanīya,yaj#1
yAjayat,yaj#1,,pres,para,caus,yājayat,yaj#1
yAjayamAna,yaj#1,,pres,atma,caus,yājayamāna,yaj#1
yAjayitavya,yaj#1,,fut,pass,caus,yājayitavya,yaj#1
yAjayizyat,yaj#1,,fut,para,caus,yājayiṣyat,yaj#1
yAjayizyamAna,yaj#1,,fut,atma,,yājayiṣyamāna,yaj#1
yAjayizyamAna,yaj#1,,fut,atma,caus,yājayiṣyamāna,yaj#1
yAjitavat,yaj#1,,past,active,caus,yājitavat,yaj#1
yAjita,yaj#1,,past,pass,caus,yājita,yaj#1
yAjyamAna,yaj#1,,pres,pass,caus,yājyamāna,yaj#1
yAjya,yaj#1,,fut,pass,caus,yājya,yaj#1
yAtanIya,yat#1,,fut,pass,caus,yātanīya,yat#1
yAtayat,yat#1,,pres,para,caus,yātayat,yat#1
yAtayamAna,yat#1,,pres,atma,caus,yātayamāna,yat#1
yAtayitavya,yat#1,,fut,pass,caus,yātayitavya,yat#1
yAtayizyat,yat#1,,fut,para,caus,yātayiṣyat,yat#1
yAtayizyamAna,yat#1,,fut,atma,,yātayiṣyamāna,yat#1
yAtayizyamAna,yat#1,,fut,atma,caus,yātayiṣyamāna,yat#1
yAtavat,yA#1,,past,active,,yātavat,yā#1
yAtavya,yA#1,,fut,pass,,yātavya,yā#1
yAta,yA#1,,past,pass,,yāta,yā#1
yAtitavat,yat#1,,past,active,caus,yātitavat,yat#1
yAtita,yat#1,,past,pass,caus,yātita,yat#1
yAtyamAna,yat#1,,pres,pass,caus,yātyamāna,yat#1
yAtya,yat#1,,fut,pass,caus,yātya,yat#1
yAna,yA#1,2,pres,atma,,yāna,yā#1
yAna,i,2,pres,atma,,yāna,i
yAnIya,yA#1,,fut,pass,,yānīya,yā#1
yApanIya,yA#1,,fut,pass,caus,yāpanīya,yā#1
yApayat,yA#1,,pres,para,caus,yāpayat,yā#1
yApayamAna,yA#1,,pres,atma,caus,yāpayamāna,yā#1
yApayitavya,yA#1,,fut,pass,caus,yāpayitavya,yā#1
yApayizyat,yA#1,,fut,para,caus,yāpayiṣyat,yā#1
yApayizyamAna,yA#1,,fut,atma,,yāpayiṣyamāna,yā#1
yApayizyamAna,yA#1,,fut,atma,caus,yāpayiṣyamāna,yā#1
yApitavat,yA#1,,past,active,caus,yāpitavat,yā#1
yApita,yA#1,,past,pass,caus,yāpita,yā#1
yApyamAna,yA#1,,pres,pass,caus,yāpyamāna,yā#1
yApya,yA#1,,fut,pass,caus,yāpya,yā#1
yAyajyAt,yaj#1,,pres,para,intens,yāyajyāt,yaj#1
yAyatyamAna,yat#1,,pres,atma,intens,yāyatyamāna,yat#1
yAvanIya,yu#2,,fut,pass,caus,yāvanīya,yu#2
yAvayat,yu#2,,pres,para,caus,yāvayat,yu#2
yAvayamAna,yu#2,,pres,atma,caus,yāvayamāna,yu#2
yAvayitavya,yu#2,,fut,pass,caus,yāvayitavya,yu#2
yAvayizyat,yu#2,,fut,para,caus,yāvayiṣyat,yu#2
yAvayizyamAna,yu#2,,fut,atma,,yāvayiṣyamāna,yu#2
yAvayizyamAna,yu#2,,fut,atma,caus,yāvayiṣyamāna,yu#2
yAvitavat,yu#2,,past,active,caus,yāvitavat,yu#2
yAvita,yu#2,,past,pass,caus,yāvita,yu#2
yAvyamAna,yu#2,,pres,pass,caus,yāvyamāna,yu#2
yAvya,yu#2,,fut,pass,caus,yāvya,yu#2
yAsyat,yA#1,,fut,para,,yāsyat,yā#1
yAsyamAna,yA#1,,fut,atma,,yāsyamāna,yā#1
yiyakzaRIya,yaj#1,,fut,pass,desid,yiyakṣaṇīya,yaj#1
yiyakzat,yaj#1,,pres,para,desid,yiyakṣat,yaj#1
yiyakzitavat,yaj#1,,past,active,desid,yiyakṣitavat,yaj#1
yiyakzita,yaj#1,,past,pass,desid,yiyakṣita,yaj#1
yiyatizamAna,yat#1,,pres,atma,desid,yiyatiṣamāna,yat#1
yiyatizitavat,yat#1,,past,active,desid,yiyatiṣitavat,yat#1
yiyatizita,yat#1,,past,pass,desid,yiyatiṣita,yat#1
yiyAsat,yA#1,,pres,para,desid,yiyāsat,yā#1
yiyAsanIya,yA#1,,fut,pass,desid,yiyāsanīya,yā#1
yiyAsitavat,yA#1,,past,active,desid,yiyāsitavat,yā#1
yiyAsita,yA#1,,past,pass,desid,yiyāsita,yā#1
yiyiyakzvas,yaj#1,,perf,para,desid,yiyiyakṣvas,yaj#1
yiyiyatizARa,yat#1,,perf,atma,desid,yiyiyatiṣāṇa,yat#1
yiyiyAsvas,yA#1,,perf,para,desid,yiyiyāsvas,yā#1
yuktavat,yuj#1,,past,active,,yuktavat,yuj#1
yukta,yuj#1,,past,pass,,yukta,yuj#1
yucCat,yu#2,1,pres,para,,yucchat,yu#2
yucCamAna,yu#2,1,pres,atma,,yucchamāna,yu#2
yujyamAna,yuj#1,,pres,pass,,yujyamāna,yuj#1
yuYjat,yuj#1,7,pres,para,,yuñjat,yuj#1
yuYjAna,yuj#1,7,pres,atma,,yuñjāna,yuj#1
yutavat,yu#1,,past,active,,yutavat,yu#1
yutavat,yu#2,,past,active,,yutavat,yu#2
yuta,yu#1,,past,pass,,yuta,yu#1
yuta,yu#2,,past,pass,,yuta,yu#2
yudDavat,yuD#1,,past,active,,yuddhavat,yudh#1
yudDa,yuD#1,,past,pass,,yuddha,yudh#1
yuDyat,yuD#1,4,pres,para,,yudhyat,yudh#1
yuDyamAna,yuD#1,4,pres,atma,,yudhyamāna,yudh#1
yuDyamAna,yuD#1,,pres,pass,,yudhyamāna,yudh#1
yuyukzaRIya,yuj#1,,fut,pass,desid,yuyukṣaṇīya,yuj#1
yuyukzat,yuj#1,,pres,para,desid,yuyukṣat,yuj#1
yuyukzitavat,yuj#1,,past,active,desid,yuyukṣitavat,yuj#1
yuyukzita,yuj#1,,past,pass,desid,yuyukṣita,yuj#1
yuyujAna,yuj#1,,perf,atma,,yuyujāna,yuj#1
yuyujvas,yuj#1,,perf,para,,yuyujvas,yuj#1
yuyutsamAna,yuD#1,,pres,atma,desid,yuyutsamāna,yudh#1
yuyutsitavat,yuD#1,,past,active,desid,yuyutsitavat,yudh#1
yuyutsita,yuD#1,,past,pass,desid,yuyutsita,yudh#1
yuyuDAna,yuD#1,,perf,atma,,yuyudhāna,yudh#1
yuyuDvas,yuD#1,,perf,para,,yuyudhvas,yudh#1
yuyuyukzvas,yuj#1,,perf,para,desid,yuyuyukṣvas,yuj#1
yuyuyutsAna,yuD#1,,perf,atma,desid,yuyuyutsāna,yudh#1
yuyuvas,yu#1,,perf,para,,yuyuvas,yu#1
yuyuvas,yu#2,,perf,para,,yuyuvas,yu#2
yuyvat,yu#2,3,pres,para,,yuyvat,yu#2
yuyvAna,yu#1,,perf,atma,,yuyvāna,yu#1
yuyvAna,yu#2,3,pres,atma,,yuyvāna,yu#2
yuyvAna,yu#2,,perf,atma,,yuyvāna,yu#2
yuvat,yu#1,2,pres,para,,yuvat,yu#1
yuvAna,yu#1,2,pres,atma,,yuvāna,yu#1
yUyamAna,yu#1,,pres,pass,,yūyamāna,yu#1
yUyamAna,yu#2,,pres,pass,,yūyamāna,yu#2
yetAna,yat#1,,perf,atma,,yetāna,yat#1
yetivas,yat#1,,perf,para,,yetivas,yat#1
yeBAna,yaB,,perf,atma,,yebhāna,yabh
yeBivas,yaB,,perf,para,,yebhivas,yabh
yemAna,yam,,perf,atma,,yemāna,yam
yemivas,yam,,perf,para,,yemivas,yam
yeya,yA#1,,fut,pass,,yeya,yā#1
yesAna,yas,,perf,atma,,yesāna,yas
yesivas,yas,,perf,para,,yesivas,yas
yoktavya,yuj#1,,fut,pass,,yoktavya,yuj#1
yokzyat,yuj#1,,fut,para,,yokṣyat,yuj#1
yokzyamAna,yuj#1,,fut,atma,,yokṣyamāna,yuj#1
yojanIya,yuj#1,,fut,pass,,yojanīya,yuj#1
yojanIya,yuj#1,,fut,pass,caus,yojanīya,yuj#1
yojayat,yuj#1,,pres,para,caus,yojayat,yuj#1
yojayamAna,yuj#1,,pres,atma,caus,yojayamāna,yuj#1
yojayitavya,yuj#1,,fut,pass,caus,yojayitavya,yuj#1
yojayizyat,yuj#1,,fut,para,caus,yojayiṣyat,yuj#1
yojayizyamAna,yuj#1,,fut,atma,,yojayiṣyamāna,yuj#1
yojayizyamAna,yuj#1,,fut,atma,caus,yojayiṣyamāna,yuj#1
yojitavat,yuj#1,,past,active,caus,yojitavat,yuj#1
yojita,yuj#1,,past,pass,caus,yojita,yuj#1
yojyamAna,yuj#1,,pres,pass,caus,yojyamāna,yuj#1
yojya,yuj#1,,fut,pass,,yojya,yuj#1
yojya,yuj#1,,fut,pass,caus,yojya,yuj#1
yotsyat,yuD#1,,fut,para,,yotsyat,yudh#1
yotsyamAna,yuD#1,,fut,atma,,yotsyamāna,yudh#1
yodDavya,yuD#1,,fut,pass,,yoddhavya,yudh#1
yoDanIya,yuD#1,,fut,pass,,yodhanīya,yudh#1
yoDya,yuD#1,,fut,pass,,yodhya,yudh#1
yoya,yu#1,,fut,pass,,yoya,yu#1
yoya,yu#2,,fut,pass,,yoya,yu#2
raMkzyat,raMh,,fut,para,,raṃkṣyat,raṃh
raMkzyamAna,raMh,,fut,atma,,raṃkṣyamāna,raṃh
raMQavya,raMh,,fut,pass,,raṃḍhavya,raṃh
raMsyat,ram,,fut,para,,raṃsyat,ram
raMsyamAna,ram,,fut,atma,,raṃsyamāna,ram
raMhaRIya,raMh,,fut,pass,,raṃhaṇīya,raṃh
raMhat,raMh,1,pres,para,,raṃhat,raṃh
raMhamAna,raMh,1,pres,atma,,raṃhamāna,raṃh
raMhitavat,raMh,,past,active,,raṃhitavat,raṃh
raMhita,raMh,,past,pass,,raṃhita,raṃh
raMhyamAna,raMh,,pres,pass,,raṃhyamāna,raṃh
raMhya,raMh,,fut,pass,,raṃhya,raṃh
raktavat,raYj,,past,active,,raktavat,rañj
rakta,raYj,,past,pass,,rakta,rañj
rakzaRIya,rakz,,fut,pass,,rakṣaṇīya,rakṣ
rakzaRIya,rakz,,fut,pass,caus,rakṣaṇīya,rakṣ
rakzat,rakz,1,pres,para,,rakṣat,rakṣ
rakzamAna,rakz,1,pres,atma,,rakṣamāna,rakṣ
rakzayat,rakz,,pres,para,caus,rakṣayat,rakṣ
rakzayamAna,rakz,,pres,atma,caus,rakṣayamāna,rakṣ
rakzayitavya,rakz,,fut,pass,caus,rakṣayitavya,rakṣ
rakzayizyat,rakz,,fut,para,caus,rakṣayiṣyat,rakṣ
rakzayizyamAna,rakz,,fut,atma,,rakṣayiṣyamāna,rakṣ
rakzayizyamAna,rakz,,fut,atma,caus,rakṣayiṣyamāna,rakṣ
rakzitavat,rakz,,past,active,,rakṣitavat,rakṣ
rakzitavat,rakz,,past,active,caus,rakṣitavat,rakṣ
rakzitavya,rakz,,fut,pass,,rakṣitavya,rakṣ
rakzita,rakz,,past,pass,,rakṣita,rakṣ
rakzita,rakz,,past,pass,caus,rakṣita,rakṣ
rakzizyat,rakz,,fut,para,,rakṣiṣyat,rakṣ
rakzizyamAna,rakz,,fut,atma,,rakṣiṣyamāna,rakṣ
rakzyamAna,rakz,,pres,pass,,rakṣyamāna,rakṣ
rakzyamAna,rakz,,pres,pass,caus,rakṣyamāna,rakṣ
rakzya,rakz,,fut,pass,,rakṣya,rakṣ
rakzya,rakz,,fut,pass,caus,rakṣya,rakṣ
raNktavya,raYj,,fut,pass,,raṅktavya,rañj
raNkzyat,raYj,,fut,para,,raṅkṣyat,rañj
raNkzyamAna,raYj,,fut,atma,,raṅkṣyamāna,rañj
racanIya,rac,,fut,pass,,racanīya,rac
racayat,rac,10,pres,para,,racayat,rac
racayamAna,rac,10,pres,atma,,racayamāna,rac
racayitavya,rac,,fut,pass,,racayitavya,rac
racayizyat,rac,,fut,para,,racayiṣyat,rac
racayizyamAna,rac,,fut,atma,,racayiṣyamāna,rac
racitavat,rac,,past,active,,racitavat,rac
racita,rac,,past,pass,,racita,rac
racyamAna,rac,,pres,pass,,racyamāna,rac
racya,rac,,fut,pass,,racya,rac
rajyat,raYj,4,pres,para,,rajyat,rañj
rajyamAna,raYj,4,pres,atma,,rajyamāna,rañj
rajyamAna,raYj,,pres,pass,,rajyamāna,rañj
raYjanIya,raYj,,fut,pass,,rañjanīya,rañj
raYjanIya,raYj,,fut,pass,caus,rañjanīya,rañj
raYjayat,raYj,,pres,para,caus,rañjayat,rañj
raYjayamAna,raYj,,pres,atma,caus,rañjayamāna,rañj
raYjayitavya,raYj,,fut,pass,caus,rañjayitavya,rañj
raYjayizyat,raYj,,fut,para,caus,rañjayiṣyat,rañj
raYjayizyamAna,raYj,,fut,atma,,rañjayiṣyamāna,rañj
raYjayizyamAna,raYj,,fut,atma,caus,rañjayiṣyamāna,rañj
raYjitavat,raYj,,past,active,caus,rañjitavat,rañj
raYjita,raYj,,past,pass,caus,rañjita,rañj
raYjyamAna,raYj,,pres,pass,caus,rañjyamāna,rañj
raYjya,raYj,,fut,pass,,rañjya,rañj
raYjya,raYj,,fut,pass,caus,rañjya,rañj
raRat,raR,1,pres,para,,raṇat,raṇ
raRanIya,raR,,fut,pass,,raṇanīya,raṇ
raRamAna,raR,1,pres,atma,,raṇamāna,raṇ
raRitavat,raR,,past,active,,raṇitavat,raṇ
raRita,raR,,past,pass,,raṇita,raṇ
raRtavya,raR,,fut,pass,,raṇtavya,raṇ
raRyamAna,raR,,pres,pass,,raṇyamāna,raṇ
raRya,raR,,fut,pass,,raṇya,raṇ
raRsyat,raR,,fut,para,,raṇsyat,raṇ
raRsyamAna,raR,,fut,atma,,raṇsyamāna,raṇ
ratavat,ram,,past,active,,ratavat,ram
rata,ram,,past,pass,,rata,ram
rattavat,rad,,past,active,,rattavat,rad
rattavya,rad,,fut,pass,,rattavya,rad
ratta,rad,,past,pass,,ratta,rad
ratsyat,rad,,fut,para,,ratsyat,rad
ratsyat,raD,,fut,para,,ratsyat,radh
ratsyamAna,rad,,fut,atma,,ratsyamāna,rad
ratsyamAna,raD,,fut,atma,,ratsyamāna,radh
radat,rad,1,pres,para,,radat,rad
radanIya,rad,,fut,pass,,radanīya,rad
radamAna,rad,1,pres,atma,,radamāna,rad
radDavat,raD,,past,active,,raddhavat,radh
radDavya,raD,,fut,pass,,raddhavya,radh
radDa,raD,,past,pass,,raddha,radh
radyamAna,rad,,pres,pass,,radyamāna,rad
radya,rad,,fut,pass,,radya,rad
raDanIya,raD,,fut,pass,,radhanīya,radh
raDyat,raD,4,pres,para,,radhyat,radh
raDyamAna,raD,4,pres,atma,,radhyamāna,radh
raDyamAna,raD,,pres,pass,,radhyamāna,radh
raDya,raD,,fut,pass,,radhya,radh
rantavya,ram,,fut,pass,,rantavya,ram
ranDanIya,raD,,fut,pass,caus,randhanīya,radh
ranDayat,raD,,pres,para,caus,randhayat,radh
ranDayamAna,raD,,pres,atma,caus,randhayamāna,radh
ranDayitavya,raD,,fut,pass,caus,randhayitavya,radh
ranDayizyat,raD,,fut,para,caus,randhayiṣyat,radh
ranDayizyamAna,raD,,fut,atma,,randhayiṣyamāna,radh
ranDayizyamAna,raD,,fut,atma,caus,randhayiṣyamāna,radh
ranDitavat,raD,,past,active,caus,randhitavat,radh
ranDita,raD,,past,pass,caus,randhita,radh
ranDyamAna,raD,,pres,pass,caus,randhyamāna,radh
ranDya,raD,,fut,pass,caus,randhya,radh
rapsyat,raB,,fut,para,,rapsyat,rabh
rapsyamAna,raB,,fut,atma,,rapsyamāna,rabh
rabDavat,raB,,past,active,,rabdhavat,rabh
rabDavya,raB,,fut,pass,,rabdhavya,rabh
rabDa,raB,,past,pass,,rabdha,rabh
raBaRIya,raB,,fut,pass,,rabhaṇīya,rabh
raBat,raB,1,pres,para,,rabhat,rabh
raBamAna,raB,1,pres,atma,,rabhamāna,rabh
raByamAna,raB,,pres,pass,,rabhyamāna,rabh
raBya,raB,,fut,pass,,rabhya,rabh
ramaRIya,ram,,fut,pass,,ramaṇīya,ram
ramaRIya,ram,,fut,pass,caus,ramaṇīya,ram
ramat,ram,1,pres,para,,ramat,ram
ramamAna,ram,1,pres,atma,,ramamāna,ram
ramayat,ram,,pres,para,caus,ramayat,ram
ramayamAna,ram,,pres,atma,caus,ramayamāna,ram
ramayitavya,ram,,fut,pass,caus,ramayitavya,ram
ramayizyat,ram,,fut,para,caus,ramayiṣyat,ram
ramayizyamAna,ram,,fut,atma,,ramayiṣyamāna,ram
ramayizyamAna,ram,,fut,atma,caus,ramayiṣyamāna,ram
ramitavat,ram,,past,active,caus,ramitavat,ram
ramita,ram,,past,pass,caus,ramita,ram
ramyamAna,ram,,pres,pass,,ramyamāna,ram
ramyamAna,ram,,pres,pass,caus,ramyamāna,ram
ramya,ram,,fut,pass,,ramya,ram
ramya,ram,,fut,pass,caus,ramya,ram
rayaRIya,ri,,fut,pass,,rayaṇīya,ri
raraMhARa,raMh,,perf,atma,,raraṃhāṇa,raṃh
raraMhvas,raMh,,perf,para,,raraṃhvas,raṃh
rarAjAna,rAj#1,,perf,atma,,rarājāna,rāj#1
rarARa,rA#1,,perf,atma,,rarāṇa,rā#1
rarADAna,rAD,,perf,atma,,rarādhāna,rādh
rarADvas,rAD,,perf,para,,rarādhvas,rādh
rarivas,rA#1,,perf,para,,rarivas,rā#1
ravaRIya,ru,,fut,pass,,ravaṇīya,ru
ravitavya,ru,,fut,pass,,ravitavya,ru
ravizyat,ru,,fut,para,,raviṣyat,ru
ravizyamAna,ru,,fut,atma,,raviṣyamāna,ru
rasanIya,ras,,fut,pass,,rasanīya,ras
rasayat,ras,10,pres,para,,rasayat,ras
rasayamAna,ras,10,pres,atma,,rasayamāna,ras
rasayitavya,ras,,fut,pass,,rasayitavya,ras
rasayizyat,ras,,fut,para,,rasayiṣyat,ras
rasayizyamAna,ras,,fut,atma,,rasayiṣyamāna,ras
rastavat,ras,,past,active,,rastavat,ras
rasta,ras,,past,pass,,rasta,ras
rasyamAna,ras,,pres,pass,,rasyamāna,ras
rasya,ras,,fut,pass,,rasya,ras
rahaRIya,rah,,fut,pass,,rahaṇīya,rah
rahayat,rah,10,pres,para,,rahayat,rah
rahayamAna,rah,10,pres,atma,,rahayamāna,rah
rahayitavya,rah,,fut,pass,,rahayitavya,rah
rahayizyat,rah,,fut,para,,rahayiṣyat,rah
rahayizyamAna,rah,,fut,atma,,rahayiṣyamāna,rah
rahitavat,rah,,past,active,,rahitavat,rah
rahita,rah,,past,pass,,rahita,rah
rahyamAna,rah,,pres,pass,,rahyamāna,rah
rahya,rah,,fut,pass,,rahya,rah
rAjat,rAj#1,1,pres,para,,rājat,rāj#1
rAjanIya,rAj#1,,fut,pass,,rājanīya,rāj#1
rAjanIya,rAj#1,,fut,pass,caus,rājanīya,rāj#1
rAjamAna,rAj#1,1,pres,atma,,rājamāna,rāj#1
rAjayat,rAj#1,,pres,para,caus,rājayat,rāj#1
rAjayamAna,rAj#1,,pres,atma,caus,rājayamāna,rāj#1
rAjayitavya,rAj#1,,fut,pass,caus,rājayitavya,rāj#1
rAjayizyat,rAj#1,,fut,para,caus,rājayiṣyat,rāj#1
rAjayizyamAna,rAj#1,,fut,atma,,rājayiṣyamāna,rāj#1
rAjayizyamAna,rAj#1,,fut,atma,caus,rājayiṣyamāna,rāj#1
rAjitavat,rAj#1,,past,active,,rājitavat,rāj#1
rAjitavat,rAj#1,,past,active,caus,rājitavat,rāj#1
rAjitavya,rAj#1,,fut,pass,,rājitavya,rāj#1
rAjita,rAj#1,,past,pass,,rājita,rāj#1
rAjita,rAj#1,,past,pass,caus,rājita,rāj#1
rAjizyat,rAj#1,,fut,para,,rājiṣyat,rāj#1
rAjizyamAna,rAj#1,,fut,atma,,rājiṣyamāna,rāj#1
rAjyamAna,rAj#1,,pres,pass,,rājyamāna,rāj#1
rAjyamAna,rAj#1,,pres,pass,caus,rājyamāna,rāj#1
rAjya,rAj#1,,fut,pass,,rājya,rāj#1
rAjya,rAj#1,,fut,pass,caus,rājya,rāj#1
rARa,rA#1,2,pres,atma,,rāṇa,rā#1
rARIya,rA#1,,fut,pass,,rāṇīya,rā#1
rAtavat,rA#1,,past,active,,rātavat,rā#1
rAtavya,rA#1,,fut,pass,,rātavya,rā#1
rAta,rA#1,,past,pass,,rāta,rā#1
rAtsyat,rAD,,fut,para,,rātsyat,rādh
rAtsyamAna,rAD,,fut,atma,,rātsyamāna,rādh
rAdDavat,rAD,,past,active,,rāddhavat,rādh
rAdDavya,rAD,,fut,pass,,rāddhavya,rādh
rAdDa,rAD,,past,pass,,rāddha,rādh
rADanIya,rAD,,fut,pass,,rādhanīya,rādh
rADanIya,rAD,,fut,pass,caus,rādhanīya,rādh
rADayat,rAD,,pres,para,caus,rādhayat,rādh
rADayamAna,rAD,,pres,atma,caus,rādhayamāna,rādh
rADayitavya,rAD,,fut,pass,caus,rādhayitavya,rādh
rADayizyat,rAD,,fut,para,caus,rādhayiṣyat,rādh
rADayizyamAna,rAD,,fut,atma,,rādhayiṣyamāna,rādh
rADayizyamAna,rAD,,fut,atma,caus,rādhayiṣyamāna,rādh
rADitavat,rAD,,past,active,caus,rādhitavat,rādh
rADita,rAD,,past,pass,caus,rādhita,rādh
rADnuvat,rAD,5,pres,para,,rādhnuvat,rādh
rADnvAna,rAD,5,pres,atma,,rādhnvāna,rādh
rADyat,rAD,4,pres,para,,rādhyat,rādh
rADyamAna,rAD,4,pres,atma,,rādhyamāna,rādh
rADyamAna,rAD,,pres,pass,,rādhyamāna,rādh
rADyamAna,rAD,,pres,pass,caus,rādhyamāna,rādh
rADya,rAD,,fut,pass,,rādhya,rādh
rADya,rAD,,fut,pass,caus,rādhya,rādh
rAmaRIya,ram,,fut,pass,caus,rāmaṇīya,ram
rAmayat,ram,,pres,para,caus,rāmayat,ram
rAmayamAna,ram,,pres,atma,caus,rāmayamāna,ram
rAmayitavya,ram,,fut,pass,caus,rāmayitavya,ram
rAmayizyat,ram,,fut,para,caus,rāmayiṣyat,ram
rAmayizyamAna,ram,,fut,atma,,rāmayiṣyamāna,ram
rAmayizyamAna,ram,,fut,atma,caus,rāmayiṣyamāna,ram
rAmitavat,ram,,past,active,caus,rāmitavat,ram
rAmita,ram,,past,pass,caus,rāmita,ram
rAmyamAna,ram,,pres,pass,caus,rāmyamāna,ram
rAmya,ram,,fut,pass,caus,rāmya,ram
rAsyat,rA#1,,fut,para,,rāsyat,rā#1
rAsyamAna,rA#1,,fut,atma,,rāsyamāna,rā#1
riktavat,ric,,past,active,,riktavat,ric
rikta,ric,,past,pass,,rikta,ric
ricyat,ric,4,pres,para,,ricyat,ric
ricyamAna,ric,4,pres,atma,,ricyamāna,ric
ricyamAna,ric,,pres,pass,,ricyamāna,ric
riYcat,ric,7,pres,para,,riñcat,ric
riYcAna,ric,7,pres,atma,,riñcāna,ric
riRat,ri,9,pres,para,,riṇat,ri
riRAna,ri,9,pres,atma,,riṇāna,ri
riyat,ri,4,pres,para,,riyat,ri
riyamAna,ri,4,pres,atma,,riyamāna,ri
riraMsamAna,ram,,pres,atma,desid,riraṃsamāna,ram
riraMsitavat,ram,,past,active,desid,riraṃsitavat,ram
riraMsita,ram,,past,pass,desid,riraṃsita,ram
rirakzizaRIya,rakz,,fut,pass,desid,rirakṣiṣaṇīya,rakṣ
rirakzizat,rakz,,pres,para,desid,rirakṣiṣat,rakṣ
rirakzizitavat,rakz,,past,active,desid,rirakṣiṣitavat,rakṣ
rirakzizita,rakz,,past,pass,desid,rirakṣiṣita,rakṣ
riricAna,ric,,perf,atma,,riricāna,ric
riricvas,ric,,perf,para,,riricvas,ric
ririraMsAna,ram,,perf,atma,desid,ririraṃsāna,ram
ririrakzizvas,rakz,,perf,para,desid,ririrakṣiṣvas,rakṣ
ririvas,ri,,perf,para,,ririvas,ri
ririzARa,riz,,perf,atma,,ririṣāṇa,riṣ
ririzvas,riz,,perf,para,,ririṣvas,riṣ
riryARa,ri,,perf,atma,,riryāṇa,ri
rizwavat,riz,,past,active,,riṣṭavat,riṣ
rizwa,riz,,past,pass,,riṣṭa,riṣ
rizyat,riz,4,pres,para,,riṣyat,riṣ
rizyamAna,riz,4,pres,atma,,riṣyamāna,riṣ
rizyamAna,riz,,pres,pass,,riṣyamāna,riṣ
rIRavat,ri,,past,active,,rīṇavat,ri
rIRa,ri,,past,pass,,rīṇa,ri
rIyamAna,rA#1,,pres,pass,,rīyamāna,rā#1
rIyamAna,ri,,pres,pass,,rīyamāna,ri
ruktavat,ruj#1,,past,active,,ruktavat,ruj#1
rukta,ruj#1,,past,pass,,rukta,ruj#1
rucitavat,ruc#1,,past,active,,rucitavat,ruc#1
rucita,ruc#1,,past,pass,,rucita,ruc#1
rujat,ruj#1,1,pres,para,,rujat,ruj#1
rujamAna,ruj#1,1,pres,atma,,rujamāna,ruj#1
rujyamAna,ruj#1,,pres,pass,,rujyamāna,ruj#1
rutavat,ru,,past,active,,rutavat,ru
ruta,ru,,past,pass,,ruta,ru
rudat,rud#1,2,pres,para,,rudat,rud#1
rudat,rud#1,6,pres,para,,rudat,rud#1
ruditavat,rud#1,,past,active,,ruditavat,rud#1
rudita,rud#1,,past,pass,,rudita,rud#1
rudDavat,ruD#1,,past,active,,ruddhavat,rudh#1
rudDavat,ruD#2,,past,active,,ruddhavat,rudh#2
rudDa,ruD#1,,past,pass,,ruddha,rudh#1
rudDa,ruD#2,,past,pass,,ruddha,rudh#2
rudyamAna,rud#1,,pres,pass,,rudyamāna,rud#1
ruDyamAna,ruD#1,,pres,pass,,rudhyamāna,rudh#1
ruDyamAna,ruD#2,,pres,pass,,rudhyamāna,rudh#2
runDat,ruD#2,7,pres,para,,rundhat,rudh#2
runDat,ruD#2,6,pres,para,,rundhat,rudh#2
runDamAna,ruD#2,6,pres,atma,,rundhamāna,rudh#2
runDAna,ruD#2,7,pres,atma,,rundhāna,rudh#2
rurukzaRIya,ruh#1,,fut,pass,desid,rurukṣaṇīya,ruh#1
rurukzat,ruh#1,,pres,para,desid,rurukṣat,ruh#1
rurukzitavat,ruh#1,,past,active,desid,rurukṣitavat,ruh#1
rurukzita,ruh#1,,past,pass,desid,rurukṣita,ruh#1
rurucAna,ruc#1,,perf,atma,,rurucāna,ruc#1
rurucvas,ruc#1,,perf,para,,rurucvas,ruc#1
rurujAna,ruj#1,,perf,atma,,rurujāna,ruj#1
rurujvas,ruj#1,,perf,para,,rurujvas,ruj#1
rurudvas,rud#1,,perf,para,,rurudvas,rud#1
ruruDAna,ruD#1,,perf,atma,,rurudhāna,rudh#1
ruruDAna,ruD#2,,perf,atma,,rurudhāna,rudh#2
ruruDvas,ruD#1,,perf,para,,rurudhvas,rudh#1
ruruDvas,ruD#2,,perf,para,,rurudhvas,rudh#2
rururukzvas,ruh#1,,perf,para,desid,rururukṣvas,ruh#1
ruruvas,ru,,perf,para,,ruruvas,ru
ruruzARa,ruz#1,,perf,atma,,ruruṣāṇa,ruṣ#1
ruruzvas,ruz#1,,perf,para,,ruruṣvas,ruṣ#1
ruruhARa,ruh#1,,perf,atma,,ruruhāṇa,ruh#1
ruruhvas,ruh#1,,perf,para,,ruruhvas,ruh#1
rurUkzARa,rUkz,,perf,atma,,rurūkṣāṇa,rūkṣ
rurUkzvas,rUkz,,perf,para,,rurūkṣvas,rūkṣ
rurUpARa,rUp,,perf,atma,,rurūpāṇa,rūp
rurUpvas,rUp,,perf,para,,rurūpvas,rūp
rurvARa,ru,,perf,atma,,rurvāṇa,ru
ruvat,ru,2,pres,para,,ruvat,ru
ruvARa,ru,2,pres,atma,,ruvāṇa,ru
ruzitavat,ruz#1,,past,active,,ruṣitavat,ruṣ#1
ruzita,ruz#1,,past,pass,,ruṣita,ruṣ#1
ruzyat,ruz#1,4,pres,para,,ruṣyat,ruṣ#1
ruzyamAna,ruz#1,4,pres,atma,,ruṣyamāna,ruṣ#1
ruzyamAna,ruz#1,,pres,pass,,ruṣyamāna,ruṣ#1
ruhat,ruh#1,6,pres,para,,ruhat,ruh#1
ruhamAna,ruh#1,6,pres,atma,,ruhamāna,ruh#1
ruhyamAna,ruh#1,,pres,pass,,ruhyamāna,ruh#1
rUkzayat,rUkz,10,pres,para,,rūkṣayat,rūkṣ
rUkzayamAna,rUkz,10,pres,atma,,rūkṣayamāna,rūkṣ
rUkzayitavya,rUkz,,fut,pass,,rūkṣayitavya,rūkṣ
rUkzayizyat,rUkz,,fut,para,,rūkṣayiṣyat,rūkṣ
rUkzayizyamAna,rUkz,,fut,atma,,rūkṣayiṣyamāna,rūkṣ
rUkzitavat,rUkz,,past,active,,rūkṣitavat,rūkṣ
rUkzita,rUkz,,past,pass,,rūkṣita,rūkṣ
rUkzyamAna,rUkz,,pres,pass,,rūkṣyamāna,rūkṣ
rUkzya,rUkz,,fut,pass,,rūkṣya,rūkṣ
rUQavat,ruh#1,,past,active,,rūḍhavat,ruh#1
rUQa,ruh#1,,past,pass,,rūḍha,ruh#1
rUpayat,rUp,10,pres,para,,rūpayat,rūp
rUpayamAna,rUp,10,pres,atma,,rūpayamāna,rūp
rUpayitavya,rUp,,fut,pass,,rūpayitavya,rūp
rUpayizyat,rUp,,fut,para,,rūpayiṣyat,rūp
rUpayizyamAna,rUp,,fut,atma,,rūpayiṣyamāna,rūp
rUpitavat,rUp,,past,active,,rūpitavat,rūp
rUpita,rUp,,past,pass,,rūpita,rūp
rUptavat,rUp,,past,active,,rūptavat,rūp
rUpta,rUp,,past,pass,,rūpta,rūp
rUpyamAna,rUp,,pres,pass,,rūpyamāna,rūp
rUpya,rUp,,fut,pass,,rūpya,rūp
rUyamAna,ru,,pres,pass,,rūyamāna,ru
rektavya,ric,,fut,pass,,rektavya,ric
rekzyat,ric,,fut,para,,rekṣyat,ric
rekzyat,riz,,fut,para,,rekṣyat,riṣ
rekzyamAna,ric,,fut,atma,,rekṣyamāna,ric
rekzyamAna,riz,,fut,atma,,rekṣyamāna,riṣ
recanIya,ric,,fut,pass,,recanīya,ric
recanIya,ric,,fut,pass,caus,recanīya,ric
recayat,ric,,pres,para,caus,recayat,ric
recayamAna,ric,,pres,atma,caus,recayamāna,ric
recayitavya,ric,,fut,pass,caus,recayitavya,ric
recayizyat,ric,,fut,para,caus,recayiṣyat,ric
recayizyamAna,ric,,fut,atma,,recayiṣyamāna,ric
recayizyamAna,ric,,fut,atma,caus,recayiṣyamāna,ric
recAna,rac,,perf,atma,,recāna,rac
recitavat,ric,,past,active,caus,recitavat,ric
recita,ric,,past,pass,caus,recita,ric
recivas,rac,,perf,para,,recivas,rac
recyamAna,ric,,pres,pass,caus,recyamāna,ric
recya,ric,,fut,pass,,recya,ric
recya,ric,,fut,pass,caus,recya,ric
rejivas,rAj#1,,perf,para,,rejivas,rāj#1
rejYAna,raYj,,perf,atma,,rejñāna,rañj
rejYivas,raYj,,perf,para,,rejñivas,rañj
reRAna,raR,,perf,atma,,reṇāna,raṇ
reRivas,raR,,perf,para,,reṇivas,raṇ
retavya,ri,,fut,pass,,retavya,ri
redAna,rad,,perf,atma,,redāna,rad
redivas,rad,,perf,para,,redivas,rad
reDAna,raD,,perf,atma,,redhāna,radh
reDivas,raD,,perf,para,,redhivas,radh
reBARa,raB,,perf,atma,,rebhāṇa,rabh
reBivas,raB,,perf,para,,rebhivas,rabh
remARa,ram,,perf,atma,,remāṇa,ram
remivas,ram,,perf,para,,remivas,ram
reya,rA#1,,fut,pass,,reya,rā#1
reya,ri,,fut,pass,,reya,ri
rezaRIya,riz,,fut,pass,,reṣaṇīya,riṣ
rezaRIya,riz,,fut,pass,caus,reṣaṇīya,riṣ
rezayat,riz,,pres,para,caus,reṣayat,riṣ
rezayamAna,riz,,pres,atma,caus,reṣayamāna,riṣ
rezayitavya,riz,,fut,pass,caus,reṣayitavya,riṣ
rezayizyat,riz,,fut,para,caus,reṣayiṣyat,riṣ
rezayizyamAna,riz,,fut,atma,,reṣayiṣyamāna,riṣ
rezayizyamAna,riz,,fut,atma,caus,reṣayiṣyamāna,riṣ
rezitavat,riz,,past,active,caus,reṣitavat,riṣ
rezita,riz,,past,pass,caus,reṣita,riṣ
rezkARa,rakz,,perf,atma,,reṣkāṇa,rakṣ
rezkivas,rakz,,perf,para,,reṣkivas,rakṣ
rezwavya,riz,,fut,pass,,reṣṭavya,riṣ
rezyat,ri,,fut,para,,reṣyat,ri
rezyamAna,ri,,fut,atma,,reṣyamāna,ri
rezyamAna,riz,,pres,pass,caus,reṣyamāna,riṣ
rezya,riz,,fut,pass,,reṣya,riṣ
rezya,riz,,fut,pass,caus,reṣya,riṣ
resAna,ras,,perf,atma,,resāna,ras
resivas,ras,,perf,para,,resivas,ras
rehARa,rah,,perf,atma,,rehāṇa,rah
rehivas,rah,,perf,para,,rehivas,rah
roktavya,ruj#1,,fut,pass,,roktavya,ruj#1
rokzaRIya,rUkz,,fut,pass,,rokṣaṇīya,rūkṣ
rokzyat,ruj#1,,fut,para,,rokṣyat,ruj#1
rokzyat,ruz#1,,fut,para,,rokṣyat,ruṣ#1
rokzyat,ruh#1,,fut,para,,rokṣyat,ruh#1
rokzyamAna,ruj#1,,fut,atma,,rokṣyamāna,ruj#1
rokzyamAna,ruz#1,,fut,atma,,rokṣyamāna,ruṣ#1
rokzyamAna,ruh#1,,fut,atma,,rokṣyamāna,ruh#1
rocat,ruc#1,1,pres,para,,rocat,ruc#1
rocanIya,ruc#1,,fut,pass,caus,rocanīya,ruc#1
rocamAna,ruc#1,1,pres,atma,,rocamāna,ruc#1
rocayat,ruc#1,,pres,para,caus,rocayat,ruc#1
rocayamAna,ruc#1,,pres,atma,caus,rocayamāna,ruc#1
rocayizyat,ruc#1,,fut,para,caus,rocayiṣyat,ruc#1
rocayizyamAna,ruc#1,,fut,atma,,rocayiṣyamāna,ruc#1
rocayizyamAna,ruc#1,,fut,atma,caus,rocayiṣyamāna,ruc#1
rocitavat,ruc#1,,past,active,caus,rocitavat,ruc#1
rocita,ruc#1,,past,pass,caus,rocita,ruc#1
rocizyat,ruc#1,,fut,para,,rociṣyat,ruc#1
rocizyamAna,ruc#1,,fut,atma,,rociṣyamāna,ruc#1
rocyamAna,ruc#1,,pres,pass,caus,rocyamāna,ruc#1
rocya,ruc#1,,fut,pass,caus,rocya,ruc#1
rojanIya,ruj#1,,fut,pass,,rojanīya,ruj#1
rojya,ruj#1,,fut,pass,,rojya,ruj#1
roQavya,ruh#1,,fut,pass,,roḍhavya,ruh#1
rottavya,rud#1,,fut,pass,,rottavya,rud#1
rotsyat,rud#1,,fut,para,,rotsyat,rud#1
rotsyat,ruD#1,,fut,para,,rotsyat,rudh#1
rotsyat,ruD#2,,fut,para,,rotsyat,rudh#2
rotsyamAna,ruD#1,,fut,atma,,rotsyamāna,rudh#1
rotsyamAna,ruD#2,,fut,atma,,rotsyamāna,rudh#2
rodat,rud#1,1,pres,para,,rodat,rud#1
rodanIya,rud#1,,fut,pass,,rodanīya,rud#1
rodanIya,rud#1,,fut,pass,caus,rodanīya,rud#1
rodayat,rud#1,,pres,para,caus,rodayat,rud#1
rodayamAna,rud#1,,pres,atma,caus,rodayamāna,rud#1
rodayitavya,rud#1,,fut,pass,caus,rodayitavya,rud#1
rodayizyat,rud#1,,fut,para,caus,rodayiṣyat,rud#1
rodayizyamAna,rud#1,,fut,atma,,rodayiṣyamāna,rud#1
rodayizyamAna,rud#1,,fut,atma,caus,rodayiṣyamāna,rud#1
roditavat,rud#1,,past,active,caus,roditavat,rud#1
rodita,rud#1,,past,pass,caus,rodita,rud#1
rodDavya,ruD#1,,fut,pass,,roddhavya,rudh#1
rodDavya,ruD#2,,fut,pass,,roddhavya,rudh#2
rodyamAna,rud#1,,pres,pass,caus,rodyamāna,rud#1
rodya,rud#1,,fut,pass,,rodya,rud#1
rodya,rud#1,,fut,pass,caus,rodya,rud#1
roDat,ruD#1,1,pres,para,,rodhat,rudh#1
roDanIya,ruD#1,,fut,pass,,rodhanīya,rudh#1
roDanIya,ruD#2,,fut,pass,,rodhanīya,rudh#2
roDanIya,ruD#2,,fut,pass,caus,rodhanīya,rudh#2
roDamAna,ruD#1,1,pres,atma,,rodhamāna,rudh#1
roDayat,ruD#2,,pres,para,caus,rodhayat,rudh#2
roDayamAna,ruD#2,,pres,atma,caus,rodhayamāna,rudh#2
roDayitavya,ruD#2,,fut,pass,caus,rodhayitavya,rudh#2
roDayizyat,ruD#2,,fut,para,caus,rodhayiṣyat,rudh#2
roDayizyamAna,ruD#2,,fut,atma,,rodhayiṣyamāna,rudh#2
roDayizyamAna,ruD#2,,fut,atma,caus,rodhayiṣyamāna,rudh#2
roDitavat,ruD#2,,past,active,caus,rodhitavat,rudh#2
roDita,ruD#2,,past,pass,caus,rodhita,rudh#2
roDyamAna,ruD#2,,pres,pass,caus,rodhyamāna,rudh#2
roDya,ruD#1,,fut,pass,,rodhya,rudh#1
roDya,ruD#2,,fut,pass,,rodhya,rudh#2
roDya,ruD#2,,fut,pass,caus,rodhya,rudh#2
ropaRIya,rUp,,fut,pass,,ropaṇīya,rūp
roya,ru,,fut,pass,,roya,ru
rorUyamAna,ru,,pres,atma,intens,rorūyamāna,ru
rozaRIya,ruz#1,,fut,pass,,roṣaṇīya,ruṣ#1
rozaRIya,ruz#1,,fut,pass,caus,roṣaṇīya,ruṣ#1
rozayat,ruz#1,,pres,para,caus,roṣayat,ruṣ#1
rozayamAna,ruz#1,,pres,atma,caus,roṣayamāna,ruṣ#1
rozayitavya,ruz#1,,fut,pass,caus,roṣayitavya,ruṣ#1
rozayizyat,ruz#1,,fut,para,caus,roṣayiṣyat,ruṣ#1
rozayizyamAna,ruz#1,,fut,atma,,roṣayiṣyamāna,ruṣ#1
rozayizyamAna,ruz#1,,fut,atma,caus,roṣayiṣyamāna,ruṣ#1
rozitavat,ruz#1,,past,active,caus,roṣitavat,ruṣ#1
rozita,ruz#1,,past,pass,caus,roṣita,ruṣ#1
rozwavya,ruz#1,,fut,pass,,roṣṭavya,ruṣ#1
rozyamAna,ruz#1,,pres,pass,caus,roṣyamāna,ruṣ#1
rozya,ruz#1,,fut,pass,,roṣya,ruṣ#1
rozya,ruz#1,,fut,pass,caus,roṣya,ruṣ#1
rohaRIya,ruh#1,,fut,pass,,rohaṇīya,ruh#1
rohaRIya,ruh#1,,fut,pass,caus,rohaṇīya,ruh#1
rohat,ruh#1,1,pres,para,,rohat,ruh#1
rohamAna,ruh#1,1,pres,atma,,rohamāna,ruh#1
rohayat,ruh#1,,pres,para,caus,rohayat,ruh#1
rohayamAna,ruh#1,,pres,atma,caus,rohayamāna,ruh#1
rohayitavya,ruh#1,,fut,pass,caus,rohayitavya,ruh#1
rohayizyat,ruh#1,,fut,para,caus,rohayiṣyat,ruh#1
rohayizyamAna,ruh#1,,fut,atma,,rohayiṣyamāna,ruh#1
rohayizyamAna,ruh#1,,fut,atma,caus,rohayiṣyamāna,ruh#1
rohitavat,ruh#1,,past,active,caus,rohitavat,ruh#1
rohita,ruh#1,,past,pass,caus,rohita,ruh#1
rohyamAna,ruh#1,,pres,pass,caus,rohyamāna,ruh#1
rohya,ruh#1,,fut,pass,,rohya,ruh#1
rohya,ruh#1,,fut,pass,caus,rohya,ruh#1
laHsyat,las,,fut,para,,laḥsyat,las
laHsyamAna,las,,fut,atma,,laḥsyamāna,las
lakzaRIya,lakz,,fut,pass,,lakṣaṇīya,lakṣ
lakzayat,lakz,10,pres,para,,lakṣayat,lakṣ
lakzayamAna,lakz,10,pres,atma,,lakṣayamāna,lakṣ
lakzayitavya,lakz,,fut,pass,,lakṣayitavya,lakṣ
lakzayizyat,lakz,,fut,para,,lakṣayiṣyat,lakṣ
lakzayizyamAna,lakz,,fut,atma,,lakṣayiṣyamāna,lakṣ
lakzitavat,lakz,,past,active,,lakṣitavat,lakṣ
lakzita,lakz,,past,pass,,lakṣita,lakṣ
lakzyamAna,lakz,,pres,pass,,lakṣyamāna,lakṣ
lakzya,lakz,,fut,pass,,lakṣya,lakṣ
lagat,lag,1,pres,para,,lagat,lag
laganIya,lag,,fut,pass,,laganīya,lag
lagamAna,lag,1,pres,atma,,lagamāna,lag
lagitavya,lag,,fut,pass,,lagitavya,lag
lagizyat,lag,,fut,para,,lagiṣyat,lag
lagizyamAna,lag,,fut,atma,,lagiṣyamāna,lag
lagnavat,lag,,past,active,,lagnavat,lag
lagna,lag,,past,pass,,lagna,lag
lagyamAna,lag,,pres,pass,,lagyamāna,lag
lagya,lag,,fut,pass,,lagya,lag
laNkzyat,laNg,,fut,para,,laṅkṣyat,laṅg
laNkzyat,laNG,,fut,para,,laṅkṣyat,laṅgh
laNkzyamAna,laNg,,fut,atma,,laṅkṣyamāna,laṅg
laNkzyamAna,laNG,,fut,atma,,laṅkṣyamāna,laṅgh
laNgat,laNg,1,pres,para,,laṅgat,laṅg
laNganIya,laNg,,fut,pass,,laṅganīya,laṅg
laNgamAna,laNg,1,pres,atma,,laṅgamāna,laṅg
laNgitavat,laNg,,past,active,,laṅgitavat,laṅg
laNgita,laNg,,past,pass,,laṅgita,laṅg
laNgtavya,laNg,,fut,pass,,laṅgtavya,laṅg
laNgDavya,laNG,,fut,pass,,laṅgdhavya,laṅgh
laNgyamAna,laNg,,pres,pass,,laṅgyamāna,laṅg
laNgya,laNg,,fut,pass,,laṅgya,laṅg
laNGat,laNG,1,pres,para,,laṅghat,laṅgh
laNGanIya,laNG,,fut,pass,,laṅghanīya,laṅgh
laNGanIya,laNG,,fut,pass,caus,laṅghanīya,laṅgh
laNGamAna,laNG,1,pres,atma,,laṅghamāna,laṅgh
laNGayat,laNG,,pres,para,caus,laṅghayat,laṅgh
laNGayamAna,laNG,,pres,atma,caus,laṅghayamāna,laṅgh
laNGayitavya,laNG,,fut,pass,caus,laṅghayitavya,laṅgh
laNGayizyat,laNG,,fut,para,caus,laṅghayiṣyat,laṅgh
laNGayizyamAna,laNG,,fut,atma,,laṅghayiṣyamāna,laṅgh
laNGayizyamAna,laNG,,fut,atma,caus,laṅghayiṣyamāna,laṅgh
laNGitavat,laNG,,past,active,,laṅghitavat,laṅgh
laNGitavat,laNG,,past,active,caus,laṅghitavat,laṅgh
laNGita,laNG,,past,pass,,laṅghita,laṅgh
laNGita,laNG,,past,pass,caus,laṅghita,laṅgh
laNGyamAna,laNG,,pres,pass,,laṅghyamāna,laṅgh
laNGyamAna,laNG,,pres,pass,caus,laṅghyamāna,laṅgh
laNGya,laNG,,fut,pass,,laṅghya,laṅgh
laNGya,laNG,,fut,pass,caus,laṅghya,laṅgh
lajktavya,lajj,,fut,pass,,lajktavya,lajj
lajkzyat,lajj,,fut,para,,lajkṣyat,lajj
lajkzyamAna,lajj,,fut,atma,,lajkṣyamāna,lajj
lajjat,lajj,6,pres,para,,lajjat,lajj
lajjanIya,lajj,,fut,pass,,lajjanīya,lajj
lajjanIya,lajj,,fut,pass,caus,lajjanīya,lajj
lajjamAna,lajj,6,pres,atma,,lajjamāna,lajj
lajjayat,lajj,,pres,para,caus,lajjayat,lajj
lajjayamAna,lajj,,pres,atma,caus,lajjayamāna,lajj
lajjayitavya,lajj,,fut,pass,caus,lajjayitavya,lajj
lajjayizyat,lajj,,fut,para,caus,lajjayiṣyat,lajj
lajjayizyamAna,lajj,,fut,atma,,lajjayiṣyamāna,lajj
lajjayizyamAna,lajj,,fut,atma,caus,lajjayiṣyamāna,lajj
lajjitavat,lajj,,past,active,,lajjitavat,lajj
lajjitavat,lajj,,past,active,caus,lajjitavat,lajj
lajjita,lajj,,past,pass,,lajjita,lajj
lajjita,lajj,,past,pass,caus,lajjita,lajj
lajjyamAna,lajj,,pres,pass,,lajjyamāna,lajj
lajjyamAna,lajj,,pres,pass,caus,lajjyamāna,lajj
lajjya,lajj,,fut,pass,,lajjya,lajj
lajjya,lajj,,fut,pass,caus,lajjya,lajj
lapat,lap,1,pres,para,,lapat,lap
lapanIya,lap,,fut,pass,,lapanīya,lap
lapamAna,lap,1,pres,atma,,lapamāna,lap
lapitavat,lap,,past,active,,lapitavat,lap
lapitavya,lap,,fut,pass,,lapitavya,lap
lapita,lap,,past,pass,,lapita,lap
lapizyat,lap,,fut,para,,lapiṣyat,lap
lapizyamAna,lap,,fut,atma,,lapiṣyamāna,lap
lapyamAna,lap,,pres,pass,,lapyamāna,lap
lapya,lap,,fut,pass,,lapya,lap
lapsyamAna,laB,,fut,atma,,lapsyamāna,labh
labDavat,laB,,past,active,,labdhavat,labh
labDavya,laB,,fut,pass,,labdhavya,labh
labDa,laB,,past,pass,,labdha,labh
laBanIya,laB,,fut,pass,,labhanīya,labh
laBamAna,laB,1,pres,atma,,labhamāna,labh
laBitavya,laB,,fut,pass,,labhitavya,labh
laBizyamAna,laB,,fut,atma,,labhiṣyamāna,labh
laByamAna,laB,,pres,pass,,labhyamāna,labh
laBya,laB,,fut,pass,,labhya,labh
lamptavya,lamb,,fut,pass,,lamptavya,lamb
lampsyat,lamb,,fut,para,,lampsyat,lamb
lampsyamAna,lamb,,fut,atma,,lampsyamāna,lamb
lambat,lamb,1,pres,para,,lambat,lamb
lambanIya,lamb,,fut,pass,,lambanīya,lamb
lambamAna,lamb,1,pres,atma,,lambamāna,lamb
lambitavat,lamb,,past,active,,lambitavat,lamb
lambita,lamb,,past,pass,,lambita,lamb
lambyamAna,lamb,,pres,pass,,lambyamāna,lamb
lambya,lamb,,fut,pass,,lambya,lamb
lamBanIya,laB,,fut,pass,caus,lambhanīya,labh
lamBayat,laB,,pres,para,caus,lambhayat,labh
lamBayamAna,laB,,pres,atma,caus,lambhayamāna,labh
lamBayitavya,laB,,fut,pass,caus,lambhayitavya,labh
lamBayizyat,laB,,fut,para,caus,lambhayiṣyat,labh
lamBayizyamAna,laB,,fut,atma,,lambhayiṣyamāna,labh
lamBayizyamAna,laB,,fut,atma,caus,lambhayiṣyamāna,labh
lamBitavat,laB,,past,active,caus,lambhitavat,labh
lamBita,laB,,past,pass,caus,lambhita,labh
lamByamAna,laB,,pres,pass,caus,lambhyamāna,labh
lamBya,laB,,fut,pass,caus,lambhya,labh
layanIya,lI,,fut,pass,,layanīya,lī
lalat,lal,1,pres,para,,lalat,lal
lalanIya,lal,,fut,pass,,lalanīya,lal
lalamAna,lal,1,pres,atma,,lalamāna,lal
lalAYCAna,lAYC,,perf,atma,,lalāñchāna,lāñch
lalAYCvas,lAYC,,perf,para,,lalāñchvas,lāñch
lalitavat,lal,,past,active,,lalitavat,lal
lalitavya,lal,,fut,pass,,lalitavya,lal
lalita,lal,,past,pass,,lalita,lal
lalizyat,lal,,fut,para,,laliṣyat,lal
lalizyamAna,lal,,fut,atma,,laliṣyamāna,lal
lalokAna,lok,,perf,atma,,lalokāna,lok
lalokvas,lok,,perf,para,,lalokvas,lok
lalocAna,loc,,perf,atma,,lalocāna,loc
lalocvas,loc,,perf,para,,lalocvas,loc
lalyamAna,lal,,pres,pass,,lalyamāna,lal
lalya,lal,,fut,pass,,lalya,lal
lavanIya,lU#1,,fut,pass,,lavanīya,lū#1
lavitavya,lU#1,,fut,pass,,lavitavya,lū#1
lavizyat,lU#1,,fut,para,,laviṣyat,lū#1
lavizyamAna,lU#1,,fut,atma,,laviṣyamāna,lū#1
lazaRIya,laz,,fut,pass,,laṣaṇīya,laṣ
lazat,laz,1,pres,para,,laṣat,laṣ
lazamAna,laz,1,pres,atma,,laṣamāna,laṣ
lazitavat,laz,,past,active,,laṣitavat,laṣ
lazitavya,laz,,fut,pass,,laṣitavya,laṣ
lazita,laz,,past,pass,,laṣita,laṣ
lazizyat,laz,,fut,para,,laṣiṣyat,laṣ
lazizyamAna,laz,,fut,atma,,laṣiṣyamāna,laṣ
lazyat,laz,4,pres,para,,laṣyat,laṣ
lazyamAna,laz,4,pres,atma,,laṣyamāna,laṣ
lazyamAna,laz,,pres,pass,,laṣyamāna,laṣ
lazya,laz,,fut,pass,,laṣya,laṣ
lasat,las,1,pres,para,,lasat,las
lasanIya,las,,fut,pass,,lasanīya,las
lasamAna,las,1,pres,atma,,lasamāna,las
lasitavat,las,,past,active,,lasitavat,las
lasita,las,,past,pass,,lasita,las
lastavya,las,,fut,pass,,lastavya,las
lasyamAna,las,,pres,pass,,lasyamāna,las
lasya,las,,fut,pass,,lasya,las
lANkzyat,lAYC,,fut,para,,lāṅkṣyat,lāñch
lANkzyamAna,lAYC,,fut,atma,,lāṅkṣyamāna,lāñch
lAYCat,lAYC,1,pres,para,,lāñchat,lāñch
lAYCanIya,lAYC,,fut,pass,,lāñchanīya,lāñch
lAYCamAna,lAYC,1,pres,atma,,lāñchamāna,lāñch
lAYCitavat,lAYC,,past,active,,lāñchitavat,lāñch
lAYCita,lAYC,,past,pass,,lāñchita,lāñch
lAYCyamAna,lAYC,,pres,pass,,lāñchyamāna,lāñch
lAYCya,lAYC,,fut,pass,,lāñchya,lāñch
lAYzwavya,lAYC,,fut,pass,,lāñṣṭavya,lāñch
lApanIya,lap,,fut,pass,caus,lāpanīya,lap
lApayat,lap,,pres,para,caus,lāpayat,lap
lApayamAna,lap,,pres,atma,caus,lāpayamāna,lap
lApayitavya,lap,,fut,pass,caus,lāpayitavya,lap
lApayizyat,lap,,fut,para,caus,lāpayiṣyat,lap
lApayizyamAna,lap,,fut,atma,,lāpayiṣyamāna,lap
lApayizyamAna,lap,,fut,atma,caus,lāpayiṣyamāna,lap
lApitavat,lap,,past,active,caus,lāpitavat,lap
lApita,lap,,past,pass,caus,lāpita,lap
lApyamAna,lap,,pres,pass,caus,lāpyamāna,lap
lApya,lap,,fut,pass,caus,lāpya,lap
lAlanIya,lal,,fut,pass,caus,lālanīya,lal
lAlayat,lal,,pres,para,caus,lālayat,lal
lAlayamAna,lal,,pres,atma,caus,lālayamāna,lal
lAlayitavya,lal,,fut,pass,caus,lālayitavya,lal
lAlayizyat,lal,,fut,para,caus,lālayiṣyat,lal
lAlayizyamAna,lal,,fut,atma,,lālayiṣyamāna,lal
lAlayizyamAna,lal,,fut,atma,caus,lālayiṣyamāna,lal
lAlazyamAna,laz,,pres,atma,intens,lālaṣyamāna,laṣ
lAlitavat,lal,,past,active,caus,lālitavat,lal
lAlita,lal,,past,pass,caus,lālita,lal
lAlyamAna,lal,,pres,pass,caus,lālyamāna,lal
lAlya,lal,,fut,pass,caus,lālya,lal
lAzaRIya,laz,,fut,pass,caus,lāṣaṇīya,laṣ
lAzayat,laz,,pres,para,caus,lāṣayat,laṣ
lAzayamAna,laz,,pres,atma,caus,lāṣayamāna,laṣ
lAzayitavya,laz,,fut,pass,caus,lāṣayitavya,laṣ
lAzayizyat,laz,,fut,para,caus,lāṣayiṣyat,laṣ
lAzayizyamAna,laz,,fut,atma,,lāṣayiṣyamāna,laṣ
lAzayizyamAna,laz,,fut,atma,caus,lāṣayiṣyamāna,laṣ
lAzitavat,laz,,past,active,caus,lāṣitavat,laṣ
lAzita,laz,,past,pass,caus,lāṣita,laṣ
lAzyamAna,laz,,pres,pass,caus,lāṣyamāna,laṣ
lAzya,laz,,fut,pass,caus,lāṣya,laṣ
lAsanIya,las,,fut,pass,caus,lāsanīya,las
lAsayat,las,,pres,para,caus,lāsayat,las
lAsayamAna,las,,pres,atma,caus,lāsayamāna,las
lAsayitavya,las,,fut,pass,caus,lāsayitavya,las
lAsayizyat,las,,fut,para,caus,lāsayiṣyat,las
lAsayizyamAna,las,,fut,atma,,lāsayiṣyamāna,las
lAsayizyamAna,las,,fut,atma,caus,lāsayiṣyamāna,las
lAsitavat,las,,past,active,caus,lāsitavat,las
lAsita,las,,past,pass,caus,lāsita,las
lAsyamAna,las,,pres,pass,caus,lāsyamāna,las
lAsya,las,,fut,pass,caus,lāsya,las
liKat,liK,6,pres,para,,likhat,likh
liKamAna,liK,6,pres,atma,,likhamāna,likh
liKitavat,liK,,past,active,,likhitavat,likh
liKitavya,liK,,fut,pass,,likhitavya,likh
liKita,liK,,past,pass,,likhita,likh
liKizyat,liK,,fut,para,,likhiṣyat,likh
liKizyamAna,liK,,fut,atma,,likhiṣyamāna,likh
liKyamAna,liK,,pres,pass,,likhyamāna,likh
liptavat,lip,,past,active,,liptavat,lip
lipta,lip,,past,pass,,lipta,lip
lipyamAna,lip,,pres,pass,,lipyamāna,lip
lipsamAna,laB,,pres,atma,desid,lipsamāna,labh
lipsitavat,laB,,past,active,desid,lipsitavat,labh
lipsita,laB,,past,pass,desid,lipsita,labh
limpat,lip,6,pres,para,,limpat,lip
limpamAna,lip,6,pres,atma,,limpamāna,lip
lilazizaRIya,laz,,fut,pass,desid,lilaṣiṣaṇīya,laṣ
lilazizat,laz,,pres,para,desid,lilaṣiṣat,laṣ
lilazizitavat,laz,,past,active,desid,lilaṣiṣitavat,laṣ
lilazizita,laz,,past,pass,desid,lilaṣiṣita,laṣ
liliKAna,liK,,perf,atma,,lilikhāna,likh
liliKivas,liK,,perf,para,,lilikhivas,likh
lilipAna,lip,,perf,atma,,lilipāna,lip
lilipvas,lip,,perf,para,,lilipvas,lip
lilipsAna,laB,,perf,atma,desid,lilipsāna,labh
lililazizvas,laz,,perf,para,desid,lililaṣiṣvas,laṣ
liliSAna,liS,,perf,atma,,liliśāna,liś
liliSvas,liS,,perf,para,,liliśvas,liś
lilihAna,lih#1,,perf,atma,,lilihāna,lih#1
lilihvas,lih#1,,perf,para,,lilihvas,lih#1
lilIvas,lI,,perf,para,,lilīvas,lī
lilyAna,lI,,perf,atma,,lilyāna,lī
liSat,liS,1,pres,para,,liśat,liś
liSamAna,liS,1,pres,atma,,liśamāna,liś
liSyamAna,liS,,pres,pass,,liśyamāna,liś
lizwavat,liS,,past,active,,liṣṭavat,liś
lizwa,liS,,past,pass,,liṣṭa,liś
lihat,lih#1,2,pres,para,,lihat,lih#1
lihAna,lih#1,2,pres,atma,,lihāna,lih#1
lihyamAna,lih#1,,pres,pass,,lihyamāna,lih#1
lIQavat,lih#1,,past,active,,līḍhavat,lih#1
lIQa,lih#1,,past,pass,,līḍha,lih#1
lInavat,lI,,past,active,,līnavat,lī
lIna,lI,,past,pass,,līna,lī
lIyat,lI,4,pres,para,,līyat,lī
lIyamAna,lI,4,pres,atma,,līyamāna,lī
lIyamAna,lI,,pres,pass,,līyamāna,lī
luRWat,luRW,1,pres,para,,luṇṭhat,luṇṭh
luRWanIya,luRW,,fut,pass,caus,luṇṭhanīya,luṇṭh
luRWamAna,luRW,1,pres,atma,,luṇṭhamāna,luṇṭh
luRWayat,luRW,,pres,para,caus,luṇṭhayat,luṇṭh
luRWayamAna,luRW,,pres,atma,caus,luṇṭhayamāna,luṇṭh
luRWayitavya,luRW,,fut,pass,caus,luṇṭhayitavya,luṇṭh
luRWayizyat,luRW,,fut,para,caus,luṇṭhayiṣyat,luṇṭh
luRWayizyamAna,luRW,,fut,atma,,luṇṭhayiṣyamāna,luṇṭh
luRWayizyamAna,luRW,,fut,atma,caus,luṇṭhayiṣyamāna,luṇṭh
luRWitavat,luRW,,past,active,,luṇṭhitavat,luṇṭh
luRWitavat,luRW,,past,active,caus,luṇṭhitavat,luṇṭh
luRWitavya,luRW,,fut,pass,,luṇṭhitavya,luṇṭh
luRWita,luRW,,past,pass,,luṇṭhita,luṇṭh
luRWita,luRW,,past,pass,caus,luṇṭhita,luṇṭh
luRWizyat,luRW,,fut,para,,luṇṭhiṣyat,luṇṭh
luRWizyamAna,luRW,,fut,atma,,luṇṭhiṣyamāna,luṇṭh
luRWyamAna,luRW,,pres,pass,,luṇṭhyamāna,luṇṭh
luRWyamAna,luRW,,pres,pass,caus,luṇṭhyamāna,luṇṭh
luRWya,luRW,,fut,pass,caus,luṇṭhya,luṇṭh
lunat,lU#1,9,pres,para,,lunat,lū#1
lunAna,lU#1,9,pres,atma,,lunāna,lū#1
luptavat,lup,,past,active,,luptavat,lup
lupta,lup,,past,pass,,lupta,lup
lupyamAna,lup,,pres,pass,,lupyamāna,lup
lubDavat,luB,,past,active,,lubdhavat,lubh
lubDa,luB,,past,pass,,lubdha,lubh
luByat,luB,4,pres,para,,lubhyat,lubh
luByamAna,luB,4,pres,atma,,lubhyamāna,lubh
luByamAna,luB,,pres,pass,,lubhyamāna,lubh
lumpat,lup,6,pres,para,,lumpat,lup
lumpamAna,lup,6,pres,atma,,lumpamāna,lup
lulitavat,lul,,past,active,,lulitavat,lul
lulita,lul,,past,pass,,lulita,lul
luluRWAna,luRW,,perf,atma,,luluṇṭhāna,luṇṭh
luluRWvas,luRW,,perf,para,,luluṇṭhvas,luṇṭh
lulupAna,lup,,perf,atma,,lulupāna,lup
lulupvas,lup,,perf,para,,lulupvas,lup
luluBAna,luB,,perf,atma,,lulubhāna,lubh
luluBvas,luB,,perf,para,,lulubhvas,lubh
lululAna,lul,,perf,atma,,lululāna,lul
lululvas,lul,,perf,para,,lululvas,lul
lulUvas,lU#1,,perf,para,,lulūvas,lū#1
lulyamAna,lul,,pres,pass,,lulyamāna,lul
lulvAna,lU#1,,perf,atma,,lulvāna,lū#1
lUnavat,lU#1,,past,active,,lūnavat,lū#1
lUna,lU#1,,past,pass,,lūna,lū#1
lUyamAna,lU#1,,pres,pass,,lūyamāna,lū#1
lekzyat,liS,,fut,para,,lekṣyat,liś
lekzyat,lih#1,,fut,para,,lekṣyat,lih#1
lekzyamAna,liS,,fut,atma,,lekṣyamāna,liś
lekzyamAna,lih#1,,fut,atma,,lekṣyamāna,lih#1
leKanIya,liK,,fut,pass,,lekhanīya,likh
leKanIya,liK,,fut,pass,caus,lekhanīya,likh
leKayat,liK,,pres,para,caus,lekhayat,likh
leKayamAna,liK,,pres,atma,caus,lekhayamāna,likh
leKayitavya,liK,,fut,pass,caus,lekhayitavya,likh
leKayizyat,liK,,fut,para,caus,lekhayiṣyat,likh
leKayizyamAna,liK,,fut,atma,,lekhayiṣyamāna,likh
leKayizyamAna,liK,,fut,atma,caus,lekhayiṣyamāna,likh
leKitavat,liK,,past,active,caus,lekhitavat,likh
leKitavya,liK,,fut,pass,,lekhitavya,likh
leKita,liK,,past,pass,caus,lekhita,likh
leKizyat,liK,,fut,para,,lekhiṣyat,likh
leKizyamAna,liK,,fut,atma,,lekhiṣyamāna,likh
leKyamAna,liK,,pres,pass,caus,lekhyamāna,likh
leKya,liK,,fut,pass,,lekhya,likh
leKya,liK,,fut,pass,caus,lekhya,likh
legAna,lag,,perf,atma,,legāna,lag
legivas,lag,,perf,para,,legivas,lag
legNAna,laNg,,perf,atma,,legṅāna,laṅg
legNivas,laNg,,perf,para,,legṅivas,laṅg
leGNAna,laNG,,perf,atma,,leghṅāna,laṅgh
leGNivas,laNG,,perf,para,,leghṅivas,laṅgh
lejjAna,lajj,,perf,atma,,lejjāna,lajj
lejjivas,lajj,,perf,para,,lejjivas,lajj
leQavya,lih#1,,fut,pass,,leḍhavya,lih#1
letavya,lI,,fut,pass,,letavya,lī
lepanIya,lip,,fut,pass,,lepanīya,lip
lepanIya,lip,,fut,pass,caus,lepanīya,lip
lepayat,lip,,pres,para,caus,lepayat,lip
lepayamAna,lip,,pres,atma,caus,lepayamāna,lip
lepayitavya,lip,,fut,pass,caus,lepayitavya,lip
lepayizyat,lip,,fut,para,caus,lepayiṣyat,lip
lepayizyamAna,lip,,fut,atma,,lepayiṣyamāna,lip
lepayizyamAna,lip,,fut,atma,caus,lepayiṣyamāna,lip
lepAna,lap,,perf,atma,,lepāna,lap
lepitavat,lip,,past,active,caus,lepitavat,lip
lepita,lip,,past,pass,caus,lepita,lip
lepivas,lap,,perf,para,,lepivas,lap
leptavya,lip,,fut,pass,,leptavya,lip
lepyamAna,lip,,pres,pass,caus,lepyamāna,lip
lepya,lip,,fut,pass,,lepya,lip
lepya,lip,,fut,pass,caus,lepya,lip
lepsyat,lip,,fut,para,,lepsyat,lip
lepsyamAna,lip,,fut,atma,,lepsyamāna,lip
lebmAna,lamb,,perf,atma,,lebmāna,lamb
lebmivas,lamb,,perf,para,,lebmivas,lamb
leBAna,laB,,perf,atma,,lebhāna,labh
leya,lI,,fut,pass,,leya,lī
lelAna,lal,,perf,atma,,lelāna,lal
lelivas,lal,,perf,para,,lelivas,lal
leSanIya,liS,,fut,pass,,leśanīya,liś
leSya,liS,,fut,pass,,leśya,liś
lezARa,laz,,perf,atma,,leṣāṇa,laṣ
lezivas,laz,,perf,para,,leṣivas,laṣ
lezkARa,lakz,,perf,atma,,leṣkāṇa,lakṣ
lezkivas,lakz,,perf,para,,leṣkivas,lakṣ
lezwavya,liS,,fut,pass,,leṣṭavya,liś
lezyat,lI,,fut,para,,leṣyat,lī
lezyamAna,lI,,fut,atma,,leṣyamāna,lī
lesAna,las,,perf,atma,,lesāna,las
lesivas,las,,perf,para,,lesivas,las
lehanIya,lih#1,,fut,pass,,lehanīya,lih#1
lehya,lih#1,,fut,pass,,lehya,lih#1
lokat,lok,1,pres,para,,lokat,lok
lokanIya,lok,,fut,pass,,lokanīya,lok
lokanIya,lok,,fut,pass,caus,lokanīya,lok
lokamAna,lok,1,pres,atma,,lokamāna,lok
lokayat,lok,,pres,para,caus,lokayat,lok
lokayamAna,lok,,pres,atma,caus,lokayamāna,lok
lokayitavya,lok,,fut,pass,caus,lokayitavya,lok
lokayizyat,lok,,fut,para,caus,lokayiṣyat,lok
lokayizyamAna,lok,,fut,atma,,lokayiṣyamāna,lok
lokayizyamAna,lok,,fut,atma,caus,lokayiṣyamāna,lok
lokitavat,lok,,past,active,,lokitavat,lok
lokitavat,lok,,past,active,caus,lokitavat,lok
lokitavya,lok,,fut,pass,,lokitavya,lok
lokita,lok,,past,pass,,lokita,lok
lokita,lok,,past,pass,caus,lokita,lok
lokizyat,lok,,fut,para,,lokiṣyat,lok
lokizyamAna,lok,,fut,atma,,lokiṣyamāna,lok
lokyamAna,lok,,pres,pass,,lokyamāna,lok
lokyamAna,lok,,pres,pass,caus,lokyamāna,lok
lokya,lok,,fut,pass,,lokya,lok
lokya,lok,,fut,pass,caus,lokya,lok
locat,loc,1,pres,para,,locat,loc
locanIya,loc,,fut,pass,,locanīya,loc
locamAna,loc,1,pres,atma,,locamāna,loc
locitavat,loc,,past,active,,locitavat,loc
locitavya,loc,,fut,pass,,locitavya,loc
locita,loc,,past,pass,,locita,loc
locizyat,loc,,fut,para,,lociṣyat,loc
locizyamAna,loc,,fut,atma,,lociṣyamāna,loc
locyamAna,loc,,pres,pass,,locyamāna,loc
locya,loc,,fut,pass,,locya,loc
loWanIya,luRW,,fut,pass,caus,loṭhanīya,luṇṭh
loWayat,luRW,,pres,para,caus,loṭhayat,luṇṭh
loWayamAna,luRW,,pres,atma,caus,loṭhayamāna,luṇṭh
loWayitavya,luRW,,fut,pass,caus,loṭhayitavya,luṇṭh
loWayizyat,luRW,,fut,para,caus,loṭhayiṣyat,luṇṭh
loWayizyamAna,luRW,,fut,atma,,loṭhayiṣyamāna,luṇṭh
loWayizyamAna,luRW,,fut,atma,caus,loṭhayiṣyamāna,luṇṭh
loWitavat,luRW,,past,active,caus,loṭhitavat,luṇṭh
loWita,luRW,,past,pass,caus,loṭhita,luṇṭh
loWyamAna,luRW,,pres,pass,caus,loṭhyamāna,luṇṭh
loWya,luRW,,fut,pass,caus,loṭhya,luṇṭh
loRWanIya,luRW,,fut,pass,,loṇṭhanīya,luṇṭh
loRWya,luRW,,fut,pass,,loṇṭhya,luṇṭh
lopanIya,lup,,fut,pass,,lopanīya,lup
loptavya,lup,,fut,pass,,loptavya,lup
lopya,lup,,fut,pass,,lopya,lup
lopsyat,lup,,fut,para,,lopsyat,lup
lopsyat,luB,,fut,para,,lopsyat,lubh
lopsyamAna,lup,,fut,atma,,lopsyamāna,lup
lopsyamAna,luB,,fut,atma,,lopsyamāna,lubh
lobDavya,luB,,fut,pass,,lobdhavya,lubh
loBanIya,luB,,fut,pass,,lobhanīya,lubh
loBanIya,luB,,fut,pass,caus,lobhanīya,lubh
loBayat,luB,,pres,para,caus,lobhayat,lubh
loBayamAna,luB,,pres,atma,caus,lobhayamāna,lubh
loBayitavya,luB,,fut,pass,caus,lobhayitavya,lubh
loBayizyat,luB,,fut,para,caus,lobhayiṣyat,lubh
loBayizyamAna,luB,,fut,atma,,lobhayiṣyamāna,lubh
loBayizyamAna,luB,,fut,atma,caus,lobhayiṣyamāna,lubh
loBitavat,luB,,past,active,caus,lobhitavat,lubh
loBita,luB,,past,pass,caus,lobhita,lubh
loByamAna,luB,,pres,pass,caus,lobhyamāna,lubh
loBya,luB,,fut,pass,,lobhya,lubh
loBya,luB,,fut,pass,caus,lobhya,lubh
loya,lU#1,,fut,pass,,loya,lū#1
lolat,lul,1,pres,para,,lolat,lul
lolanIya,lul,,fut,pass,,lolanīya,lul
lolamAna,lul,1,pres,atma,,lolamāna,lul
lolitavya,lul,,fut,pass,,lolitavya,lul
lolizyat,lul,,fut,para,,loliṣyat,lul
lolizyamAna,lul,,fut,atma,,loliṣyamāna,lul
loluByamAna,luB,,pres,atma,intens,lolubhyamāna,lubh
lolya,lul,,fut,pass,,lolya,lul
vaMsyat,van,,fut,para,,vaṃsyat,van
vaMsyamAna,van,,fut,atma,,vaṃsyamāna,van
vaHsyat,vas#4,,fut,para,,vaḥsyat,vas#4
vaHsyamAna,vas#4,,fut,atma,,vaḥsyamāna,vas#4
vaktavya,vac,,fut,pass,,vaktavya,vac
vakzaRIya,vakz,,fut,pass,caus,vakṣaṇīya,vakṣ
vakzayat,vakz,,pres,para,caus,vakṣayat,vakṣ
vakzayamAna,vakz,,pres,atma,caus,vakṣayamāna,vakṣ
vakzayitavya,vakz,,fut,pass,caus,vakṣayitavya,vakṣ
vakzayizyat,vakz,,fut,para,caus,vakṣayiṣyat,vakṣ
vakzayizyamAna,vakz,,fut,atma,,vakṣayiṣyamāna,vakṣ
vakzayizyamAna,vakz,,fut,atma,caus,vakṣayiṣyamāna,vakṣ
vakzitavat,vakz,,past,active,caus,vakṣitavat,vakṣ
vakzita,vakz,,past,pass,caus,vakṣita,vakṣ
vakzyat,vac,,fut,para,,vakṣyat,vac
vakzyat,vah#1,,fut,para,,vakṣyat,vah#1
vakzyamAna,vakz,,pres,pass,caus,vakṣyamāna,vakṣ
vakzyamAna,vac,,fut,atma,,vakṣyamāna,vac
vakzyamAna,vah#1,,fut,atma,,vakṣyamāna,vah#1
vakzya,vakz,,fut,pass,caus,vakṣya,vakṣ
vaNktavya,vaYc,,fut,pass,,vaṅktavya,vañc
vaNkzyat,vaYc,,fut,para,,vaṅkṣyat,vañc
vaNkzyamAna,vaYc,,fut,atma,,vaṅkṣyamāna,vañc
vacat,vac,2,pres,para,,vacat,vac
vacanIya,vac,,fut,pass,,vacanīya,vac
vacAna,vac,2,pres,atma,,vacāna,vac
vacyamAna,vaYc,,pres,pass,,vacyamāna,vañc
vacya,vac,,fut,pass,,vacya,vac
vaYcat,vaYc,1,pres,para,,vañcat,vañc
vaYcanIya,vaYc,,fut,pass,,vañcanīya,vañc
vaYcanIya,vaYc,,fut,pass,caus,vañcanīya,vañc
vaYcamAna,vaYc,1,pres,atma,,vañcamāna,vañc
vaYcayat,vaYc,,pres,para,caus,vañcayat,vañc
vaYcayamAna,vaYc,,pres,atma,caus,vañcayamāna,vañc
vaYcayitavya,vaYc,,fut,pass,caus,vañcayitavya,vañc
vaYcayizyat,vaYc,,fut,para,caus,vañcayiṣyat,vañc
vaYcayizyamAna,vaYc,,fut,atma,,vañcayiṣyamāna,vañc
vaYcayizyamAna,vaYc,,fut,atma,caus,vañcayiṣyamāna,vañc
vaYcitavat,vaYc,,past,active,,vañcitavat,vañc
vaYcitavat,vaYc,,past,active,caus,vañcitavat,vañc
vaYcita,vaYc,,past,pass,,vañcita,vañc
vaYcita,vaYc,,past,pass,caus,vañcita,vañc
vaYcyamAna,vaYc,,pres,pass,caus,vañcyamāna,vañc
vaYcya,vaYc,,fut,pass,,vañcya,vañc
vaYcya,vaYc,,fut,pass,caus,vañcya,vañc
vatsyat,vas#1,,fut,para,,vatsyat,vas#1
vatsyamAna,vas#1,,fut,atma,,vatsyamāna,vas#1
vadat,vad,1,pres,para,,vadat,vad
vadanIya,vad,,fut,pass,,vadanīya,vad
vadamAna,vad,1,pres,atma,,vadamāna,vad
vaditavat,vad,,past,active,,vaditavat,vad
vaditavya,vad,,fut,pass,,vaditavya,vad
vadita,vad,,past,pass,,vadita,vad
vadizyat,vad,,fut,para,,vadiṣyat,vad
vadizyamAna,vad,,fut,atma,,vadiṣyamāna,vad
vadya,vad,,fut,pass,,vadya,vad
vanat,van,1,pres,para,,vanat,van
vananIya,van,,fut,pass,,vananīya,van
vanamAna,van,1,pres,atma,,vanamāna,van
vantavat,van,,past,active,,vantavat,van
vantavya,van,,fut,pass,,vantavya,van
vanta,van,,past,pass,,vanta,van
vanttavya,vand,,fut,pass,,vanttavya,vand
vantsyat,vand,,fut,para,,vantsyat,vand
vantsyamAna,vand,,fut,atma,,vantsyamāna,vand
vandat,vand,1,pres,para,,vandat,vand
vandanIya,vand,,fut,pass,,vandanīya,vand
vandamAna,vand,1,pres,atma,,vandamāna,vand
vanditavat,vand,,past,active,,vanditavat,vand
vandita,vand,,past,pass,,vandita,vand
vandyamAna,vand,,pres,pass,,vandyamāna,vand
vandya,vand,,fut,pass,,vandya,vand
vanyamAna,van,,pres,pass,,vanyamāna,van
vanya,van,,fut,pass,,vanya,van
vapat,vap#1,1,pres,para,,vapat,vap#1
vapat,vap#2,1,pres,para,,vapat,vap#2
vapanIya,vap#1,,fut,pass,,vapanīya,vap#1
vapanIya,vap#2,,fut,pass,,vapanīya,vap#2
vapamAna,vap#1,1,pres,atma,,vapamāna,vap#1
vapamAna,vap#2,1,pres,atma,,vapamāna,vap#2
vapitavya,vap#2,,fut,pass,,vapitavya,vap#2
vapizyat,vap#2,,fut,para,,vapiṣyat,vap#2
vapizyamAna,vap#2,,fut,atma,,vapiṣyamāna,vap#2
vaptavya,vap#1,,fut,pass,,vaptavya,vap#1
vaptavya,vap#2,,fut,pass,,vaptavya,vap#2
vapya,vap#1,,fut,pass,,vapya,vap#1
vapya,vap#2,,fut,pass,,vapya,vap#2
vapsyat,vap#1,,fut,para,,vapsyat,vap#1
vapsyat,vap#2,,fut,para,,vapsyat,vap#2
vapsyamAna,vap#1,,fut,atma,,vapsyamāna,vap#1
vapsyamAna,vap#2,,fut,atma,,vapsyamāna,vap#2
vamat,vam,1,pres,para,,vamat,vam
vamanIya,vam,,fut,pass,,vamanīya,vam
vamamAna,vam,1,pres,atma,,vamamāna,vam
vamitavya,vam,,fut,pass,,vamitavya,vam
vamizyat,vam,,fut,para,,vamiṣyat,vam
vamizyamAna,vam,,fut,atma,,vamiṣyamāna,vam
vamyamAna,vam,,pres,pass,,vamyamāna,vam
vamya,vam,,fut,pass,,vamya,vam
vayat,vA#3,4,pres,para,,vayat,vā#3
vayanIya,vI#1,,fut,pass,,vayanīya,vī#1
vayamAna,vA#3,4,pres,atma,,vayamāna,vā#3
vayizyat,vA#3,,fut,para,,vayiṣyat,vā#3
vayizyamAna,vA#3,,fut,atma,,vayiṣyamāna,vā#3
varaRIya,vf#1,,fut,pass,,varaṇīya,vṛ#1
varaRIya,vf#2,,fut,pass,,varaṇīya,vṛ#2
varaRIya,vf#2,,fut,pass,caus,varaṇīya,vṛ#2
varat,vf#1,1,pres,para,,varat,vṛ#1
varamAna,vf#1,1,pres,atma,,varamāna,vṛ#1
varayat,vf#2,,pres,para,caus,varayat,vṛ#2
varayamAna,vf#2,,pres,atma,caus,varayamāna,vṛ#2
varayitavya,vf#2,,fut,pass,caus,varayitavya,vṛ#2
varayizyat,vf#2,,fut,para,caus,varayiṣyat,vṛ#2
varayizyamAna,vf#2,,fut,atma,,varayiṣyamāna,vṛ#2
varayizyamAna,vf#2,,fut,atma,caus,varayiṣyamāna,vṛ#2
varitavat,vf#2,,past,active,caus,varitavat,vṛ#2
varitavya,vf#1,,fut,pass,,varitavya,vṛ#1
varitavya,vf#2,,fut,pass,,varitavya,vṛ#2
varita,vf#2,,past,pass,caus,varita,vṛ#2
varizyat,vf#1,,fut,para,,variṣyat,vṛ#1
varizyat,vf#2,,fut,para,,variṣyat,vṛ#2
varizyamAna,vf#1,,fut,atma,,variṣyamāna,vṛ#1
varizyamAna,vf#2,,fut,atma,,variṣyamāna,vṛ#2
varItavya,vf#1,,fut,pass,,varītavya,vṛ#1
varItavya,vf#2,,fut,pass,,varītavya,vṛ#2
varIvartat,vft#1,,pres,para,intens,varīvartat,vṛt#1
varIzyat,vf#1,,fut,para,,varīṣyat,vṛ#1
varIzyat,vf#2,,fut,para,,varīṣyat,vṛ#2
varIzyamAna,vf#1,,fut,atma,,varīṣyamāna,vṛ#1
varIzyamAna,vf#2,,fut,atma,,varīṣyamāna,vṛ#2
vareRya,vf#2,,fut,pass,,vareṇya,vṛ#2
varkzyat,vfj,,fut,para,,varkṣyat,vṛj
varkzyat,vfz,,fut,para,,varkṣyat,vṛṣ
varkzyat,vfh,,fut,para,,varkṣyat,vṛh
varkzyamAna,vfj,,fut,atma,,varkṣyamāna,vṛj
varkzyamAna,vfz,,fut,atma,,varkṣyamāna,vṛṣ
varkzyamAna,vfh,,fut,atma,,varkṣyamāna,vṛh
varjanIya,vfj,,fut,pass,,varjanīya,vṛj
varjanIya,vfj,,fut,pass,caus,varjanīya,vṛj
varjayat,vfj,,pres,para,caus,varjayat,vṛj
varjayamAna,vfj,,pres,atma,caus,varjayamāna,vṛj
varjayitavya,vfj,,fut,pass,caus,varjayitavya,vṛj
varjayizyat,vfj,,fut,para,caus,varjayiṣyat,vṛj
varjayizyamAna,vfj,,fut,atma,,varjayiṣyamāna,vṛj
varjayizyamAna,vfj,,fut,atma,caus,varjayiṣyamāna,vṛj
varjitavat,vfj,,past,active,caus,varjitavat,vṛj
varjitavya,vfj,,fut,pass,,varjitavya,vṛj
varjita,vfj,,past,pass,caus,varjita,vṛj
varjizyat,vfj,,fut,para,,varjiṣyat,vṛj
varjizyamAna,vfj,,fut,atma,,varjiṣyamāna,vṛj
varjyamAna,vfj,,pres,pass,caus,varjyamāna,vṛj
varjya,vfj,,fut,pass,caus,varjya,vṛj
varQavya,vfh,,fut,pass,,varḍhavya,vṛh
varRanIya,varR,,fut,pass,,varṇanīya,varṇ
varRayat,varR,10,pres,para,,varṇayat,varṇ
varRayamAna,varR,10,pres,atma,,varṇayamāna,varṇ
varRayitavya,varR,,fut,pass,,varṇayitavya,varṇ
varRayizyat,varR,,fut,para,,varṇayiṣyat,varṇ
varRayizyamAna,varR,,fut,atma,,varṇayiṣyamāna,varṇ
varRitavat,varR,,past,active,,varṇitavat,varṇ
varRita,varR,,past,pass,,varṇita,varṇ
varRyamAna,varR,,pres,pass,,varṇyamāna,varṇ
varRya,varR,,fut,pass,,varṇya,varṇ
vartat,vft#1,1,pres,para,,vartat,vṛt#1
vartanIya,vft#1,,fut,pass,,vartanīya,vṛt#1
vartanIya,vft#1,,fut,pass,caus,vartanīya,vṛt#1
vartamAna,vft#1,1,pres,atma,,vartamāna,vṛt#1
vartayat,vft#1,,pres,para,caus,vartayat,vṛt#1
vartayamAna,vft#1,,pres,atma,caus,vartayamāna,vṛt#1
vartayitavya,vft#1,,fut,pass,caus,vartayitavya,vṛt#1
vartayizyat,vft#1,,fut,para,caus,vartayiṣyat,vṛt#1
vartayizyamAna,vft#1,,fut,atma,,vartayiṣyamāna,vṛt#1
vartayizyamAna,vft#1,,fut,atma,caus,vartayiṣyamāna,vṛt#1
vartitavat,vft#1,,past,active,caus,vartitavat,vṛt#1
vartitavya,vft#1,,fut,pass,,vartitavya,vṛt#1
vartita,vft#1,,past,pass,caus,vartita,vṛt#1
vartizyat,vft#1,,fut,para,,vartiṣyat,vṛt#1
vartizyamAna,vft#1,,fut,atma,,vartiṣyamāna,vṛt#1
varttavya,vft#1,,fut,pass,,varttavya,vṛt#1
vartyamAna,vft#1,,pres,pass,caus,vartyamāna,vṛt#1
vartya,vft#1,,fut,pass,caus,vartya,vṛt#1
vartsyat,vft#1,,fut,para,,vartsyat,vṛt#1
vartsyat,vfD#1,,fut,para,,vartsyat,vṛdh#1
vartsyamAna,vft#1,,fut,atma,,vartsyamāna,vṛt#1
vartsyamAna,vfD#1,,fut,atma,,vartsyamāna,vṛdh#1
vardDavya,vfD#1,,fut,pass,,varddhavya,vṛdh#1
varDat,vfD#1,1,pres,para,,vardhat,vṛdh#1
varDanIya,vfD#1,,fut,pass,,vardhanīya,vṛdh#1
varDanIya,vfD#1,,fut,pass,caus,vardhanīya,vṛdh#1
varDamAna,vfD#1,1,pres,atma,,vardhamāna,vṛdh#1
varDayat,vfD#1,,pres,para,caus,vardhayat,vṛdh#1
varDayamAna,vfD#1,,pres,atma,caus,vardhayamāna,vṛdh#1
varDayitavya,vfD#1,,fut,pass,caus,vardhayitavya,vṛdh#1
varDayizyat,vfD#1,,fut,para,caus,vardhayiṣyat,vṛdh#1
varDayizyamAna,vfD#1,,fut,atma,,vardhayiṣyamāna,vṛdh#1
varDayizyamAna,vfD#1,,fut,atma,caus,vardhayiṣyamāna,vṛdh#1
varDitavat,vfD#1,,past,active,caus,vardhitavat,vṛdh#1
varDita,vfD#1,,past,pass,caus,vardhita,vṛdh#1
varDyamAna,vfD#1,,pres,pass,caus,vardhyamāna,vṛdh#1
varDya,vfD#1,,fut,pass,caus,vardhya,vṛdh#1
varyamAna,vf#2,,pres,pass,caus,varyamāna,vṛ#2
varya,vf#2,,fut,pass,caus,varya,vṛ#2
varzaRIya,vfz,,fut,pass,,varṣaṇīya,vṛṣ
varzaRIya,vfz,,fut,pass,caus,varṣaṇīya,vṛṣ
varzat,vfz,1,pres,para,,varṣat,vṛṣ
varzamAna,vfz,1,pres,atma,,varṣamāna,vṛṣ
varzayat,vfz,,pres,para,caus,varṣayat,vṛṣ
varzayamAna,vfz,,pres,atma,caus,varṣayamāna,vṛṣ
varzayitavya,vfz,,fut,pass,caus,varṣayitavya,vṛṣ
varzayizyat,vfz,,fut,para,caus,varṣayiṣyat,vṛṣ
varzayizyamAna,vfz,,fut,atma,,varṣayiṣyamāna,vṛṣ
varzayizyamAna,vfz,,fut,atma,caus,varṣayiṣyamāna,vṛṣ
varzitavat,vfz,,past,active,caus,varṣitavat,vṛṣ
varzita,vfz,,past,pass,caus,varṣita,vṛṣ
varzwavya,vfz,,fut,pass,,varṣṭavya,vṛṣ
varzyamAna,vfz,,pres,pass,caus,varṣyamāna,vṛṣ
varzya,vfz,,fut,pass,caus,varṣya,vṛṣ
varhaRIya,vfh,,fut,pass,,varhaṇīya,vṛh
valat,val,1,pres,para,,valat,val
valanIya,val,,fut,pass,,valanīya,val
valanIya,val,,fut,pass,caus,valanīya,val
valamAna,val,1,pres,atma,,valamāna,val
valayat,val,,pres,para,caus,valayat,val
valayamAna,val,,pres,atma,caus,valayamāna,val
valayitavya,val,,fut,pass,caus,valayitavya,val
valayizyat,val,,fut,para,caus,valayiṣyat,val
valayizyamAna,val,,fut,atma,,valayiṣyamāna,val
valayizyamAna,val,,fut,atma,caus,valayiṣyamāna,val
valitavat,val,,past,active,,valitavat,val
valitavat,val,,past,active,caus,valitavat,val
valitavya,val,,fut,pass,,valitavya,val
valita,val,,past,pass,,valita,val
valita,val,,past,pass,caus,valita,val
valizyat,val,,fut,para,,valiṣyat,val
valizyamAna,val,,fut,atma,,valiṣyamāna,val
valkzyat,valg,,fut,para,,valkṣyat,valg
valkzyamAna,valg,,fut,atma,,valkṣyamāna,valg
valgat,valg,1,pres,para,,valgat,valg
valganIya,valg,,fut,pass,,valganīya,valg
valgamAna,valg,1,pres,atma,,valgamāna,valg
valgitavat,valg,,past,active,,valgitavat,valg
valgita,valg,,past,pass,,valgita,valg
valgtavya,valg,,fut,pass,,valgtavya,valg
valgyamAna,valg,,pres,pass,,valgyamāna,valg
valgya,valg,,fut,pass,,valgya,valg
valyamAna,val,,pres,pass,,valyamāna,val
valyamAna,val,,pres,pass,caus,valyamāna,val
valya,val,,fut,pass,,valya,val
valya,val,,fut,pass,caus,valya,val
vavalAna,val,,perf,atma,,vavalāna,val
vavalvas,val,,perf,para,,vavalvas,val
vavAYCAna,vAYC,,perf,atma,,vavāñchāna,vāñch
vavAYCvas,vAYC,,perf,para,,vavāñchvas,vāñch
vavAna,vA#2,,perf,atma,,vavāna,vā#2
vavASAna,vAS,,perf,atma,,vavāśāna,vāś
vavASvas,vAS,,perf,para,,vavāśvas,vāś
vavAsAna,vAs#3,,perf,atma,,vavāsāna,vās#3
vavAsvas,vAs#3,,perf,para,,vavāsvas,vās#3
vavivas,vA#2,,perf,para,,vavivas,vā#2
vavfjAna,vfj,,perf,atma,,vavṛjāna,vṛj
vavfjvas,vfj,,perf,para,,vavṛjvas,vṛj
vavftAna,vft#1,,perf,atma,,vavṛtāna,vṛt#1
vavftvas,vft#1,,perf,para,,vavṛtvas,vṛt#1
vavfDAna,vfD#1,,perf,atma,,vavṛdhāna,vṛdh#1
vavfDvas,vfD#1,,perf,para,,vavṛdhvas,vṛdh#1
vavfvas,vf#1,,perf,para,,vavṛvas,vṛ#1
vavfvas,vf#2,,perf,para,,vavṛvas,vṛ#2
vavfzARa,vfz,,perf,atma,,vavṛṣāṇa,vṛṣ
vavfzvas,vfz,,perf,para,,vavṛṣvas,vṛṣ
vavfhARa,vfh,,perf,atma,,vavṛhāṇa,vṛh
vavfhvas,vfh,,perf,para,,vavṛhvas,vṛh
vavenAna,ven,,perf,atma,,vavenāna,ven
vavenvas,ven,,perf,para,,vavenvas,ven
vavezwAna,vezw,,perf,atma,,vaveṣṭāna,veṣṭ
vavezwvas,vezw,,perf,para,,vaveṣṭvas,veṣṭ
vavErARa,vErA,,perf,atma,,vavairāṇa,vairā
vavErvas,vErA,,perf,para,,vavairvas,vairā
vavrajAna,vraj,,perf,atma,,vavrajāna,vraj
vavrajvas,vraj,,perf,para,,vavrajvas,vraj
vavraRAna,vraR,,perf,atma,,vavraṇāna,vraṇ
vavraRvas,vraR,,perf,para,,vavraṇvas,vraṇ
vavraScvas,vraSc,,perf,para,,vavraścvas,vraśc
vavrARa,vf#1,,perf,atma,,vavrāṇa,vṛ#1
vavrARa,vf#2,,perf,atma,,vavrāṇa,vṛ#2
vaSanIya,vaS,,fut,pass,,vaśanīya,vaś
vaSitavya,vaS,,fut,pass,,vaśitavya,vaś
vaSizyat,vaS,,fut,para,,vaśiṣyat,vaś
vaSya,vaS,,fut,pass,,vaśya,vaś
vasat,vas#1,1,pres,para,,vasat,vas#1
vasanIya,vas#1,,fut,pass,,vasanīya,vas#1
vasanIya,vas#2,,fut,pass,,vasanīya,vas#2
vasamAna,vas#1,1,pres,atma,,vasamāna,vas#1
vasAna,vas#2,2,pres,atma,,vasāna,vas#2
vasitavat,vas#2,,past,active,,vasitavat,vas#2
vasitavya,vas#1,,fut,pass,,vasitavya,vas#1
vasitavya,vas#2,,fut,pass,,vasitavya,vas#2
vasita,vas#2,,past,pass,,vasita,vas#2
vasizyat,vas#1,,fut,para,,vasiṣyat,vas#1
vasizyamAna,vas#1,,fut,atma,,vasiṣyamāna,vas#1
vasizyamAna,vas#2,,fut,atma,,vasiṣyamāna,vas#2
vastavya,vas#1,,fut,pass,,vastavya,vas#1
vasyamAna,vas#2,,pres,pass,,vasyamāna,vas#2
vasya,vas#1,,fut,pass,,vasya,vas#1
vasya,vas#2,,fut,pass,,vasya,vas#2
vahat,vah#1,1,pres,para,,vahat,vah#1
vahanIya,vah#1,,fut,pass,,vahanīya,vah#1
vahamAna,vah#1,1,pres,atma,,vahamāna,vah#1
vahitavya,vah#1,,fut,pass,,vahitavya,vah#1
vahizyat,vah#1,,fut,para,,vahiṣyat,vah#1
vahizyamAna,vah#1,,fut,atma,,vahiṣyamāna,vah#1
vahya,vah#1,,fut,pass,,vahya,vah#1
vANkzyat,vAYC,,fut,para,,vāṅkṣyat,vāñch
vANkzyamAna,vAYC,,fut,atma,,vāṅkṣyamāna,vāñch
vAcanIya,vac,,fut,pass,caus,vācanīya,vac
vAcayat,vac,,pres,para,caus,vācayat,vac
vAcayamAna,vac,,pres,atma,caus,vācayamāna,vac
vAcayitavya,vac,,fut,pass,caus,vācayitavya,vac
vAcayizyat,vac,,fut,para,caus,vācayiṣyat,vac
vAcayizyamAna,vac,,fut,atma,,vācayiṣyamāna,vac
vAcayizyamAna,vac,,fut,atma,caus,vācayiṣyamāna,vac
vAcitavat,vac,,past,active,caus,vācitavat,vac
vAcita,vac,,past,pass,caus,vācita,vac
vAcyamAna,vac,,pres,pass,caus,vācyamāna,vac
vAcya,vac,,fut,pass,caus,vācya,vac
vAYCat,vAYC,1,pres,para,,vāñchat,vāñch
vAYCanIya,vAYC,,fut,pass,,vāñchanīya,vāñch
vAYCamAna,vAYC,1,pres,atma,,vāñchamāna,vāñch
vAYCitavat,vAYC,,past,active,,vāñchitavat,vāñch
vAYCita,vAYC,,past,pass,,vāñchita,vāñch
vAYCyamAna,vAYC,,pres,pass,,vāñchyamāna,vāñch
vAYCya,vAYC,,fut,pass,,vāñchya,vāñch
vAYzwavya,vAYC,,fut,pass,,vāñṣṭavya,vāñch
vAtavat,vA#2,,past,active,,vātavat,vā#2
vAtavya,vA#2,,fut,pass,,vātavya,vā#2
vAtavya,vA#3,,fut,pass,,vātavya,vā#3
vAta,vA#2,,past,pass,,vāta,vā#2
vAdanIya,vad,,fut,pass,caus,vādanīya,vad
vAdayat,vad,,pres,para,caus,vādayat,vad
vAdayamAna,vad,,pres,atma,caus,vādayamāna,vad
vAdayitavya,vad,,fut,pass,caus,vādayitavya,vad
vAdayizyat,vad,,fut,para,caus,vādayiṣyat,vad
vAdayizyamAna,vad,,fut,atma,,vādayiṣyamāna,vad
vAdayizyamAna,vad,,fut,atma,caus,vādayiṣyamāna,vad
vAditavat,vad,,past,active,caus,vāditavat,vad
vAdita,vad,,past,pass,caus,vādita,vad
vAdyamAna,vad,,pres,pass,caus,vādyamāna,vad
vAdya,vad,,fut,pass,caus,vādya,vad
vAna,vA#2,2,pres,atma,,vāna,vā#2
vAnIya,vA#2,,fut,pass,,vānīya,vā#2
vAnIya,vA#3,,fut,pass,,vānīya,vā#3
vAntavat,vam,,past,active,,vāntavat,vam
vAnta,vam,,past,pass,,vānta,vam
vApanIya,vA#2,,fut,pass,caus,vāpanīya,vā#2
vApanIya,vap#2,,fut,pass,caus,vāpanīya,vap#2
vApayat,vA#2,,pres,para,caus,vāpayat,vā#2
vApayat,vap#2,,pres,para,caus,vāpayat,vap#2
vApayamAna,vA#2,,pres,atma,caus,vāpayamāna,vā#2
vApayamAna,vap#2,,pres,atma,caus,vāpayamāna,vap#2
vApayitavya,vA#2,,fut,pass,caus,vāpayitavya,vā#2
vApayitavya,vap#2,,fut,pass,caus,vāpayitavya,vap#2
vApayizyat,vA#2,,fut,para,caus,vāpayiṣyat,vā#2
vApayizyat,vap#2,,fut,para,caus,vāpayiṣyat,vap#2
vApayizyamAna,vA#2,,fut,atma,,vāpayiṣyamāna,vā#2
vApayizyamAna,vA#2,,fut,atma,caus,vāpayiṣyamāna,vā#2
vApayizyamAna,vap#2,,fut,atma,,vāpayiṣyamāna,vap#2
vApayizyamAna,vap#2,,fut,atma,caus,vāpayiṣyamāna,vap#2
vApitavat,vA#2,,past,active,caus,vāpitavat,vā#2
vApitavat,vap#2,,past,active,caus,vāpitavat,vap#2
vApita,vA#2,,past,pass,caus,vāpita,vā#2
vApita,vap#2,,past,pass,caus,vāpita,vap#2
vApyamAna,vA#2,,pres,pass,caus,vāpyamāna,vā#2
vApyamAna,vap#2,,pres,pass,caus,vāpyamāna,vap#2
vApya,vA#2,,fut,pass,caus,vāpya,vā#2
vApya,vap#2,,fut,pass,caus,vāpya,vap#2
vAraRIya,vf#1,,fut,pass,caus,vāraṇīya,vṛ#1
vArayat,vf#1,,pres,para,caus,vārayat,vṛ#1
vArayamAna,vf#1,,pres,atma,caus,vārayamāna,vṛ#1
vArayitavya,vf#1,,fut,pass,caus,vārayitavya,vṛ#1
vArayizyat,vf#1,,fut,para,caus,vārayiṣyat,vṛ#1
vArayizyamAna,vf#1,,fut,atma,,vārayiṣyamāna,vṛ#1
vArayizyamAna,vf#1,,fut,atma,caus,vārayiṣyamāna,vṛ#1
vAritavat,vf#1,,past,active,caus,vāritavat,vṛ#1
vArita,vf#1,,past,pass,caus,vārita,vṛ#1
vAryamAna,vf#1,,pres,pass,caus,vāryamāna,vṛ#1
vArya,vf#1,,fut,pass,,vārya,vṛ#1
vArya,vf#1,,fut,pass,caus,vārya,vṛ#1
vArya,vf#2,,fut,pass,,vārya,vṛ#2
vAvadat,vad,,pres,para,intens,vāvadat,vad
vASanIya,vAS,,fut,pass,,vāśanīya,vāś
vASitavat,vAS,,past,active,,vāśitavat,vāś
vASitavya,vAS,,fut,pass,,vāśitavya,vāś
vASita,vAS,,past,pass,,vāśita,vāś
vASizyat,vAS,,fut,para,,vāśiṣyat,vāś
vASizyamAna,vAS,,fut,atma,,vāśiṣyamāna,vāś
vASyat,vAS,4,pres,para,,vāśyat,vāś
vASyamAna,vAS,4,pres,atma,,vāśyamāna,vāś
vASyamAna,vAS,,pres,pass,,vāśyamāna,vāś
vASya,vAS,,fut,pass,,vāśya,vāś
vAsanIya,vAs#3,,fut,pass,,vāsanīya,vās#3
vAsanIya,vas#1,,fut,pass,caus,vāsanīya,vas#1
vAsanIya,vas#2,,fut,pass,caus,vāsanīya,vas#2
vAsayat,vAs#3,10,pres,para,,vāsayat,vās#3
vAsayat,vas#1,,pres,para,caus,vāsayat,vas#1
vAsayat,vas#2,,pres,para,caus,vāsayat,vas#2
vAsayamAna,vAs#3,10,pres,atma,,vāsayamāna,vās#3
vAsayamAna,vas#1,,pres,atma,caus,vāsayamāna,vas#1
vAsayamAna,vas#2,,pres,atma,caus,vāsayamāna,vas#2
vAsayitavya,vAs#3,,fut,pass,,vāsayitavya,vās#3
vAsayitavya,vas#1,,fut,pass,caus,vāsayitavya,vas#1
vAsayitavya,vas#2,,fut,pass,caus,vāsayitavya,vas#2
vAsayizyat,vAs#3,,fut,para,,vāsayiṣyat,vās#3
vAsayizyat,vas#1,,fut,para,caus,vāsayiṣyat,vas#1
vAsayizyat,vas#2,,fut,para,caus,vāsayiṣyat,vas#2
vAsayizyamAna,vAs#3,,fut,atma,,vāsayiṣyamāna,vās#3
vAsayizyamAna,vas#1,,fut,atma,,vāsayiṣyamāna,vas#1
vAsayizyamAna,vas#1,,fut,atma,caus,vāsayiṣyamāna,vas#1
vAsayizyamAna,vas#2,,fut,atma,,vāsayiṣyamāna,vas#2
vAsayizyamAna,vas#2,,fut,atma,caus,vāsayiṣyamāna,vas#2
vAsitavat,vAs#3,,past,active,,vāsitavat,vās#3
vAsitavat,vas#1,,past,active,caus,vāsitavat,vas#1
vAsitavat,vas#2,,past,active,caus,vāsitavat,vas#2
vAsita,vAs#3,,past,pass,,vāsita,vās#3
vAsita,vas#1,,past,pass,caus,vāsita,vas#1
vAsita,vas#2,,past,pass,caus,vāsita,vas#2
vAsyat,vA#2,,fut,para,,vāsyat,vā#2
vAsyat,vA#3,,fut,para,,vāsyat,vā#3
vAsyamAna,vAs#3,,pres,pass,,vāsyamāna,vās#3
vAsyamAna,vA#2,,fut,atma,,vāsyamāna,vā#2
vAsyamAna,vA#3,,fut,atma,,vāsyamāna,vā#3
vAsyamAna,vas#1,,pres,pass,caus,vāsyamāna,vas#1
vAsyamAna,vas#2,,pres,pass,caus,vāsyamāna,vas#2
vAsya,vAs#3,,fut,pass,,vāsya,vās#3
vAsya,vas#1,,fut,pass,caus,vāsya,vas#1
vAsya,vas#2,,fut,pass,caus,vāsya,vas#2
vAhanIya,vah#1,,fut,pass,caus,vāhanīya,vah#1
vAhayat,vah#1,,pres,para,caus,vāhayat,vah#1
vAhayamAna,vah#1,,pres,atma,caus,vāhayamāna,vah#1
vAhayitavya,vah#1,,fut,pass,caus,vāhayitavya,vah#1
vAhayizyat,vah#1,,fut,para,caus,vāhayiṣyat,vah#1
vAhayizyamAna,vah#1,,fut,atma,,vāhayiṣyamāna,vah#1
vAhayizyamAna,vah#1,,fut,atma,caus,vāhayiṣyamāna,vah#1
vAhitavat,vah#1,,past,active,caus,vāhitavat,vah#1
vAhita,vah#1,,past,pass,caus,vāhita,vah#1
vAhyamAna,vah#1,,pres,pass,caus,vāhyamāna,vah#1
vAhya,vah#1,,fut,pass,caus,vāhya,vah#1
viktavat,vic,,past,active,,viktavat,vic
vikta,vic,,past,pass,,vikta,vic
vignavat,vij,,past,active,,vignavat,vij
vigna,vij,,past,pass,,vigna,vij
vicyamAna,vic,,pres,pass,,vicyamāna,vic
vijat,vij,6,pres,para,,vijat,vij
vijamAna,vij,6,pres,atma,,vijamāna,vij
vijitavya,vij,,fut,pass,,vijitavya,vij
vijizyat,vij,,fut,para,,vijiṣyat,vij
vijizyamAna,vij,,fut,atma,,vijiṣyamāna,vij
vijyamAna,vij,,pres,pass,,vijyamāna,vij
viYcat,vic,7,pres,para,,viñcat,vic
viYcAna,vic,7,pres,atma,,viñcāna,vic
vittavat,vid#2,,past,active,,vittavat,vid#2
vitta,vid#2,,past,pass,,vitta,vid#2
vidat,vid#1,2,pres,para,,vidat,vid#1
vidat,vid#1,6,pres,para,,vidat,vid#1
vidamAna,vid#1,6,pres,atma,,vidamāna,vid#1
vidAna,vid#1,2,pres,atma,,vidāna,vid#1
vidAna,vid#2,2,pres,atma,,vidāna,vid#2
viditavat,vid#1,,past,active,,viditavat,vid#1
vidita,vid#1,,past,pass,,vidita,vid#1
vidDavat,viD#1,,past,active,,viddhavat,vidh#1
vidDavat,vyaD,,past,active,,viddhavat,vyadh
vidDa,viD#1,,past,pass,,viddha,vidh#1
vidDa,vyaD,,past,pass,,viddha,vyadh
vidyamAna,vid#1,,pres,pass,,vidyamāna,vid#1
vidyamAna,vid#2,,pres,pass,,vidyamāna,vid#2
vidvas,vid#1,,perf,para,,vidvas,vid#1
viDat,viD#1,6,pres,para,,vidhat,vidh#1
viDamAna,viD#1,6,pres,atma,,vidhamāna,vidh#1
viDyat,vyaD,4,pres,para,,vidhyat,vyadh
viDyamAna,viD#1,,pres,pass,,vidhyamāna,vidh#1
viDyamAna,vyaD,4,pres,atma,,vidhyamāna,vyadh
viDyamAna,vyaD,,pres,pass,,vidhyamāna,vyadh
vindat,vid#2,6,pres,para,,vindat,vid#2
vindamAna,vid#2,6,pres,atma,,vindamāna,vid#2
vindAna,vid#2,7,pres,atma,,vindāna,vid#2
vinnavat,vid#2,,past,active,,vinnavat,vid#2
vinna,vid#2,,past,pass,,vinna,vid#2
vimanAnIya,vimanA,,fut,pass,,vimanānīya,vimanā
vimanAyat,vimanA,10,pres,para,,vimanāyat,vimanā
vimanAyamAna,vimanA,10,pres,atma,,vimanāyamāna,vimanā
vimanAyitavya,vimanA,,fut,pass,,vimanāyitavya,vimanā
vimanAyizyat,vimanA,,fut,para,,vimanāyiṣyat,vimanā
vimanAyizyamAna,vimanA,,fut,atma,,vimanāyiṣyamāna,vimanā
vimanItavat,vimanA,,past,active,,vimanītavat,vimanā
vimanIta,vimanA,,past,pass,,vimanīta,vimanā
vimaneya,vimanA,,fut,pass,,vimaneya,vimanā
vimanEyamAna,vimanA,,pres,pass,,vimanaiyamāna,vimanā
viyat,vI#1,2,pres,para,,viyat,vī#1
viyAna,vI#1,2,pres,atma,,viyāna,vī#1
vivakzaRIya,vac,,fut,pass,desid,vivakṣaṇīya,vac
vivakzat,vac,,pres,para,desid,vivakṣat,vac
vivakzitavat,vac,,past,active,desid,vivakṣitavat,vac
vivakzita,vac,,past,pass,desid,vivakṣita,vac
vivacat,vac,3,pres,para,,vivacat,vac
vivacAna,vac,3,pres,atma,,vivacāna,vac
vivikzaRIya,vic,,fut,pass,desid,vivikṣaṇīya,vic
vivikzat,vic,,pres,para,desid,vivikṣat,vic
vivikzitavat,vic,,past,active,desid,vivikṣitavat,vic
vivikzita,vic,,past,pass,desid,vivikṣita,vic
vivicAna,vic,,perf,atma,,vivicāna,vic
vivicvas,vic,,perf,para,,vivicvas,vic
vivijAna,vij,,perf,atma,,vivijāna,vij
vivijvas,vij,,perf,para,,vivijvas,vij
vivitsat,vid#1,,pres,para,desid,vivitsat,vid#1
vivitsanIya,vid#1,,fut,pass,desid,vivitsanīya,vid#1
vivitsitavat,vid#1,,past,active,desid,vivitsitavat,vid#1
vivitsita,vid#1,,past,pass,desid,vivitsita,vid#1
vividAna,vid#2,,perf,atma,,vividāna,vid#2
vividivas,vid#2,,perf,para,,vividivas,vid#2
vividizaRIya,vid#1,,fut,pass,desid,vividiṣaṇīya,vid#1
vividizat,vid#1,,pres,para,desid,vividiṣat,vid#1
vividizitavat,vid#1,,past,active,desid,vividiṣitavat,vid#1
vividizita,vid#1,,past,pass,desid,vividiṣita,vid#1
vividvas,vid#2,,perf,para,,vividvas,vid#2
viviDAna,viD#1,,perf,atma,,vividhāna,vidh#1
viviDAna,vyaD,,perf,atma,,vividhāna,vyadh
viviDvas,viD#1,,perf,para,,vividhvas,vidh#1
viviDvas,vyaD,,perf,para,,vividhvas,vyadh
vivipAna,vip,,perf,atma,,vivipāna,vip
vivipvas,vip,,perf,para,,vivipvas,vip
vivimanAna,vimanA,,perf,atma,,vivimanāna,vimanā
vivimanvas,vimanA,,perf,para,,vivimanvas,vimanā
vivivakzvas,vac,,perf,para,desid,vivivakṣvas,vac
vivivikzvas,vic,,perf,para,desid,vivivikṣvas,vic
vivivitsvas,vid#1,,perf,para,desid,vivivitsvas,vid#1
vivividizvas,vid#1,,perf,para,desid,vivividiṣvas,vid#1
viviSadAna,viSad,,perf,atma,,viviśadāna,viśad
viviSadvas,viSad,,perf,para,,viviśadvas,viśad
viviSAna,viS#1,,perf,atma,,viviśāna,viś#1
viviSivas,viS#1,,perf,para,,viviśivas,viś#1
viviSvas,viS#1,,perf,para,,viviśvas,viś#1
vivizat,viz#1,3,pres,para,,viviṣat,viṣ#1
vivizARa,vizA,,perf,atma,,viviṣāṇa,viṣā
vivizARa,viz#1,3,pres,atma,,viviṣāṇa,viṣ#1
vivizARa,viz#1,,perf,atma,,viviṣāṇa,viṣ#1
vivizvas,vizA,,perf,para,,viviṣvas,viṣā
vivizvas,viz#1,,perf,para,,viviṣvas,viṣ#1
vivIjAna,vIj,,perf,atma,,vivījāna,vīj
vivIjvas,vIj,,perf,para,,vivījvas,vīj
vivIvas,vI#1,,perf,para,,vivīvas,vī#1
vivyaTAna,vyaT,,perf,atma,,vivyathāna,vyath
vivyaTvas,vyaT,,perf,para,,vivyathvas,vyath
vivyAna,vI#1,,perf,atma,,vivyāna,vī#1
vivyAna,vyA,,perf,atma,,vivyāna,vyā
vivyivas,vyA,,perf,para,,vivyivas,vyā
vivrIqAna,vrIq,,perf,atma,,vivrīḍāna,vrīḍ
vivrIqvas,vrIq,,perf,para,,vivrīḍvas,vrīḍ
viSattavat,viSad,,past,active,,viśattavat,viśad
viSatta,viSad,,past,pass,,viśatta,viśad
viSadanIya,viSad,,fut,pass,,viśadanīya,viśad
viSadayat,viSad,10,pres,para,,viśadayat,viśad
viSadayamAna,viSad,10,pres,atma,,viśadayamāna,viśad
viSadayitavya,viSad,,fut,pass,,viśadayitavya,viśad
viSadayizyat,viSad,,fut,para,,viśadayiṣyat,viśad
viSadayizyamAna,viSad,,fut,atma,,viśadayiṣyamāna,viśad
viSadyamAna,viSad,,pres,pass,,viśadyamāna,viśad
viSadya,viSad,,fut,pass,,viśadya,viśad
viSat,viS#1,6,pres,para,,viśat,viś#1
viSamAna,viS#1,6,pres,atma,,viśamāna,viś#1
viSyamAna,viS#1,,pres,pass,,viśyamāna,viś#1
vizARIya,vizA,,fut,pass,,viṣāṇīya,viṣā
vizAyat,vizA,10,pres,para,,viṣāyat,viṣā
vizAyamAna,vizA,10,pres,atma,,viṣāyamāna,viṣā
vizAyitavya,vizA,,fut,pass,,viṣāyitavya,viṣā
vizAyizyat,vizA,,fut,para,,viṣāyiṣyat,viṣā
vizAyizyamAna,vizA,,fut,atma,,viṣāyiṣyamāna,viṣā
vizItavat,vizA,,past,active,,viṣītavat,viṣā
vizIta,vizA,,past,pass,,viṣīta,viṣā
vizeya,vizA,,fut,pass,,viṣeya,viṣā
vizEyamAna,vizA,,pres,pass,,viṣaiyamāna,viṣā
vizwavat,viz#1,,past,active,,viṣṭavat,viṣ#1
vizwavat,viS#1,,past,active,,viṣṭavat,viś#1
vizwa,viz#1,,past,pass,,viṣṭa,viṣ#1
vizwa,viS#1,,past,pass,,viṣṭa,viś#1
vizyamAna,viz#1,,pres,pass,,viṣyamāna,viṣ#1
vIktavat,vIj,,past,active,,vīktavat,vīj
vIkta,vIj,,past,pass,,vīkta,vīj
vIjat,vIj,1,pres,para,,vījat,vīj
vIjamAna,vIj,1,pres,atma,,vījamāna,vīj
vIjyamAna,vIj,,pres,pass,,vījyamāna,vīj
vIjya,vIj,,fut,pass,,vījya,vīj
vItavat,vI#1,,past,active,,vītavat,vī#1
vItavat,vyA,,past,active,,vītavat,vyā
vIta,vI#1,,past,pass,,vīta,vī#1
vIta,vyA,,past,pass,,vīta,vyā
vIyamAna,vI#1,,pres,pass,,vīyamāna,vī#1
vIyamAna,vA#2,,pres,pass,,vīyamāna,vā#2
vIyamAna,vyA,,pres,pass,,vīyamāna,vyā
vfkRavat,vraSc,,past,active,,vṛkṇavat,vraśc
vfkRa,vraSc,,past,pass,,vṛkṇa,vraśc
vfktavat,vfj,,past,active,,vṛktavat,vṛj
vfkta,vfj,,past,pass,,vṛkta,vṛj
vfjyamAna,vfj,,pres,pass,,vṛjyamāna,vṛj
vfjya,vfj,,fut,pass,,vṛjya,vṛj
vfYjat,vfj,7,pres,para,,vṛñjat,vṛj
vfYjAna,vfj,7,pres,atma,,vṛñjāna,vṛj
vfQavat,vfh,,past,active,,vṛḍhavat,vṛh
vfQa,vfh,,past,pass,,vṛḍha,vṛh
vfRat,vf#2,9,pres,para,,vṛṇat,vṛ#2
vfRAna,vf#2,9,pres,atma,,vṛṇāna,vṛ#2
vfRvat,vf#1,5,pres,para,,vṛṇvat,vṛ#1
vfRvAna,vf#1,5,pres,atma,,vṛṇvāna,vṛ#1
vftavat,vf#1,,past,active,,vṛtavat,vṛ#1
vftavat,vf#2,,past,active,,vṛtavat,vṛ#2
vfta,vf#1,,past,pass,,vṛta,vṛ#1
vfta,vf#2,,past,pass,,vṛta,vṛ#2
vfttavat,vft#1,,past,active,,vṛttavat,vṛt#1
vftta,vft#1,,past,pass,,vṛtta,vṛt#1
vftyamAna,vft#1,,pres,pass,,vṛtyamāna,vṛt#1
vftya,vft#1,,fut,pass,,vṛtya,vṛt#1
vfdDavat,vfD#1,,past,active,,vṛddhavat,vṛdh#1
vfdDa,vfD#1,,past,pass,,vṛddha,vṛdh#1
vfDyamAna,vfD#1,,pres,pass,,vṛdhyamāna,vṛdh#1
vfDya,vfD#1,,fut,pass,,vṛdhya,vṛdh#1
vfScat,vraSc,6,pres,para,,vṛścat,vraśc
vfScyamAna,vraSc,,pres,pass,,vṛścyamāna,vraśc
vfzwavat,vfz,,past,active,,vṛṣṭavat,vṛṣ
vfzwa,vfz,,past,pass,,vṛṣṭa,vṛṣ
vfzyamAna,vfz,,pres,pass,,vṛṣyamāna,vṛṣ
vfzya,vfz,,fut,pass,,vṛṣya,vṛṣ
vfhat,vfh,6,pres,para,,vṛhat,vṛh
vfhamAna,vfh,6,pres,atma,,vṛhamāna,vṛh
vfhyamAna,vfh,,pres,pass,,vṛhyamāna,vṛh
vfhya,vfh,,fut,pass,,vṛhya,vṛh
vektavya,vic,,fut,pass,,vektavya,vic
vektavya,vIj,,fut,pass,,vektavya,vīj
vekzyat,vic,,fut,para,,vekṣyat,vic
vekzyat,viS#1,,fut,para,,vekṣyat,viś#1
vekzyat,viz#1,,fut,para,,vekṣyat,viṣ#1
vekzyat,vIj,,fut,para,,vekṣyat,vīj
vekzyamAna,vic,,fut,atma,,vekṣyamāna,vic
vekzyamAna,viS#1,,fut,atma,,vekṣyamāna,viś#1
vekzyamAna,viz#1,,fut,atma,,vekṣyamāna,viṣ#1
vekzyamAna,vIj,,fut,atma,,vekṣyamāna,vīj
veglAna,valg,,perf,atma,,veglāna,valg
veglivas,valg,,perf,para,,veglivas,valg
vecanIya,vic,,fut,pass,,vecanīya,vic
vecanIya,vic,,fut,pass,caus,vecanīya,vic
vecayat,vic,,pres,para,caus,vecayat,vic
vecayamAna,vic,,pres,atma,caus,vecayamāna,vic
vecayitavya,vic,,fut,pass,caus,vecayitavya,vic
vecayizyat,vic,,fut,para,caus,vecayiṣyat,vic
vecayizyamAna,vic,,fut,atma,,vecayiṣyamāna,vic
vecayizyamAna,vic,,fut,atma,caus,vecayiṣyamāna,vic
vecitavat,vic,,past,active,caus,vecitavat,vic
vecita,vic,,past,pass,caus,vecita,vic
vecYAna,vaYc,,perf,atma,,vecñāna,vañc
vecYivas,vaYc,,perf,para,,vecñivas,vañc
vecyamAna,vic,,pres,pass,caus,vecyamāna,vic
vecya,vic,,fut,pass,,vecya,vic
vecya,vic,,fut,pass,caus,vecya,vic
vejanIya,vij,,fut,pass,,vejanīya,vij
vejanIya,vij,,fut,pass,caus,vejanīya,vij
vejanIya,vIj,,fut,pass,,vejanīya,vīj
vejayat,vij,,pres,para,caus,vejayat,vij
vejayamAna,vij,,pres,atma,caus,vejayamāna,vij
vejayitavya,vij,,fut,pass,caus,vejayitavya,vij
vejayizyat,vij,,fut,para,caus,vejayiṣyat,vij
vejayizyamAna,vij,,fut,atma,,vejayiṣyamāna,vij
vejayizyamAna,vij,,fut,atma,caus,vejayiṣyamāna,vij
vejitavat,vij,,past,active,caus,vejitavat,vij
vejitavya,vij,,fut,pass,,vejitavya,vij
vejita,vij,,past,pass,caus,vejita,vij
vejizyat,vij,,fut,para,,vejiṣyat,vij
vejizyamAna,vij,,fut,atma,,vejiṣyamāna,vij
vejyamAna,vij,,pres,pass,caus,vejyamāna,vij
vejya,vij,,fut,pass,,vejya,vij
vejya,vij,,fut,pass,caus,vejya,vij
veRrARa,varR,,perf,atma,,veṇrāṇa,varṇ
veRrivas,varR,,perf,para,,veṇrivas,varṇ
vetavya,vI#1,,fut,pass,,vetavya,vī#1
vettavya,vid#1,,fut,pass,,vettavya,vid#1
vettavya,vid#2,,fut,pass,,vettavya,vid#2
vetsyat,vid#1,,fut,para,,vetsyat,vid#1
vetsyat,vid#2,,fut,para,,vetsyat,vid#2
vetsyat,viD#1,,fut,para,,vetsyat,vidh#1
vetsyamAna,vid#1,,fut,atma,,vetsyamāna,vid#1
vetsyamAna,vid#2,,fut,atma,,vetsyamāna,vid#2
vetsyamAna,viD#1,,fut,atma,,vetsyamāna,vidh#1
vedanIya,vid#1,,fut,pass,,vedanīya,vid#1
vedanIya,vid#1,,fut,pass,caus,vedanīya,vid#1
vedanIya,vid#2,,fut,pass,,vedanīya,vid#2
vedayat,vid#1,,pres,para,caus,vedayat,vid#1
vedayamAna,vid#1,,pres,atma,caus,vedayamāna,vid#1
vedayitavya,vid#1,,fut,pass,caus,vedayitavya,vid#1
vedayizyat,vid#1,,fut,para,caus,vedayiṣyat,vid#1
vedayizyamAna,vid#1,,fut,atma,,vedayiṣyamāna,vid#1
vedayizyamAna,vid#1,,fut,atma,caus,vedayiṣyamāna,vid#1
veditavat,vid#1,,past,active,caus,veditavat,vid#1
veditavya,vid#1,,fut,pass,,veditavya,vid#1
vedita,vid#1,,past,pass,caus,vedita,vid#1
vedizyat,vid#1,,fut,para,,vediṣyat,vid#1
vedizyamAna,vid#1,,fut,atma,,vediṣyamāna,vid#1
vedDavya,viD#1,,fut,pass,,veddhavya,vidh#1
vednAna,vand,,perf,atma,,vednāna,vand
vednivas,vand,,perf,para,,vednivas,vand
vedyamAna,vid#1,,pres,pass,caus,vedyamāna,vid#1
vedya,vid#1,,fut,pass,,vedya,vid#1
vedya,vid#1,,fut,pass,caus,vedya,vid#1
vedya,vid#2,,fut,pass,,vedya,vid#2
veDanIya,viD#1,,fut,pass,,vedhanīya,vidh#1
veDya,viD#1,,fut,pass,,vedhya,vidh#1
venat,ven,1,pres,para,,venat,ven
venanIya,ven,,fut,pass,,venanīya,ven
venamAna,ven,1,pres,atma,,venamāna,ven
venAna,van,,perf,atma,,venāna,van
venitavat,ven,,past,active,,venitavat,ven
venitavya,ven,,fut,pass,,venitavya,ven
venita,ven,,past,pass,,venita,ven
venivas,van,,perf,para,,venivas,van
venizyat,ven,,fut,para,,veniṣyat,ven
venizyamAna,ven,,fut,atma,,veniṣyamāna,ven
venyamAna,ven,,pres,pass,,venyamāna,ven
venya,ven,,fut,pass,,venya,ven
vepat,vip,1,pres,para,,vepat,vip
vepanIya,vip,,fut,pass,caus,vepanīya,vip
vepamAna,vip,1,pres,atma,,vepamāna,vip
vepayat,vip,,pres,para,caus,vepayat,vip
vepayamAna,vip,,pres,atma,caus,vepayamāna,vip
vepayizyat,vip,,fut,para,caus,vepayiṣyat,vip
vepayizyamAna,vip,,fut,atma,,vepayiṣyamāna,vip
vepayizyamAna,vip,,fut,atma,caus,vepayiṣyamāna,vip
vepitavat,vip,,past,active,,vepitavat,vip
vepitavat,vip,,past,active,caus,vepitavat,vip
vepita,vip,,past,pass,,vepita,vip
vepita,vip,,past,pass,caus,vepita,vip
vepizyat,vip,,fut,para,,vepiṣyat,vip
vepizyamAna,vip,,fut,atma,,vepiṣyamāna,vip
vepyamAna,vip,,pres,pass,caus,vepyamāna,vip
vepya,vip,,fut,pass,caus,vepya,vip
vemAna,vam,,perf,atma,,vemāna,vam
vemivas,vam,,perf,para,,vemivas,vam
veya,vA#2,,fut,pass,,veya,vā#2
veya,vA#3,,fut,pass,,veya,vā#3
veya,vI#1,,fut,pass,,veya,vī#1
vevidat,vid#1,,pres,para,intens,vevidat,vid#1
vevidyamAna,vid#1,,pres,atma,intens,vevidyamāna,vid#1
veSanIya,viS#1,,fut,pass,,veśanīya,viś#1
veSanIya,viS#1,,fut,pass,caus,veśanīya,viś#1
veSayat,viS#1,,pres,para,caus,veśayat,viś#1
veSayamAna,viS#1,,pres,atma,caus,veśayamāna,viś#1
veSayitavya,viS#1,,fut,pass,caus,veśayitavya,viś#1
veSayizyat,viS#1,,fut,para,caus,veśayiṣyat,viś#1
veSayizyamAna,viS#1,,fut,atma,,veśayiṣyamāna,viś#1
veSayizyamAna,viS#1,,fut,atma,caus,veśayiṣyamāna,viś#1
veSitavat,viS#1,,past,active,caus,veśitavat,viś#1
veSita,viS#1,,past,pass,caus,veśita,viś#1
veSyamAna,viS#1,,pres,pass,caus,veśyamāna,viś#1
veSya,viS#1,,fut,pass,,veśya,viś#1
veSya,viS#1,,fut,pass,caus,veśya,viś#1
vezaRIya,viz#1,,fut,pass,,veṣaṇīya,viṣ#1
vezat,viz#1,1,pres,para,,veṣat,viṣ#1
vezamAna,viz#1,1,pres,atma,,veṣamāna,viṣ#1
vezwat,vezw,1,pres,para,,veṣṭat,veṣṭ
vezwanIya,vezw,,fut,pass,,veṣṭanīya,veṣṭ
vezwanIya,vezw,,fut,pass,caus,veṣṭanīya,veṣṭ
vezwamAna,vezw,1,pres,atma,,veṣṭamāna,veṣṭ
vezwayat,vezw,,pres,para,caus,veṣṭayat,veṣṭ
vezwayamAna,vezw,,pres,atma,caus,veṣṭayamāna,veṣṭ
vezwayitavya,vezw,,fut,pass,caus,veṣṭayitavya,veṣṭ
vezwayizyat,vezw,,fut,para,caus,veṣṭayiṣyat,veṣṭ
vezwayizyamAna,vezw,,fut,atma,,veṣṭayiṣyamāna,veṣṭ
vezwayizyamAna,vezw,,fut,atma,caus,veṣṭayiṣyamāna,veṣṭ
vezwavya,viS#1,,fut,pass,,veṣṭavya,viś#1
vezwavya,viz#1,,fut,pass,,veṣṭavya,viṣ#1
vezwitavat,vezw,,past,active,,veṣṭitavat,veṣṭ
vezwitavat,vezw,,past,active,caus,veṣṭitavat,veṣṭ
vezwita,vezw,,past,pass,,veṣṭita,veṣṭ
vezwita,vezw,,past,pass,caus,veṣṭita,veṣṭ
vezwwavya,vezw,,fut,pass,,veṣṭṭavya,veṣṭ
vezwyamAna,vezw,,pres,pass,,veṣṭyamāna,veṣṭ
vezwyamAna,vezw,,pres,pass,caus,veṣṭyamāna,veṣṭ
vezwya,vezw,,fut,pass,,veṣṭya,veṣṭ
vezwya,vezw,,fut,pass,caus,veṣṭya,veṣṭ
vezwsyat,vezw,,fut,para,,veṣṭsyat,veṣṭ
vezwsyamAna,vezw,,fut,atma,,veṣṭsyamāna,veṣṭ
vezyat,vI#1,,fut,para,,veṣyat,vī#1
vezyamAna,vI#1,,fut,atma,,veṣyamāna,vī#1
vezya,viz#1,,fut,pass,,veṣya,viṣ#1
vesAna,vas#2,,perf,atma,,vesāna,vas#2
vErARIya,vErA,,fut,pass,,vairāṇīya,vairā
vErAyat,vErA,10,pres,para,,vairāyat,vairā
vErAyamAna,vErA,10,pres,atma,,vairāyamāna,vairā
vErAyitavya,vErA,,fut,pass,,vairāyitavya,vairā
vErAyizyat,vErA,,fut,para,,vairāyiṣyat,vairā
vErAyizyamAna,vErA,,fut,atma,,vairāyiṣyamāna,vairā
vErItavat,vErA,,past,active,,vairītavat,vairā
vErIta,vErA,,past,pass,,vairīta,vairā
vEreya,vErA,,fut,pass,,vaireya,vairā
vErEyamAna,vErA,,pres,pass,,vairaiyamāna,vairā
voQavya,vah#1,,fut,pass,,voḍhavya,vah#1
vyatsyat,vyaD,,fut,para,,vyatsyat,vyadh
vyatsyamAna,vyaD,,fut,atma,,vyatsyamāna,vyadh
vyaTat,vyaT,1,pres,para,,vyathat,vyath
vyaTanIya,vyaT,,fut,pass,,vyathanīya,vyath
vyaTanIya,vyaT,,fut,pass,caus,vyathanīya,vyath
vyaTamAna,vyaT,1,pres,atma,,vyathamāna,vyath
vyaTayat,vyaT,,pres,para,caus,vyathayat,vyath
vyaTayamAna,vyaT,,pres,atma,caus,vyathayamāna,vyath
vyaTayitavya,vyaT,,fut,pass,caus,vyathayitavya,vyath
vyaTayizyat,vyaT,,fut,para,caus,vyathayiṣyat,vyath
vyaTayizyamAna,vyaT,,fut,atma,,vyathayiṣyamāna,vyath
vyaTayizyamAna,vyaT,,fut,atma,caus,vyathayiṣyamāna,vyath
vyaTitavat,vyaT,,past,active,,vyathitavat,vyath
vyaTitavat,vyaT,,past,active,caus,vyathitavat,vyath
vyaTitavya,vyaT,,fut,pass,,vyathitavya,vyath
vyaTita,vyaT,,past,pass,,vyathita,vyath
vyaTita,vyaT,,past,pass,caus,vyathita,vyath
vyaTizyat,vyaT,,fut,para,,vyathiṣyat,vyath
vyaTizyamAna,vyaT,,fut,atma,,vyathiṣyamāna,vyath
vyaTyamAna,vyaT,,pres,pass,,vyathyamāna,vyath
vyaTyamAna,vyaT,,pres,pass,caus,vyathyamāna,vyath
vyaTya,vyaT,,fut,pass,,vyathya,vyath
vyaTya,vyaT,,fut,pass,caus,vyathya,vyath
vyadDavya,vyaD,,fut,pass,,vyaddhavya,vyadh
vyaDanIya,vyaD,,fut,pass,,vyadhanīya,vyadh
vyaDya,vyaD,,fut,pass,,vyadhya,vyadh
vyayat,vyA,4,pres,para,,vyayat,vyā
vyayamAna,vyA,4,pres,atma,,vyayamāna,vyā
vyAtavya,vyA,,fut,pass,,vyātavya,vyā
vyADanIya,vyaD,,fut,pass,caus,vyādhanīya,vyadh
vyADayat,vyaD,,pres,para,caus,vyādhayat,vyadh
vyADayamAna,vyaD,,pres,atma,caus,vyādhayamāna,vyadh
vyADayitavya,vyaD,,fut,pass,caus,vyādhayitavya,vyadh
vyADayizyat,vyaD,,fut,para,caus,vyādhayiṣyat,vyadh
vyADayizyamAna,vyaD,,fut,atma,,vyādhayiṣyamāna,vyadh
vyADayizyamAna,vyaD,,fut,atma,caus,vyādhayiṣyamāna,vyadh
vyADitavat,vyaD,,past,active,caus,vyādhitavat,vyadh
vyADita,vyaD,,past,pass,caus,vyādhita,vyadh
vyADyamAna,vyaD,,pres,pass,caus,vyādhyamāna,vyadh
vyADya,vyaD,,fut,pass,caus,vyādhya,vyadh
vyAnIya,vyA,,fut,pass,,vyānīya,vyā
vyAsyat,vyA,,fut,para,,vyāsyat,vyā
vyAsyamAna,vyA,,fut,atma,,vyāsyamāna,vyā
vyeya,vyA,,fut,pass,,vyeya,vyā
vrakzyat,vraSc,,fut,para,,vrakṣyat,vraśc
vrajat,vraj,1,pres,para,,vrajat,vraj
vrajanIya,vraj,,fut,pass,,vrajanīya,vraj
vrajamAna,vraj,1,pres,atma,,vrajamāna,vraj
vrajitavat,vraj,,past,active,,vrajitavat,vraj
vrajitavya,vraj,,fut,pass,,vrajitavya,vraj
vrajita,vraj,,past,pass,,vrajita,vraj
vrajizyat,vraj,,fut,para,,vrajiṣyat,vraj
vrajizyamAna,vraj,,fut,atma,,vrajiṣyamāna,vraj
vrajyamAna,vraj,,pres,pass,,vrajyamāna,vraj
vrajya,vraj,,fut,pass,,vrajya,vraj
vraRanIya,vraR,,fut,pass,,vraṇanīya,vraṇ
vraRayat,vraR,10,pres,para,,vraṇayat,vraṇ
vraRayamAna,vraR,10,pres,atma,,vraṇayamāna,vraṇ
vraRayitavya,vraR,,fut,pass,,vraṇayitavya,vraṇ
vraRayizyat,vraR,,fut,para,,vraṇayiṣyat,vraṇ
vraRayizyamAna,vraR,,fut,atma,,vraṇayiṣyamāna,vraṇ
vraRitavat,vraR,,past,active,,vraṇitavat,vraṇ
vraRita,vraR,,past,pass,,vraṇita,vraṇ
vraRyamAna,vraR,,pres,pass,,vraṇyamāna,vraṇ
vraRya,vraR,,fut,pass,,vraṇya,vraṇ
vraScanIya,vraSc,,fut,pass,,vraścanīya,vraśc
vraScanIya,vraSc,,fut,pass,caus,vraścanīya,vraśc
vraScayat,vraSc,,pres,para,caus,vraścayat,vraśc
vraScayamAna,vraSc,,pres,atma,caus,vraścayamāna,vraśc
vraScayitavya,vraSc,,fut,pass,caus,vraścayitavya,vraśc
vraScayizyat,vraSc,,fut,para,caus,vraścayiṣyat,vraśc
vraScayizyamAna,vraSc,,fut,atma,,vraścayiṣyamāna,vraśc
vraScayizyamAna,vraSc,,fut,atma,caus,vraścayiṣyamāna,vraśc
vraScitavat,vraSc,,past,active,caus,vraścitavat,vraśc
vraScitavya,vraSc,,fut,pass,,vraścitavya,vraśc
vraScita,vraSc,,past,pass,caus,vraścita,vraśc
vraScizyat,vraSc,,fut,para,,vraściṣyat,vraśc
vraScyamAna,vraSc,,pres,pass,caus,vraścyamāna,vraśc
vraScya,vraSc,,fut,pass,,vraścya,vraśc
vraScya,vraSc,,fut,pass,caus,vraścya,vraśc
vrazwavya,vraSc,,fut,pass,,vraṣṭavya,vraśc
vriyamAna,vf#1,,pres,pass,,vriyamāna,vṛ#1
vriyamAna,vf#2,,pres,pass,,vriyamāna,vṛ#2
vrIqat,vrIq,1,pres,para,,vrīḍat,vrīḍ
vrIqamAna,vrIq,1,pres,atma,,vrīḍamāna,vrīḍ
vrIqitavat,vrIq,,past,active,,vrīḍitavat,vrīḍ
vrIqita,vrIq,,past,pass,,vrīḍita,vrīḍ
vrIqyamAna,vrIq,,pres,pass,,vrīḍyamāna,vrīḍ
vrIqya,vrIq,,fut,pass,,vrīḍya,vrīḍ
vreqanIya,vrIq,,fut,pass,,vreḍanīya,vrīḍ
vreqitavya,vrIq,,fut,pass,,vreḍitavya,vrīḍ
vreqizyat,vrIq,,fut,para,,vreḍiṣyat,vrīḍ
vreqizyamAna,vrIq,,fut,atma,,vreḍiṣyamāna,vrīḍ
SaMsat,SaMs,1,pres,para,,śaṃsat,śaṃs
SaMsanIya,SaMs,,fut,pass,,śaṃsanīya,śaṃs
SaMsanIya,SaMs,,fut,pass,caus,śaṃsanīya,śaṃs
SaMsamAna,SaMs,1,pres,atma,,śaṃsamāna,śaṃs
SaMsayat,SaMs,,pres,para,caus,śaṃsayat,śaṃs
SaMsayamAna,SaMs,,pres,atma,caus,śaṃsayamāna,śaṃs
SaMsayitavya,SaMs,,fut,pass,caus,śaṃsayitavya,śaṃs
SaMsayizyat,SaMs,,fut,para,caus,śaṃsayiṣyat,śaṃs
SaMsayizyamAna,SaMs,,fut,atma,,śaṃsayiṣyamāna,śaṃs
SaMsayizyamAna,SaMs,,fut,atma,caus,śaṃsayiṣyamāna,śaṃs
SaMsitavat,SaMs,,past,active,caus,śaṃsitavat,śaṃs
SaMsita,SaMs,,past,pass,caus,śaṃsita,śaṃs
SaMsizyat,SaMs,,fut,para,,śaṃsiṣyat,śaṃs
SaMsizyamAna,SaMs,,fut,atma,,śaṃsiṣyamāna,śaṃs
SaMsyat,Sam#1,,fut,para,,śaṃsyat,śam#1
SaMsyat,Sam#2,,fut,para,,śaṃsyat,śam#2
SaMsyamAna,SaMs,,pres,pass,caus,śaṃsyamāna,śaṃs
SaMsyamAna,Sam#1,,fut,atma,,śaṃsyamāna,śam#1
SaMsyamAna,Sam#2,,fut,atma,,śaṃsyamāna,śam#2
SaMsya,SaMs,,fut,pass,,śaṃsya,śaṃs
SaMsya,SaMs,,fut,pass,caus,śaṃsya,śaṃs
SakanIya,Sak,,fut,pass,,śakanīya,śak
Saktavat,Sak,,past,active,,śaktavat,śak
Saktavya,Sak,,fut,pass,,śaktavya,śak
Sakta,Sak,,past,pass,,śakta,śak
Saknuvat,Sak,5,pres,para,,śaknuvat,śak
SaknvAna,Sak,5,pres,atma,,śaknvāna,śak
SakyamAna,Sak,,pres,pass,,śakyamāna,śak
Sakya,Sak,,fut,pass,,śakya,śak
Sakzyat,Sak,,fut,para,,śakṣyat,śak
Sakzyat,SaS,,fut,para,,śakṣyat,śaś
SakzyamAna,Sak,,fut,atma,,śakṣyamāna,śak
SakzyamAna,SaS,,fut,atma,,śakṣyamāna,śaś
SaNkat,SaNk,1,pres,para,,śaṅkat,śaṅk
SaNkanIya,SaNk,,fut,pass,,śaṅkanīya,śaṅk
SaNkamAna,SaNk,1,pres,atma,,śaṅkamāna,śaṅk
SaNkitavat,SaNk,,past,active,,śaṅkitavat,śaṅk
SaNkita,SaNk,,past,pass,,śaṅkita,śaṅk
SaNktavya,SaNk,,fut,pass,,śaṅktavya,śaṅk
SaNkyamAna,SaNk,,pres,pass,,śaṅkyamāna,śaṅk
SaNkya,SaNk,,fut,pass,,śaṅkya,śaṅk
SaNkzyat,SaNk,,fut,para,,śaṅkṣyat,śaṅk
SaNkzyamAna,SaNk,,fut,atma,,śaṅkṣyamāna,śaṅk
Sattavya,Sad,,fut,pass,,śattavya,śad
Satsyat,Sad,,fut,para,,śatsyat,śad
SatsyamAna,Sad,,fut,atma,,śatsyamāna,śad
SadanIya,Sad,,fut,pass,,śadanīya,śad
SadyamAna,Sad,,pres,pass,,śadyamāna,śad
Sadya,Sad,,fut,pass,,śadya,śad
Santavya,Sam#2,,fut,pass,,śantavya,śam#2
Sannavat,Sad,,past,active,,śannavat,śad
Sanna,Sad,,past,pass,,śanna,śad
Sapat,Sap,1,pres,para,,śapat,śap
SapanIya,Sap,,fut,pass,,śapanīya,śap
SapamAna,Sap,1,pres,atma,,śapamāna,śap
Sapitavat,Sap,,past,active,,śapitavat,śap
Sapita,Sap,,past,pass,,śapita,śap
Saptavat,Sap,,past,active,,śaptavat,śap
Saptavya,Sap,,fut,pass,,śaptavya,śap
Sapta,Sap,,past,pass,,śapta,śap
SapyamAna,Sap,,pres,pass,,śapyamāna,śap
Sapya,Sap,,fut,pass,,śapya,śap
Sapsyat,Sap,,fut,para,,śapsyat,śap
SapsyamAna,Sap,,fut,atma,,śapsyamāna,śap
SabdanIya,Sabd,,fut,pass,,śabdanīya,śabd
Sabdayizyat,Sabd,,fut,para,,śabdayiṣyat,śabd
SabdayizyamAna,Sabd,,fut,atma,,śabdayiṣyamāna,śabd
SabdAyat,Sabd,10,pres,para,,śabdāyat,śabd
SabdAyamAna,Sabd,10,pres,atma,,śabdāyamāna,śabd
SabdAyitavya,Sabd,,fut,pass,,śabdāyitavya,śabd
Sabditavat,Sabd,,past,active,,śabditavat,śabd
Sabdita,Sabd,,past,pass,,śabdita,śabd
SabdyamAna,Sabd,,pres,pass,,śabdyamāna,śabd
Sabdya,Sabd,,fut,pass,,śabdya,śabd
SamanIya,Sam#1,,fut,pass,caus,śamanīya,śam#1
SamanIya,Sam#2,,fut,pass,,śamanīya,śam#2
Samayat,Sam#1,,pres,para,caus,śamayat,śam#1
Samayat,Sam#2,4,pres,para,,śamayat,śam#2
SamayamAna,Sam#1,,pres,atma,caus,śamayamāna,śam#1
SamayamAna,Sam#2,4,pres,atma,,śamayamāna,śam#2
Samayizyat,Sam#1,,fut,para,caus,śamayiṣyat,śam#1
SamayizyamAna,Sam#1,,fut,atma,,śamayiṣyamāna,śam#1
SamayizyamAna,Sam#1,,fut,atma,caus,śamayiṣyamāna,śam#1
Samitavat,Sam#1,,past,active,caus,śamitavat,śam#1
Samita,Sam#1,,past,pass,caus,śamita,śam#1
SamyamAna,Sam#1,,pres,pass,caus,śamyamāna,śam#1
SamyamAna,Sam#2,,pres,pass,,śamyamāna,śam#2
Samya,Sam#1,,fut,pass,caus,śamya,śam#1
Samya,Sam#2,,fut,pass,,śamya,śam#2
SayanIya,SI,,fut,pass,,śayanīya,śī
SayamAna,SI,1,pres,atma,,śayamāna,śī
SayAna,SI,2,pres,atma,,śayāna,śī
Sayitavat,SI,,past,active,,śayitavat,śī
Sayitavya,SI,,fut,pass,,śayitavya,śī
Sayita,SI,,past,pass,,śayita,śī
SayizyamAna,SI,,fut,atma,,śayiṣyamāna,śī
SaraRIya,SF,,fut,pass,,śaraṇīya,śṝ
Saritavya,SF,,fut,pass,,śaritavya,śṝ
Sarizyat,SF,,fut,para,,śariṣyat,śṝ
SarizyamAna,SF,,fut,atma,,śariṣyamāna,śṝ
SarItavya,SF,,fut,pass,,śarītavya,śṝ
SarIzyat,SF,,fut,para,,śarīṣyat,śṝ
SarIzyamAna,SF,,fut,atma,,śarīṣyamāna,śṝ
Salat,Sal,1,pres,para,,śalat,śal
SalanIya,Sal,,fut,pass,,śalanīya,śal
SalabDavat,SalaB,,past,active,,śalabdhavat,śalabh
SalabDa,SalaB,,past,pass,,śalabdha,śalabh
SalaBanIya,SalaB,,fut,pass,,śalabhanīya,śalabh
SalaBayizyat,SalaB,,fut,para,,śalabhayiṣyat,śalabh
SalaBayizyamAna,SalaB,,fut,atma,,śalabhayiṣyamāna,śalabh
SalaBAyat,SalaB,10,pres,para,,śalabhāyat,śalabh
SalaBAyamAna,SalaB,10,pres,atma,,śalabhāyamāna,śalabh
SalaBAyitavya,SalaB,,fut,pass,,śalabhāyitavya,śalabh
SalaByamAna,SalaB,,pres,pass,,śalabhyamāna,śalabh
SalaBya,SalaB,,fut,pass,,śalabhya,śalabh
SalamAna,Sal,1,pres,atma,,śalamāna,śal
Salitavya,Sal,,fut,pass,,śalitavya,śal
Salizyat,Sal,,fut,para,,śaliṣyat,śal
SalizyamAna,Sal,,fut,atma,,śaliṣyamāna,śal
Saltavat,Sal,,past,active,,śaltavat,śal
Salta,Sal,,past,pass,,śalta,śal
SalyamAna,Sal,,pres,pass,,śalyamāna,śal
Salya,Sal,,fut,pass,,śalya,śal
SavanIya,SU,,fut,pass,,śavanīya,śū
Savitavya,SU,,fut,pass,,śavitavya,śū
Savizyat,SU,,fut,para,,śaviṣyat,śū
SavizyamAna,SU,,fut,atma,,śaviṣyamāna,śū
SaSat,SaS,1,pres,para,,śaśat,śaś
SaSanIya,SaS,,fut,pass,,śaśanīya,śaś
SaSamAna,SaS,1,pres,atma,,śaśamāna,śaś
SaSarARa,SF,,perf,atma,,śaśarāṇa,śṝ
SaSarvas,SF,,perf,para,,śaśarvas,śṝ
SaSAna,SA,,perf,atma,,śaśāna,śā
SaSAntAna,SAnt,,perf,atma,,śaśāntāna,śānt
SaSAntvas,SAnt,,perf,para,,śaśāntvas,śānt
SaSAsAna,SAs,,perf,atma,,śaśāsāna,śās
SaSAsvas,SAs,,perf,para,,śaśāsvas,śās
SaSivas,SA,,perf,para,,śaśivas,śā
SaSyamAna,SaS,,pres,pass,,śaśyamāna,śaś
SaSya,SaS,,fut,pass,,śaśya,śaś
SaSyAna,SyA,,perf,atma,,śaśyāna,śyā
SaSyivas,SyA,,perf,para,,śaśyivas,śyā
SaSraRvas,Sram,,perf,para,,śaśraṇvas,śram
SaSramARa,Sram,,perf,atma,,śaśramāṇa,śram
SaSramBARa,SramB,,perf,atma,,śaśrambhāṇa,śrambh
SaSramBvas,SramB,,perf,para,,śaśrambhvas,śrambh
SaSlAGAna,SlAG,,perf,atma,,śaślāghāna,ślāgh
SaSlAGvas,SlAG,,perf,para,,śaślāghvas,ślāgh
SaSvasAna,Svas#1,,perf,atma,,śaśvasāna,śvas#1
SaSvasvas,Svas#1,,perf,para,,śaśvasvas,śvas#1
Sazwavya,SaS,,fut,pass,,śaṣṭavya,śaś
Sasat,Sas,1,pres,para,,śasat,śas
SasanIya,Sas,,fut,pass,,śasanīya,śas
SasamAna,Sas,1,pres,atma,,śasamāna,śas
Sasitavya,Sas,,fut,pass,,śasitavya,śas
Sasizyat,Sas,,fut,para,,śasiṣyat,śas
SasizyamAna,Sas,,fut,atma,,śasiṣyamāna,śas
Sastavat,Sas,,past,active,,śastavat,śas
Sastavat,SaMs,,past,active,,śastavat,śaṃs
Sastavya,SaMs,,fut,pass,,śastavya,śaṃs
Sasta,Sas,,past,pass,,śasta,śas
Sasta,SaMs,,past,pass,,śasta,śaṃs
SasyamAna,Sas,,pres,pass,,śasyamāna,śas
SasyamAna,SaMs,,pres,pass,,śasyamāna,śaṃs
Sasya,Sas,,fut,pass,,śasya,śas
SAtanIya,Sad,,fut,pass,caus,śātanīya,śad
SAtayat,Sad,,pres,para,caus,śātayat,śad
SAtayamAna,Sad,,pres,atma,caus,śātayamāna,śad
SAtayitavya,Sad,,fut,pass,caus,śātayitavya,śad
SAtayizyat,Sad,,fut,para,caus,śātayiṣyat,śad
SAtayizyamAna,Sad,,fut,atma,,śātayiṣyamāna,śad
SAtayizyamAna,Sad,,fut,atma,caus,śātayiṣyamāna,śad
SAtavya,SA,,fut,pass,,śātavya,śā
SAtitavat,Sad,,past,active,caus,śātitavat,śad
SAtita,Sad,,past,pass,caus,śātita,śad
SAtyamAna,Sad,,pres,pass,caus,śātyamāna,śad
SAtya,Sad,,fut,pass,caus,śātya,śad
SAdanIya,Sad,,fut,pass,caus,śādanīya,śad
SAdayat,Sad,,pres,para,caus,śādayat,śad
SAdayamAna,Sad,,pres,atma,caus,śādayamāna,śad
SAdayitavya,Sad,,fut,pass,caus,śādayitavya,śad
SAdayizyat,Sad,,fut,para,caus,śādayiṣyat,śad
SAdayizyamAna,Sad,,fut,atma,,śādayiṣyamāna,śad
SAdayizyamAna,Sad,,fut,atma,caus,śādayiṣyamāna,śad
SAditavat,Sad,,past,active,caus,śāditavat,śad
SAdita,Sad,,past,pass,caus,śādita,śad
SAdyamAna,Sad,,pres,pass,caus,śādyamāna,śad
SAdya,Sad,,fut,pass,caus,śādya,śad
SAnIya,SA,,fut,pass,,śānīya,śā
SAntanIya,SAnt,,fut,pass,,śāntanīya,śānt
SAntayat,SAnt,10,pres,para,,śāntayat,śānt
SAntayamAna,SAnt,10,pres,atma,,śāntayamāna,śānt
SAntayitavya,SAnt,,fut,pass,,śāntayitavya,śānt
SAntayizyat,SAnt,,fut,para,,śāntayiṣyat,śānt
SAntayizyamAna,SAnt,,fut,atma,,śāntayiṣyamāna,śānt
SAntavat,Sam#2,,past,active,,śāntavat,śam#2
SAnta,Sam#2,,past,pass,,śānta,śam#2
SAntitavat,SAnt,,past,active,,śāntitavat,śānt
SAntita,SAnt,,past,pass,,śāntita,śānt
SAntyamAna,SAnt,,pres,pass,,śāntyamāna,śānt
SAntya,SAnt,,fut,pass,,śāntya,śānt
SApanIya,Sap,,fut,pass,caus,śāpanīya,śap
SApayat,Sap,,pres,para,caus,śāpayat,śap
SApayamAna,Sap,,pres,atma,caus,śāpayamāna,śap
SApayitavya,Sap,,fut,pass,caus,śāpayitavya,śap
SApayizyat,Sap,,fut,para,caus,śāpayiṣyat,śap
SApayizyamAna,Sap,,fut,atma,,śāpayiṣyamāna,śap
SApayizyamAna,Sap,,fut,atma,caus,śāpayiṣyamāna,śap
SApitavat,Sap,,past,active,caus,śāpitavat,śap
SApita,Sap,,past,pass,caus,śāpita,śap
SApyamAna,Sap,,pres,pass,caus,śāpyamāna,śap
SApya,Sap,,fut,pass,caus,śāpya,śap
SAmyat,Sam#1,4,pres,para,,śāmyat,śam#1
SAmyamAna,Sam#1,4,pres,atma,,śāmyamāna,śam#1
SAyanIya,SI,,fut,pass,caus,śāyanīya,śī
SAyayat,SI,,pres,para,caus,śāyayat,śī
SAyayamAna,SI,,pres,atma,caus,śāyayamāna,śī
SAyayitavya,SI,,fut,pass,caus,śāyayitavya,śī
SAyayizyamAna,SI,,fut,atma,,śāyayiṣyamāna,śī
SAyayizyamAna,SI,,fut,atma,caus,śāyayiṣyamāna,śī
SAyitavat,SI,,past,active,caus,śāyitavat,śī
SAyita,SI,,past,pass,caus,śāyita,śī
SAyyamAna,SI,,pres,pass,caus,śāyyamāna,śī
SAyya,SI,,fut,pass,caus,śāyya,śī
SArya,SF,,fut,pass,,śārya,śṝ
SAsat,SAs,2,pres,para,,śāsat,śās
SAsat,SAs,1,pres,para,,śāsat,śās
SAsanIya,SAs,,fut,pass,,śāsanīya,śās
SAsamAna,SAs,1,pres,atma,,śāsamāna,śās
SAsAna,SAs,2,pres,atma,,śāsāna,śās
SAsitavat,SAs,,past,active,,śāsitavat,śās
SAsitavya,SAs,,fut,pass,,śāsitavya,śās
SAsita,SAs,,past,pass,,śāsita,śās
SAsizyat,SAs,,fut,para,,śāsiṣyat,śās
SAsizyamAna,SAs,,fut,atma,,śāsiṣyamāna,śās
SAstavat,SAs,,past,active,,śāstavat,śās
SAsta,SAs,,past,pass,,śāsta,śās
SAsyat,SA,,fut,para,,śāsyat,śā
SAsyamAna,SA,,fut,atma,,śāsyamāna,śā
SAsya,SAs,,fut,pass,,śāsya,śās
SiMzat,Siz,7,pres,para,,śiṃṣat,śiṣ
SiMzARa,Siz,7,pres,atma,,śiṃṣāṇa,śiṣ
SikzaRIya,Sak,,fut,pass,desid,śikṣaṇīya,śak
Sikzat,Sak,,pres,para,desid,śikṣat,śak
SikzamAna,Sak,,pres,atma,desid,śikṣamāna,śak
Sikzitavat,Sak,,past,active,desid,śikṣitavat,śak
Sikzita,Sak,,past,pass,desid,śikṣita,śak
Sitavat,SA,,past,active,,śitavat,śā
Sita,SA,,past,pass,,śita,śā
SiTilayat,SiTil,10,pres,para,,śithilayat,śithil
SiTilayamAna,SiTil,10,pres,atma,,śithilayamāna,śithil
SiTilayitavya,SiTil,,fut,pass,,śithilayitavya,śithil
SiTilayizyat,SiTil,,fut,para,,śithilayiṣyat,śithil
SiTilayizyamAna,SiTil,,fut,atma,,śithilayiṣyamāna,śithil
SiTilitavat,SiTil,,past,active,,śithilitavat,śithil
SiTilita,SiTil,,past,pass,,śithilita,śithil
SiTilyamAna,SiTil,,pres,pass,,śithilyamāna,śithil
SiTelanIya,SiTil,,fut,pass,,śithelanīya,śithil
SiTelya,SiTil,,fut,pass,,śithelya,śithil
SiSat,SA,3,pres,para,,śiśat,śā
SiSayizamAna,SI,,pres,atma,desid,śiśayiṣamāna,śī
SiSayizitavat,SI,,past,active,desid,śiśayiṣitavat,śī
SiSayizita,SI,,past,pass,desid,śiśayiṣita,śī
SiSikzARa,Sak,,perf,atma,desid,śiśikṣāṇa,śak
SiSikzvas,Sak,,perf,para,desid,śiśikṣvas,śak
SiSiTilAna,SiTil,,perf,atma,,śiśithilāna,śithil
SiSiTilvas,SiTil,,perf,para,,śiśithilvas,śithil
SiSiSayizARa,SI,,perf,atma,desid,śiśiśayiṣāṇa,śī
SiSizARa,Siz,,perf,atma,,śiśiṣāṇa,śiṣ
SiSizvas,Siz,,perf,para,,śiśiṣvas,śiṣ
SiSIlAna,SIl,,perf,atma,,śiśīlāna,śīl
SiSIlvas,SIl,,perf,para,,śiśīlvas,śīl
SiSyAna,SA,3,pres,atma,,śiśyāna,śā
SiSyAna,SI,,perf,atma,,śiśyāna,śī
SiSrivas,Sri,,perf,para,,śiśrivas,śri
SiSryARa,Sri,,perf,atma,,śiśryāṇa,śri
SiSlizARa,Sliz,,perf,atma,,śiśliṣāṇa,śliṣ
SiSlizvas,Sliz,,perf,para,,śiśliṣvas,śliṣ
SiSvitAna,Svit,,perf,atma,,śiśvitāna,śvit
SiSvitvas,Svit,,perf,para,,śiśvitvas,śvit
Sizwavat,Siz,,past,active,,śiṣṭavat,śiṣ
Sizwavat,SAs,,past,active,,śiṣṭavat,śās
Sizwa,Siz,,past,pass,,śiṣṭa,śiṣ
Sizwa,SAs,,past,pass,,śiṣṭa,śās
SizyamAna,Siz,,pres,pass,,śiṣyamāna,śiṣ
SizyamAna,SAs,,pres,pass,,śiṣyamāna,śās
Sizya,SAs,,fut,pass,,śiṣya,śās
SItavat,SyA,,past,active,,śītavat,śyā
SIta,SyA,,past,pass,,śīta,śyā
SIyat,Sad,1,pres,para,,śīyat,śad
SIyamAna,SI,,pres,pass,,śīyamāna,śī
SIyamAna,Sad,1,pres,atma,,śīyamāna,śad
SIyamAna,SA,,pres,pass,,śīyamāna,śā
SIyamAna,SyA,,pres,pass,,śīyamāna,śyā
SIrRavat,SF,,past,active,,śīrṇavat,śṝ
SIrRa,SF,,past,pass,,śīrṇa,śṝ
SIryamAna,SF,,pres,pass,,śīryamāna,śṝ
SIlat,SIl,1,pres,para,,śīlat,śīl
SIlanIya,SIl,,fut,pass,caus,śīlanīya,śīl
SIlamAna,SIl,1,pres,atma,,śīlamāna,śīl
SIlayat,SIl,,pres,para,caus,śīlayat,śīl
SIlayamAna,SIl,,pres,atma,caus,śīlayamāna,śīl
SIlayitavya,SIl,,fut,pass,caus,śīlayitavya,śīl
SIlayizyat,SIl,,fut,para,caus,śīlayiṣyat,śīl
SIlayizyamAna,SIl,,fut,atma,,śīlayiṣyamāna,śīl
SIlayizyamAna,SIl,,fut,atma,caus,śīlayiṣyamāna,śīl
SIlitavat,SIl,,past,active,caus,śīlitavat,śīl
SIlita,SIl,,past,pass,caus,śīlita,śīl
SIltavat,SIl,,past,active,,śīltavat,śīl
SIlta,SIl,,past,pass,,śīlta,śīl
SIlyamAna,SIl,,pres,pass,,śīlyamāna,śīl
SIlyamAna,SIl,,pres,pass,caus,śīlyamāna,śīl
SIlya,SIl,,fut,pass,,śīlya,śīl
SIlya,SIl,,fut,pass,caus,śīlya,śīl
Suktavat,Suc,,past,active,,śuktavat,śuc
Sukta,Suc,,past,pass,,śukta,śuc
SucyamAna,Suc,,pres,pass,,śucyamāna,śuc
SudDavat,SuD,,past,active,,śuddhavat,śudh
SudDa,SuD,,past,pass,,śuddha,śudh
SuDyat,SuD,4,pres,para,,śudhyat,śudh
SuDyamAna,SuD,4,pres,atma,,śudhyamāna,śudh
SuDyamAna,SuD,,pres,pass,,śudhyamāna,śudh
SubDavat,SuB#1,,past,active,,śubdhavat,śubh#1
SubDa,SuB#1,,past,pass,,śubdha,śubh#1
SuByamAna,SuB#1,,pres,pass,,śubhyamāna,śubh#1
SumBat,SumB,1,pres,para,,śumbhat,śumbh
SumBamAna,SumB,1,pres,atma,,śumbhamāna,śumbh
SumBitavat,SumB,,past,active,,śumbhitavat,śumbh
SumBita,SumB,,past,pass,,śumbhita,śumbh
SumByamAna,SumB,,pres,pass,,śumbhyamāna,śumbh
SuSucAna,Suc,,perf,atma,,śuśucāna,śuc
SuSucvas,Suc,,perf,para,,śuśucvas,śuc
SuSuDAna,SuD,,perf,atma,,śuśudhāna,śudh
SuSuDvas,SuD,,perf,para,,śuśudhvas,śudh
SuSuBAna,SuB#1,,perf,atma,,śuśubhāna,śubh#1
SuSuBvas,SuB#1,,perf,para,,śuśubhvas,śubh#1
SuSumBAna,SumB,,perf,atma,,śuśumbhāna,śumbh
SuSumBvas,SumB,,perf,para,,śuśumbhvas,śumbh
SuSuSrUzARa,Sru,,perf,atma,desid,śuśuśrūṣāṇa,śru
SuSuSrUzvas,Sru,,perf,para,desid,śuśuśrūṣvas,śru
SuSuzARa,Suz,,perf,atma,,śuśuṣāṇa,śuṣ
SuSuzvas,Suz,,perf,para,,śuśuṣvas,śuṣ
SuSUvas,SU,,perf,para,,śuśūvas,śū
SuSruvas,Sru,,perf,para,,śuśruvas,śru
SuSrUzaRIya,Sru,,fut,pass,desid,śuśrūṣaṇīya,śru
SuSrUzat,Sru,,pres,para,desid,śuśrūṣat,śru
SuSrUzamAna,Sru,,pres,atma,desid,śuśrūṣamāna,śru
SuSrUzitavat,Sru,,past,active,desid,śuśrūṣitavat,śru
SuSrUzita,Sru,,past,pass,desid,śuśrūṣita,śru
SuSrvARa,Sru,,perf,atma,,śuśrvāṇa,śru
SuSvAna,SU,,perf,atma,,śuśvāna,śū
Suzkavat,Suz,,past,active,,śuṣkavat,śuṣ
Suzka,Suz,,past,pass,,śuṣka,śuṣ
Suzyat,Suz,1,pres,para,,śuṣyat,śuṣ
SuzyamAna,Suz,1,pres,atma,,śuṣyamāna,śuṣ
SuzyamAna,Suz,,pres,pass,,śuṣyamāna,śuṣ
SUnavat,SU,,past,active,,śūnavat,śū
SUna,SU,,past,pass,,śūna,śū
SUyamAna,SU,,pres,pass,,śūyamāna,śū
SfRat,SF,9,pres,para,,śṛṇat,śṝ
SfRAna,SF,9,pres,atma,,śṛṇāna,śṝ
SfRvat,Sru,5,pres,para,,śṛṇvat,śru
SfRvAna,Sru,5,pres,atma,,śṛṇvāna,śru
SekAna,Sak,,perf,atma,,śekāna,śak
Sekivas,Sak,,perf,para,,śekivas,śak
SekNAna,SaNk,,perf,atma,,śekṅāna,śaṅk
SekNivas,SaNk,,perf,para,,śekṅivas,śaṅk
Sekzyat,Siz,,fut,para,,śekṣyat,śiṣ
SekzyamAna,Siz,,fut,atma,,śekṣyamāna,śiṣ
Setavya,SI,,fut,pass,,śetavya,śī
SedAna,Sad,,perf,atma,,śedāna,śad
Sedivas,Sad,,perf,para,,śedivas,śad
SedbAna,Sabd,,perf,atma,,śedbāna,śabd
Sedbivas,Sabd,,perf,para,,śedbivas,śabd
SepAna,Sap,,perf,atma,,śepāna,śap
Sepivas,Sap,,perf,para,,śepivas,śap
SeBalAna,SalaB,,perf,atma,,śebhalāna,śalabh
SeBalvas,SalaB,,perf,para,,śebhalvas,śalabh
SemAna,Sam#1,,perf,atma,,śemāna,śam#1
SemAna,Sam#2,,perf,atma,,śemāna,śam#2
Semivas,Sam#1,,perf,para,,śemivas,śam#1
Semivas,Sam#2,,perf,para,,śemivas,śam#2
Seya,SA,,fut,pass,,śeya,śā
Seya,SI,,fut,pass,,śeya,śī
SelanIya,SIl,,fut,pass,,śelanīya,śīl
SelAna,Sal,,perf,atma,,śelāna,śal
Selitavya,SIl,,fut,pass,,śelitavya,śīl
Selivas,Sal,,perf,para,,śelivas,śal
Selizyat,SIl,,fut,para,,śeliṣyat,śīl
SelizyamAna,SIl,,fut,atma,,śeliṣyamāna,śīl
SeSAna,SaS,,perf,atma,,śeśāna,śaś
SeSivas,SaS,,perf,para,,śeśivas,śaś
SezaRIya,Siz,,fut,pass,,śeṣaṇīya,śiṣ
SezaRIya,Siz,,fut,pass,caus,śeṣaṇīya,śiṣ
Sezayat,Siz,,pres,para,caus,śeṣayat,śiṣ
SezayamAna,Siz,,pres,atma,caus,śeṣayamāna,śiṣ
Sezayitavya,Siz,,fut,pass,caus,śeṣayitavya,śiṣ
Sezayizyat,Siz,,fut,para,caus,śeṣayiṣyat,śiṣ
SezayizyamAna,Siz,,fut,atma,,śeṣayiṣyamāna,śiṣ
SezayizyamAna,Siz,,fut,atma,caus,śeṣayiṣyamāna,śiṣ
Sezitavat,Siz,,past,active,caus,śeṣitavat,śiṣ
Sezita,Siz,,past,pass,caus,śeṣita,śiṣ
SezMARa,SaMs,,perf,atma,,śeṣṃāṇa,śaṃs
SezMivas,SaMs,,perf,para,,śeṣṃivas,śaṃs
Sezwavya,Siz,,fut,pass,,śeṣṭavya,śiṣ
SezyamAna,Siz,,pres,pass,caus,śeṣyamāna,śiṣ
SezyamAna,SI,,fut,atma,,śeṣyamāna,śī
Sezya,Siz,,fut,pass,,śeṣya,śiṣ
Sezya,Siz,,fut,pass,caus,śeṣya,śiṣ
SesAna,Sas,,perf,atma,,śesāna,śas
Sesivas,Sas,,perf,para,,śesivas,śas
Soktavya,Suc,,fut,pass,,śoktavya,śuc
Sokzyat,Suz,,fut,para,,śokṣyat,śuṣ
SokzyamAna,Suz,,fut,atma,,śokṣyamāna,śuṣ
Socat,Suc,1,pres,para,,śocat,śuc
SocanIya,Suc,,fut,pass,,śocanīya,śuc
SocanIya,Suc,,fut,pass,caus,śocanīya,śuc
SocamAna,Suc,1,pres,atma,,śocamāna,śuc
Socayat,Suc,,pres,para,caus,śocayat,śuc
SocayamAna,Suc,,pres,atma,caus,śocayamāna,śuc
Socayitavya,Suc,,fut,pass,caus,śocayitavya,śuc
Socayizyat,Suc,,fut,para,caus,śocayiṣyat,śuc
SocayizyamAna,Suc,,fut,atma,,śocayiṣyamāna,śuc
SocayizyamAna,Suc,,fut,atma,caus,śocayiṣyamāna,śuc
Socitavat,Suc,,past,active,caus,śocitavat,śuc
Socitavya,Suc,,fut,pass,,śocitavya,śuc
Socita,Suc,,past,pass,caus,śocita,śuc
Socizyat,Suc,,fut,para,,śociṣyat,śuc
SocizyamAna,Suc,,fut,atma,,śociṣyamāna,śuc
SocyamAna,Suc,,pres,pass,caus,śocyamāna,śuc
Socya,Suc,,fut,pass,,śocya,śuc
Socya,Suc,,fut,pass,caus,śocya,śuc
Sotsyat,SuD,,fut,para,,śotsyat,śudh
SotsyamAna,SuD,,fut,atma,,śotsyamāna,śudh
SodDavya,SuD,,fut,pass,,śoddhavya,śudh
SoDanIya,SuD,,fut,pass,,śodhanīya,śudh
SoDanIya,SuD,,fut,pass,caus,śodhanīya,śudh
SoDayat,SuD,,pres,para,caus,śodhayat,śudh
SoDayamAna,SuD,,pres,atma,caus,śodhayamāna,śudh
SoDayitavya,SuD,,fut,pass,caus,śodhayitavya,śudh
SoDayizyat,SuD,,fut,para,caus,śodhayiṣyat,śudh
SoDayizyamAna,SuD,,fut,atma,,śodhayiṣyamāna,śudh
SoDayizyamAna,SuD,,fut,atma,caus,śodhayiṣyamāna,śudh
SoDitavat,SuD,,past,active,caus,śodhitavat,śudh
SoDita,SuD,,past,pass,caus,śodhita,śudh
SoDyamAna,SuD,,pres,pass,caus,śodhyamāna,śudh
SoDya,SuD,,fut,pass,,śodhya,śudh
SoDya,SuD,,fut,pass,caus,śodhya,śudh
Sopsyat,SuB#1,,fut,para,,śopsyat,śubh#1
SopsyamAna,SuB#1,,fut,atma,,śopsyamāna,śubh#1
SobDavya,SuB#1,,fut,pass,,śobdhavya,śubh#1
SoBat,SuB#1,1,pres,para,,śobhat,śubh#1
SoBanIya,SuB#1,,fut,pass,,śobhanīya,śubh#1
SoBanIya,SuB#1,,fut,pass,caus,śobhanīya,śubh#1
SoBamAna,SuB#1,1,pres,atma,,śobhamāna,śubh#1
SoBayat,SuB#1,,pres,para,caus,śobhayat,śubh#1
SoBayamAna,SuB#1,,pres,atma,caus,śobhayamāna,śubh#1
SoBayitavya,SuB#1,,fut,pass,caus,śobhayitavya,śubh#1
SoBayizyat,SuB#1,,fut,para,caus,śobhayiṣyat,śubh#1
SoBayizyamAna,SuB#1,,fut,atma,,śobhayiṣyamāna,śubh#1
SoBayizyamAna,SuB#1,,fut,atma,caus,śobhayiṣyamāna,śubh#1
SoBitavat,SuB#1,,past,active,caus,śobhitavat,śubh#1
SoBita,SuB#1,,past,pass,caus,śobhita,śubh#1
SoByamAna,SuB#1,,pres,pass,caus,śobhyamāna,śubh#1
SoBya,SuB#1,,fut,pass,,śobhya,śubh#1
SoBya,SuB#1,,fut,pass,caus,śobhya,śubh#1
Sompsyat,SumB,,fut,para,,śompsyat,śumbh
SompsyamAna,SumB,,fut,atma,,śompsyamāna,śumbh
SombDavya,SumB,,fut,pass,,śombdhavya,śumbh
SomBanIya,SumB,,fut,pass,,śombhanīya,śumbh
SomBya,SumB,,fut,pass,,śombhya,śumbh
Soya,SU,,fut,pass,,śoya,śū
SozaRIya,Suz,,fut,pass,,śoṣaṇīya,śuṣ
SozaRIya,Suz,,fut,pass,caus,śoṣaṇīya,śuṣ
Sozayat,Suz,,pres,para,caus,śoṣayat,śuṣ
SozayamAna,Suz,,pres,atma,caus,śoṣayamāna,śuṣ
Sozayitavya,Suz,,fut,pass,caus,śoṣayitavya,śuṣ
Sozayizyat,Suz,,fut,para,caus,śoṣayiṣyat,śuṣ
SozayizyamAna,Suz,,fut,atma,,śoṣayiṣyamāna,śuṣ
SozayizyamAna,Suz,,fut,atma,caus,śoṣayiṣyamāna,śuṣ
Sozitavat,Suz,,past,active,caus,śoṣitavat,śuṣ
Sozita,Suz,,past,pass,caus,śoṣita,śuṣ
Sozwavya,Suz,,fut,pass,,śoṣṭavya,śuṣ
SozyamAna,Suz,,pres,pass,caus,śoṣyamāna,śuṣ
Sozya,Suz,,fut,pass,,śoṣya,śuṣ
Sozya,Suz,,fut,pass,caus,śoṣya,śuṣ
Syat,SA,4,pres,para,,śyat,śā
SyamAna,SA,4,pres,atma,,śyamāna,śā
SyAtavya,SyA,,fut,pass,,śyātavya,śyā
SyAnIya,SyA,,fut,pass,,śyānīya,śyā
SyAyat,SyA,1,pres,para,,śyāyat,śyā
SyAyamAna,SyA,1,pres,atma,,śyāyamāna,śyā
SyAsyat,SyA,,fut,para,,śyāsyat,śyā
SyAsyamAna,SyA,,fut,atma,,śyāsyamāna,śyā
Syeya,SyA,,fut,pass,,śyeya,śyā
SraMsyat,Sram,,fut,para,,śraṃsyat,śram
SraMsyamAna,Sram,,fut,atma,,śraṃsyamāna,śram
Srantavya,Sram,,fut,pass,,śrantavya,śram
SrabDavat,SramB,,past,active,,śrabdhavat,śrambh
SrabDa,SramB,,past,pass,,śrabdha,śrambh
SramaRIya,Sram,,fut,pass,,śramaṇīya,śram
Srampsyat,SramB,,fut,para,,śrampsyat,śrambh
SrampsyamAna,SramB,,fut,atma,,śrampsyamāna,śrambh
SramBat,SramB,1,pres,para,,śrambhat,śrambh
SramBamAna,SramB,1,pres,atma,,śrambhamāna,śrambh
SramBitavat,SramB,,past,active,,śrambhitavat,śrambh
SramBita,SramB,,past,pass,,śrambhita,śrambh
SramyamAna,Sram,,pres,pass,,śramyamāna,śram
Sramya,Sram,,fut,pass,,śramya,śram
SrayaRIya,Sri,,fut,pass,,śrayaṇīya,śri
Srayat,Sri,1,pres,para,,śrayat,śri
SrayamAna,Sri,1,pres,atma,,śrayamāna,śri
Srayitavya,Sri,,fut,pass,,śrayitavya,śri
Srayizyat,Sri,,fut,para,,śrayiṣyat,śri
SrayizyamAna,Sri,,fut,atma,,śrayiṣyamāna,śri
SravaRIya,Sru,,fut,pass,,śravaṇīya,śru
SrAntavat,Sram,,past,active,,śrāntavat,śram
SrAnta,Sram,,past,pass,,śrānta,śram
SrAmaRIya,Sram,,fut,pass,caus,śrāmaṇīya,śram
SrAmayat,Sram,,pres,para,caus,śrāmayat,śram
SrAmayamAna,Sram,,pres,atma,caus,śrāmayamāna,śram
SrAmayitavya,Sram,,fut,pass,caus,śrāmayitavya,śram
SrAmayizyat,Sram,,fut,para,caus,śrāmayiṣyat,śram
SrAmayizyamAna,Sram,,fut,atma,,śrāmayiṣyamāna,śram
SrAmayizyamAna,Sram,,fut,atma,caus,śrāmayiṣyamāna,śram
SrAmitavat,Sram,,past,active,caus,śrāmitavat,śram
SrAmita,Sram,,past,pass,caus,śrāmita,śram
SrAmyat,Sram,4,pres,para,,śrāmyat,śram
SrAmyamAna,Sram,4,pres,atma,,śrāmyamāna,śram
SrAmyamAna,Sram,,pres,pass,caus,śrāmyamāna,śram
SrAmya,Sram,,fut,pass,caus,śrāmya,śram
SrAvaRIya,Sru,,fut,pass,caus,śrāvaṇīya,śru
SrAvayat,Sru,,pres,para,caus,śrāvayat,śru
SrAvayamAna,Sru,,pres,atma,caus,śrāvayamāna,śru
SrAvayitavya,Sru,,fut,pass,caus,śrāvayitavya,śru
SrAvayizyat,Sru,,fut,para,caus,śrāvayiṣyat,śru
SrAvayizyamAna,Sru,,fut,atma,,śrāvayiṣyamāna,śru
SrAvayizyamAna,Sru,,fut,atma,caus,śrāvayiṣyamāna,śru
SrAvitavat,Sru,,past,active,caus,śrāvitavat,śru
SrAvita,Sru,,past,pass,caus,śrāvita,śru
SrAvyamAna,Sru,,pres,pass,caus,śrāvyamāna,śru
SrAvya,Sru,,fut,pass,caus,śrāvya,śru
Sritavat,Sri,,past,active,,śritavat,śri
Srita,Sri,,past,pass,,śrita,śri
SrIyamAna,Sri,,pres,pass,,śrīyamāna,śri
Srutavat,Sru,,past,active,,śrutavat,śru
Sruta,Sru,,past,pass,,śruta,śru
SrUyamAna,Sru,,pres,pass,,śrūyamāna,śru
Sreya,Sri,,fut,pass,,śreya,śri
Srotavya,Sru,,fut,pass,,śrotavya,śru
Sroya,Sru,,fut,pass,,śroya,śru
Srozyat,Sru,,fut,para,,śroṣyat,śru
SrozyamAna,Sru,,fut,atma,,śroṣyamāna,śru
SlAkzyat,SlAG,,fut,para,,ślākṣyat,ślāgh
SlAkzyamAna,SlAG,,fut,atma,,ślākṣyamāna,ślāgh
SlAgDavya,SlAG,,fut,pass,,ślāgdhavya,ślāgh
SlAGat,SlAG,1,pres,para,,ślāghat,ślāgh
SlAGanIya,SlAG,,fut,pass,,ślāghanīya,ślāgh
SlAGamAna,SlAG,1,pres,atma,,ślāghamāna,ślāgh
SlAGitavat,SlAG,,past,active,,ślāghitavat,ślāgh
SlAGita,SlAG,,past,pass,,ślāghita,ślāgh
SlAGyamAna,SlAG,,pres,pass,,ślāghyamāna,ślāgh
SlAGya,SlAG,,fut,pass,,ślāghya,ślāgh
Slizwavat,Sliz,,past,active,,śliṣṭavat,śliṣ
Slizwa,Sliz,,past,pass,,śliṣṭa,śliṣ
Slizyat,Sliz,4,pres,para,,śliṣyat,śliṣ
SlizyamAna,Sliz,4,pres,atma,,śliṣyamāna,śliṣ
SlizyamAna,Sliz,,pres,pass,,śliṣyamāna,śliṣ
Slekzyat,Sliz,,fut,para,,ślekṣyat,śliṣ
SlekzyamAna,Sliz,,fut,atma,,ślekṣyamāna,śliṣ
SlezaRIya,Sliz,,fut,pass,,śleṣaṇīya,śliṣ
SlezaRIya,Sliz,,fut,pass,caus,śleṣaṇīya,śliṣ
Slezayat,Sliz,,pres,para,caus,śleṣayat,śliṣ
SlezayamAna,Sliz,,pres,atma,caus,śleṣayamāna,śliṣ
Slezayitavya,Sliz,,fut,pass,caus,śleṣayitavya,śliṣ
Slezayizyat,Sliz,,fut,para,caus,śleṣayiṣyat,śliṣ
SlezayizyamAna,Sliz,,fut,atma,,śleṣayiṣyamāna,śliṣ
SlezayizyamAna,Sliz,,fut,atma,caus,śleṣayiṣyamāna,śliṣ
Slezitavat,Sliz,,past,active,caus,śleṣitavat,śliṣ
Slezita,Sliz,,past,pass,caus,śleṣita,śliṣ
Slezwavya,Sliz,,fut,pass,,śleṣṭavya,śliṣ
SlezyamAna,Sliz,,pres,pass,caus,śleṣyamāna,śliṣ
Slezya,Sliz,,fut,pass,,śleṣya,śliṣ
Slezya,Sliz,,fut,pass,caus,śleṣya,śliṣ
SvaHsyat,Svas#1,,fut,para,,śvaḥsyat,śvas#1
SvaHsyamAna,Svas#1,,fut,atma,,śvaḥsyamāna,śvas#1
Svayat,SU,1,pres,para,,śvayat,śū
SvayamAna,SU,1,pres,atma,,śvayamāna,śū
Svasat,Svas#1,2,pres,para,,śvasat,śvas#1
SvasanIya,Svas#1,,fut,pass,,śvasanīya,śvas#1
SvasAna,Svas#1,2,pres,atma,,śvasāna,śvas#1
Svasitavat,Svas#1,,past,active,,śvasitavat,śvas#1
Svasita,Svas#1,,past,pass,,śvasita,śvas#1
Svastavya,Svas#1,,fut,pass,,śvastavya,śvas#1
SvasyamAna,Svas#1,,pres,pass,,śvasyamāna,śvas#1
Svasya,Svas#1,,fut,pass,,śvasya,śvas#1
Svittavat,Svit,,past,active,,śvittavat,śvit
Svitta,Svit,,past,pass,,śvitta,śvit
SvityamAna,Svit,,pres,pass,,śvityamāna,śvit
Svetat,Svit,1,pres,para,,śvetat,śvit
SvetanIya,Svit,,fut,pass,,śvetanīya,śvit
SvetamAna,Svit,1,pres,atma,,śvetamāna,śvit
Svettavya,Svit,,fut,pass,,śvettavya,śvit
Svetya,Svit,,fut,pass,,śvetya,śvit
Svetsyat,Svit,,fut,para,,śvetsyat,śvit
SvetsyamAna,Svit,,fut,atma,,śvetsyamāna,śvit
zaRQanIya,zaRQ,,fut,pass,,ṣaṇḍhanīya,ṣaṇḍh
zaRQayat,zaRQ,10,pres,para,,ṣaṇḍhayat,ṣaṇḍh
zaRQayamAna,zaRQ,10,pres,atma,,ṣaṇḍhayamāna,ṣaṇḍh
zaRQayitavya,zaRQ,,fut,pass,,ṣaṇḍhayitavya,ṣaṇḍh
zaRQayizyat,zaRQ,,fut,para,,ṣaṇḍhayiṣyat,ṣaṇḍh
zaRQayizyamAna,zaRQ,,fut,atma,,ṣaṇḍhayiṣyamāna,ṣaṇḍh
zaRQitavat,zaRQ,,past,active,,ṣaṇḍhitavat,ṣaṇḍh
zaRQita,zaRQ,,past,pass,,ṣaṇḍhita,ṣaṇḍh
zaRQyamAna,zaRQ,,pres,pass,,ṣaṇḍhyamāna,ṣaṇḍh
zaRQya,zaRQ,,fut,pass,,ṣaṇḍhya,ṣaṇḍh
zeQRAna,zaRQ,,perf,atma,,ṣeḍhṇāna,ṣaṇḍh
zeQRivas,zaRQ,,perf,para,,ṣeḍhṇivas,ṣaṇḍh
zWIvat,zWIv,1,pres,para,,ṣṭhīvat,ṣṭhīv
zWIvamAna,zWIv,1,pres,atma,,ṣṭhīvamāna,ṣṭhīv
zWIvitavat,zWIv,,past,active,,ṣṭhīvitavat,ṣṭhīv
zWIvita,zWIv,,past,pass,,ṣṭhīvita,ṣṭhīv
zWIvyamAna,zWIv,,pres,pass,,ṣṭhīvyamāna,ṣṭhīv
zWIvya,zWIv,,fut,pass,,ṣṭhīvya,ṣṭhīv
zWevanIya,zWIv,,fut,pass,,ṣṭhevanīya,ṣṭhīv
zWevitavya,zWIv,,fut,pass,,ṣṭhevitavya,ṣṭhīv
zWevizyat,zWIv,,fut,para,,ṣṭheviṣyat,ṣṭhīv
zWevizyamAna,zWIv,,fut,atma,,ṣṭheviṣyamāna,ṣṭhīv
saktavat,sac,,past,active,,saktavat,sac
saktavat,saYj,,past,active,,saktavat,sañj
saktavya,sac,,fut,pass,,saktavya,sac
saktavya,saYj,,fut,pass,,saktavya,sañj
sakta,sac,,past,pass,,sakta,sac
sakta,saYj,,past,pass,,sakta,sañj
sakzyat,sah#1,,fut,para,,sakṣyat,sah#1
sakzyamAna,sac,,fut,atma,,sakṣyamāna,sac
sakzyamAna,sah#1,,fut,atma,,sakṣyamāna,sah#1
saKayanIya,saKI,,fut,pass,,sakhayanīya,sakhī
saKAyayizyat,saKI,,fut,para,,sakhāyayiṣyat,sakhī
saKAyayizyamAna,saKI,,fut,atma,,sakhāyayiṣyamāna,sakhī
saKItavat,saKI,,past,active,,sakhītavat,sakhī
saKIta,saKI,,past,pass,,sakhīta,sakhī
saKIyat,saKI,10,pres,para,,sakhīyat,sakhī
saKIyamAna,saKI,10,pres,atma,,sakhīyamāna,sakhī
saKIyitavya,saKI,,fut,pass,,sakhīyitavya,sakhī
saKeya,saKI,,fut,pass,,sakheya,sakhī
saKEyamAna,saKI,,pres,pass,,sakhaiyamāna,sakhī
saNkzyat,saYj,,fut,para,,saṅkṣyat,sañj
saNkzyamAna,saYj,,fut,atma,,saṅkṣyamāna,sañj
sacanIya,sac,,fut,pass,,sacanīya,sac
sacamAna,sac,1,pres,atma,,sacamāna,sac
sacyamAna,sac,,pres,pass,,sacyamāna,sac
sacya,sac,,fut,pass,,sacya,sac
sajat,saYj,1,pres,para,,sajat,sañj
sajamAna,saYj,1,pres,atma,,sajamāna,sañj
sajjanIya,saYj,,fut,pass,caus,sajjanīya,sañj
sajjayat,saYj,,pres,para,caus,sajjayat,sañj
sajjayamAna,saYj,,pres,atma,caus,sajjayamāna,sañj
sajjayitavya,saYj,,fut,pass,caus,sajjayitavya,sañj
sajjayizyat,saYj,,fut,para,caus,sajjayiṣyat,sañj
sajjayizyamAna,saYj,,fut,atma,,sajjayiṣyamāna,sañj
sajjayizyamAna,saYj,,fut,atma,caus,sajjayiṣyamāna,sañj
sajjitavat,saYj,,past,active,caus,sajjitavat,sañj
sajjita,saYj,,past,pass,caus,sajjita,sañj
sajjyamAna,saYj,,pres,pass,caus,sajjyamāna,sañj
sajjya,saYj,,fut,pass,caus,sajjya,sañj
sajyamAna,saYj,,pres,pass,,sajyamāna,sañj
saYjanIya,saYj,,fut,pass,,sañjanīya,sañj
saYjya,saYj,,fut,pass,,sañjya,sañj
sattavya,sad#1,,fut,pass,,sattavya,sad#1
satsyat,sad#1,,fut,para,,satsyat,sad#1
satsyamAna,sad#1,,fut,atma,,satsyamāna,sad#1
sadanIya,sad#1,,fut,pass,,sadanīya,sad#1
sadyamAna,sad#1,,pres,pass,,sadyamāna,sad#1
sadya,sad#1,,fut,pass,,sadya,sad#1
sat,as#1,2,pres,para,,sat,as#1
sannavat,sad#1,,past,active,,sannavat,sad#1
sanna,sad#1,,past,pass,,sanna,sad#1
sapat,sap#1,1,pres,para,,sapat,sap#1
sapanIya,sap#1,,fut,pass,,sapanīya,sap#1
sapamAna,sap#1,1,pres,atma,,sapamāna,sap#1
sapiRqayat,sapiRq,10,pres,para,,sapiṇḍayat,sapiṇḍ
sapiRqayamAna,sapiRq,10,pres,atma,,sapiṇḍayamāna,sapiṇḍ
sapiRqayitavya,sapiRq,,fut,pass,,sapiṇḍayitavya,sapiṇḍ
sapiRqayizyat,sapiRq,,fut,para,,sapiṇḍayiṣyat,sapiṇḍ
sapiRqayizyamAna,sapiRq,,fut,atma,,sapiṇḍayiṣyamāna,sapiṇḍ
sapiRqitavat,sapiRq,,past,active,,sapiṇḍitavat,sapiṇḍ
sapiRqita,sapiRq,,past,pass,,sapiṇḍita,sapiṇḍ
sapiRqyamAna,sapiRq,,pres,pass,,sapiṇḍyamāna,sapiṇḍ
sapeRqanIya,sapiRq,,fut,pass,,sapeṇḍanīya,sapiṇḍ
sapeRqya,sapiRq,,fut,pass,,sapeṇḍya,sapiṇḍ
saptavat,sap#1,,past,active,,saptavat,sap#1
saptavya,sap#1,,fut,pass,,saptavya,sap#1
sapta,sap#1,,past,pass,,sapta,sap#1
sapyamAna,sap#1,,pres,pass,,sapyamāna,sap#1
sapya,sap#1,,fut,pass,,sapya,sap#1
sapsyat,sap#1,,fut,para,,sapsyat,sap#1
sapsyamAna,sap#1,,fut,atma,,sapsyamāna,sap#1
saBAktavat,saBAj,,past,active,,sabhāktavat,sabhāj
saBAkta,saBAj,,past,pass,,sabhākta,sabhāj
saBAjanIya,saBAj,,fut,pass,,sabhājanīya,sabhāj
saBAjayat,saBAj,10,pres,para,,sabhājayat,sabhāj
saBAjayamAna,saBAj,10,pres,atma,,sabhājayamāna,sabhāj
saBAjayitavya,saBAj,,fut,pass,,sabhājayitavya,sabhāj
saBAjayizyat,saBAj,,fut,para,,sabhājayiṣyat,sabhāj
saBAjayizyamAna,saBAj,,fut,atma,,sabhājayiṣyamāna,sabhāj
saBAjyamAna,saBAj,,pres,pass,,sabhājyamāna,sabhāj
saBAjya,saBAj,,fut,pass,,sabhājya,sabhāj
sayIKAna,saKI,,perf,atma,,sayīkhāna,sakhī
sayIKvas,saKI,,perf,para,,sayīkhvas,sakhī
saraRIya,sf,,fut,pass,,saraṇīya,sṛ
sarat,sf,1,pres,para,,sarat,sṛ
saramAna,sf,1,pres,atma,,saramāna,sṛ
sarizyat,sf,,fut,para,,sariṣyat,sṛ
sarizyamAna,sf,,fut,atma,,sariṣyamāna,sṛ
sarkzyat,sfj#1,,fut,para,,sarkṣyat,sṛj#1
sarkzyamAna,sfj#1,,fut,atma,,sarkṣyamāna,sṛj#1
sarjanIya,sfj#1,,fut,pass,,sarjanīya,sṛj#1
sarjanIya,sfj#1,,fut,pass,caus,sarjanīya,sṛj#1
sarjayat,sfj#1,,pres,para,caus,sarjayat,sṛj#1
sarjayamAna,sfj#1,,pres,atma,caus,sarjayamāna,sṛj#1
sarjayitavya,sfj#1,,fut,pass,caus,sarjayitavya,sṛj#1
sarjayizyat,sfj#1,,fut,para,caus,sarjayiṣyat,sṛj#1
sarjayizyamAna,sfj#1,,fut,atma,,sarjayiṣyamāna,sṛj#1
sarjayizyamAna,sfj#1,,fut,atma,caus,sarjayiṣyamāna,sṛj#1
sarjitavat,sfj#1,,past,active,caus,sarjitavat,sṛj#1
sarjita,sfj#1,,past,pass,caus,sarjita,sṛj#1
sarjyamAna,sfj#1,,pres,pass,caus,sarjyamāna,sṛj#1
sarjya,sfj#1,,fut,pass,caus,sarjya,sṛj#1
sartavya,sf,,fut,pass,,sartavya,sṛ
sarpaRIya,sfp,,fut,pass,,sarpaṇīya,sṛp
sarpaRIya,sfp,,fut,pass,caus,sarpaṇīya,sṛp
sarpat,sfp,1,pres,para,,sarpat,sṛp
sarpamAna,sfp,1,pres,atma,,sarpamāna,sṛp
sarpayat,sfp,,pres,para,caus,sarpayat,sṛp
sarpayamAna,sfp,,pres,atma,caus,sarpayamāna,sṛp
sarpayitavya,sfp,,fut,pass,caus,sarpayitavya,sṛp
sarpayizyat,sfp,,fut,para,caus,sarpayiṣyat,sṛp
sarpayizyamAna,sfp,,fut,atma,,sarpayiṣyamāna,sṛp
sarpayizyamAna,sfp,,fut,atma,caus,sarpayiṣyamāna,sṛp
sarpitavat,sfp,,past,active,caus,sarpitavat,sṛp
sarpita,sfp,,past,pass,caus,sarpita,sṛp
sarptavya,sfp,,fut,pass,,sarptavya,sṛp
sarpyamAna,sfp,,pres,pass,caus,sarpyamāna,sṛp
sarpya,sfp,,fut,pass,caus,sarpya,sṛp
sarpsyat,sfp,,fut,para,,sarpsyat,sṛp
sarpsyamAna,sfp,,fut,atma,,sarpsyamāna,sṛp
sarzwavya,sfj#1,,fut,pass,,sarṣṭavya,sṛj#1
savat,sU#1,1,pres,para,,savat,sū#1
savanIya,su#2,,fut,pass,,savanīya,su#2
savanIya,sU#1,,fut,pass,,savanīya,sū#1
savamAna,sU#1,1,pres,atma,,savamāna,sū#1
savitavya,su#2,,fut,pass,,savitavya,su#2
savitavya,sU#1,,fut,pass,,savitavya,sū#1
savizyat,su#2,,fut,para,,saviṣyat,su#2
savizyat,sU#1,,fut,para,,saviṣyat,sū#1
savizyamAna,su#2,,fut,atma,,saviṣyamāna,su#2
savizyamAna,sU#1,,fut,atma,,saviṣyamāna,sū#1
sasAna,sA#1,,perf,atma,,sasāna,sā#1
sasAntvAna,sAntv,,perf,atma,,sasāntvāna,sāntv
sasAntvvas,sAntv,,perf,para,,sasāntvvas,sāntv
sasivas,sA#1,,perf,para,,sasivas,sā#1
sasfjAna,sfj#1,,perf,atma,,sasṛjāna,sṛj#1
sasfjvas,sfj#1,,perf,para,,sasṛjvas,sṛj#1
sasfpARa,sfp,,perf,atma,,sasṛpāṇa,sṛp
sasfpvas,sfp,,perf,para,,sasṛpvas,sṛp
sasfvas,sf,,perf,para,,sasṛvas,sṛ
sasnAna,snA,,perf,atma,,sasnāna,snā
sasnivas,snA,,perf,para,,sasnivas,snā
sasmarARa,smf,,perf,atma,,sasmarāṇa,smṛ
sasmarvas,smf,,perf,para,,sasmarvas,smṛ
sasraMsAna,sraMs,,perf,atma,,sasraṃsāna,sraṃs
sasraMsvas,sraMs,,perf,para,,sasraṃsvas,sraṃs
sasrARa,sf,,perf,atma,,sasrāṇa,sṛ
sasvajAna,svaYj,,perf,atma,,sasvajāna,svañj
sasvajvas,svaYj,,perf,para,,sasvajvas,svañj
sasvadAna,svad,,perf,atma,,sasvadāna,svad
sasvadvas,svad,,perf,para,,sasvadvas,svad
sasvanAna,svan,,perf,atma,,sasvanāna,svan
sasvanvas,svan,,perf,para,,sasvanvas,svan
sasvarARa,svar#1,,perf,atma,,sasvarāṇa,svar#1
sasvarARa,svar#2,,perf,atma,,sasvarāṇa,svar#2
sasvarvas,svar#1,,perf,para,,sasvarvas,svar#1
sasvarvas,svar#2,,perf,para,,sasvarvas,svar#2
sahat,sah#1,1,pres,para,,sahat,sah#1
sahanIya,sah#1,,fut,pass,,sahanīya,sah#1
sahamAna,sah#1,1,pres,atma,,sahamāna,sah#1
sahitavya,sah#1,,fut,pass,,sahitavya,sah#1
sahizyat,sah#1,,fut,para,,sahiṣyat,sah#1
sahizyamAna,sah#1,,fut,atma,,sahiṣyamāna,sah#1
sahyamAna,sah#1,,pres,pass,,sahyamāna,sah#1
sahya,sah#1,,fut,pass,,sahya,sah#1
sAQavat,sah#1,,past,active,,sāḍhavat,sah#1
sAQa,sah#1,,past,pass,,sāḍha,sah#1
sAtavya,sA#1,,fut,pass,,sātavya,sā#1
sAdanIya,sad#1,,fut,pass,caus,sādanīya,sad#1
sAdayat,sad#1,,pres,para,caus,sādayat,sad#1
sAdayamAna,sad#1,,pres,atma,caus,sādayamāna,sad#1
sAdayitavya,sad#1,,fut,pass,caus,sādayitavya,sad#1
sAdayizyat,sad#1,,fut,para,caus,sādayiṣyat,sad#1
sAdayizyamAna,sad#1,,fut,atma,,sādayiṣyamāna,sad#1
sAdayizyamAna,sad#1,,fut,atma,caus,sādayiṣyamāna,sad#1
sAditavat,sad#1,,past,active,caus,sāditavat,sad#1
sAdita,sad#1,,past,pass,caus,sādita,sad#1
sAdyamAna,sad#1,,pres,pass,caus,sādyamāna,sad#1
sAdya,sad#1,,fut,pass,caus,sādya,sad#1
sADanIya,siD#1,,fut,pass,caus,sādhanīya,sidh#1
sADayat,siD#1,,pres,para,caus,sādhayat,sidh#1
sADayamAna,siD#1,,pres,atma,caus,sādhayamāna,sidh#1
sADayitavya,siD#1,,fut,pass,caus,sādhayitavya,sidh#1
sADayizyat,siD#1,,fut,para,caus,sādhayiṣyat,sidh#1
sADayizyamAna,siD#1,,fut,atma,,sādhayiṣyamāna,sidh#1
sADayizyamAna,siD#1,,fut,atma,caus,sādhayiṣyamāna,sidh#1
sADitavat,siD#1,,past,active,caus,sādhitavat,sidh#1
sADita,siD#1,,past,pass,caus,sādhita,sidh#1
sADyamAna,siD#1,,pres,pass,caus,sādhyamāna,sidh#1
sADya,siD#1,,fut,pass,caus,sādhya,sidh#1
sAnIya,sA#1,,fut,pass,,sānīya,sā#1
sAntvanIya,sAntv,,fut,pass,,sāntvanīya,sāntv
sAntvayat,sAntv,10,pres,para,,sāntvayat,sāntv
sAntvayamAna,sAntv,10,pres,atma,,sāntvayamāna,sāntv
sAntvayitavya,sAntv,,fut,pass,,sāntvayitavya,sāntv
sAntvayizyat,sAntv,,fut,para,,sāntvayiṣyat,sāntv
sAntvayizyamAna,sAntv,,fut,atma,,sāntvayiṣyamāna,sāntv
sAntvitavat,sAntv,,past,active,,sāntvitavat,sāntv
sAntvita,sAntv,,past,pass,,sāntvita,sāntv
sAntvyamAna,sAntv,,pres,pass,,sāntvyamāna,sāntv
sAntvya,sAntv,,fut,pass,,sāntvya,sāntv
sApanIya,sap#1,,fut,pass,caus,sāpanīya,sap#1
sApayat,sap#1,,pres,para,caus,sāpayat,sap#1
sApayamAna,sap#1,,pres,atma,caus,sāpayamāna,sap#1
sApayitavya,sap#1,,fut,pass,caus,sāpayitavya,sap#1
sApayizyat,sap#1,,fut,para,caus,sāpayiṣyat,sap#1
sApayizyamAna,sap#1,,fut,atma,,sāpayiṣyamāna,sap#1
sApayizyamAna,sap#1,,fut,atma,caus,sāpayiṣyamāna,sap#1
sApitavat,sap#1,,past,active,caus,sāpitavat,sap#1
sApita,sap#1,,past,pass,caus,sāpita,sap#1
sApyamAna,sap#1,,pres,pass,caus,sāpyamāna,sap#1
sApya,sap#1,,fut,pass,caus,sāpya,sap#1
sAya,sA#1,,fut,pass,,sāya,sā#1
sAraRIya,sf,,fut,pass,caus,sāraṇīya,sṛ
sArayat,sf,,pres,para,caus,sārayat,sṛ
sArayamAna,sf,,pres,atma,caus,sārayamāna,sṛ
sArayitavya,sf,,fut,pass,caus,sārayitavya,sṛ
sArayizyat,sf,,fut,para,caus,sārayiṣyat,sṛ
sArayizyamAna,sf,,fut,atma,,sārayiṣyamāna,sṛ
sArayizyamAna,sf,,fut,atma,caus,sārayiṣyamāna,sṛ
sAritavat,sf,,past,active,caus,sāritavat,sṛ
sArita,sf,,past,pass,caus,sārita,sṛ
sAryamAna,sf,,pres,pass,caus,sāryamāna,sṛ
sArya,sf,,fut,pass,,sārya,sṛ
sArya,sf,,fut,pass,caus,sārya,sṛ
sAsadyamAna,sad#1,,pres,atma,intens,sāsadyamāna,sad#1
sAsyat,sA#1,,fut,para,,sāsyat,sā#1
sAsyamAna,sA#1,,fut,atma,,sāsyamāna,sā#1
siktavat,sic,,past,active,,siktavat,sic
sikta,sic,,past,pass,,sikta,sic
sicyamAna,sic,,pres,pass,,sicyamāna,sic
siYcat,sic,6,pres,para,,siñcat,sic
siYcamAna,sic,6,pres,atma,,siñcamāna,sic
sitavat,sA#1,,past,active,,sitavat,sā#1
sita,sA#1,,past,pass,,sita,sā#1
sidDavat,siD#1,,past,active,,siddhavat,sidh#1
sidDavat,siD#2,,past,active,,siddhavat,sidh#2
sidDa,siD#1,,past,pass,,siddha,sidh#1
sidDa,siD#2,,past,pass,,siddha,sidh#2
siDyat,siD#1,4,pres,para,,sidhyat,sidh#1
siDyamAna,siD#1,4,pres,atma,,sidhyamāna,sidh#1
siDyamAna,siD#1,,pres,pass,,sidhyamāna,sidh#1
siDyamAna,siD#2,,pres,pass,,sidhyamāna,sidh#2
sizicAna,sic,,perf,atma,,siṣicāna,sic
sizicvas,sic,,perf,para,,siṣicvas,sic
siziDAna,siD#1,,perf,atma,,siṣidhāna,sidh#1
siziDAna,siD#2,,perf,atma,,siṣidhāna,sidh#2
siziDvas,siD#1,,perf,para,,siṣidhvas,sidh#1
siziDvas,siD#2,,perf,para,,siṣidhvas,sidh#2
sizizfkzvas,sfj#1,,perf,para,desid,siṣiṣṛkṣvas,sṛj#1
sizIvARa,sIv,,perf,atma,,siṣīvāṇa,sīv
sizIvvas,sIv,,perf,para,,siṣīvvas,sīv
sizevARa,sev,,perf,atma,,siṣevāṇa,sev
sizevvas,sev,,perf,para,,siṣevvas,sev
sizRihAna,snih#1,,perf,atma,,siṣṇihāna,snih#1
sizRihvas,snih#1,,perf,para,,siṣṇihvas,snih#1
sizmivas,smi,,perf,para,,siṣmivas,smi
sizmyARa,smi,,perf,atma,,siṣmyāṇa,smi
sizyandAna,syand,,perf,atma,,siṣyandāna,syand
sizyandvas,syand,,perf,para,,siṣyandvas,syand
sizvidAna,svid#2,,perf,atma,,siṣvidāna,svid#2
sizvidvas,svid#2,,perf,para,,siṣvidvas,svid#2
sisfkzaRIya,sfj#1,,fut,pass,desid,sisṛkṣaṇīya,sṛj#1
sisfkzat,sfj#1,,pres,para,desid,sisṛkṣat,sṛj#1
sisfkzitavat,sfj#1,,past,active,desid,sisṛkṣitavat,sṛj#1
sisfkzita,sfj#1,,past,pass,desid,sisṛkṣita,sṛj#1
sisrat,sf,3,pres,para,,sisrat,sṛ
sisrARa,sf,3,pres,atma,,sisrāṇa,sṛ
sIdat,sad#1,1,pres,para,,sīdat,sad#1
sIdamAna,sad#1,1,pres,atma,,sīdamāna,sad#1
sIditavya,sad#1,,fut,pass,,sīditavya,sad#1
sIdizyat,sad#1,,fut,para,,sīdiṣyat,sad#1
sIdizyamAna,sad#1,,fut,atma,,sīdiṣyamāna,sad#1
sIyamAna,sA#1,,pres,pass,,sīyamāna,sā#1
sIvyat,sIv,4,pres,para,,sīvyat,sīv
sIvyamAna,sIv,4,pres,atma,,sīvyamāna,sīv
suKayizyat,suK,,fut,para,,sukhayiṣyat,sukh
suKayizyamAna,suK,,fut,atma,,sukhayiṣyamāna,sukh
suKAyat,suK,10,pres,para,,sukhāyat,sukh
suKAyamAna,suK,10,pres,atma,,sukhāyamāna,sukh
suKAyitavya,suK,,fut,pass,,sukhāyitavya,sukh
suKtavat,suK,,past,active,,sukhtavat,sukh
suKta,suK,,past,pass,,sukhta,sukh
suKyat,suK,4,pres,para,,sukhyat,sukh
suKyamAna,suK,4,pres,atma,,sukhyamāna,sukh
suKyamAna,suK,,pres,pass,,sukhyamāna,sukh
sutavat,su#2,,past,active,,sutavat,su#2
sutavat,sU#1,,past,active,,sutavat,sū#1
suta,su#2,,past,pass,,suta,su#2
suta,sU#1,,past,pass,,suta,sū#1
sudinayizyat,sudin,,fut,para,,sudinayiṣyat,sudin
sudinayizyamAna,sudin,,fut,atma,,sudinayiṣyamāna,sudin
sudinAyat,sudin,10,pres,para,,sudināyat,sudin
sudinAyamAna,sudin,10,pres,atma,,sudināyamāna,sudin
sudinAyitavya,sudin,,fut,pass,,sudināyitavya,sudin
sudintavat,sudin,,past,active,,sudintavat,sudin
sudinta,sudin,,past,pass,,sudinta,sudin
sudinyamAna,sudin,,pres,pass,,sudinyamāna,sudin
sudenanIya,sudin,,fut,pass,,sudenanīya,sudin
sudenya,sudin,,fut,pass,,sudenya,sudin
sunvat,su#2,5,pres,para,,sunvat,su#2
sunvAna,su#2,5,pres,atma,,sunvāna,su#2
suptavat,svap,,past,active,,suptavat,svap
supta,svap,,past,pass,,supta,svap
supyamAna,svap,,pres,pass,,supyamāna,svap
surat,sur,6,pres,para,,surat,sur
suramAna,sur,6,pres,atma,,suramāna,sur
surtavat,sur,,past,active,,surtavat,sur
surta,sur,,past,pass,,surta,sur
suryamAna,sur,,pres,pass,,suryamāna,sur
suvat,sU#1,6,pres,para,,suvat,sū#1
suvamAna,sU#1,6,pres,atma,,suvamāna,sū#1
suvAna,sU#1,2,pres,atma,,suvāna,sū#1
suzuKARa,suK,,perf,atma,,suṣukhāṇa,sukh
suzuKvas,suK,,perf,para,,suṣukhvas,sukh
suzudinAna,sudin,,perf,atma,,suṣudināna,sudin
suzudinvas,sudin,,perf,para,,suṣudinvas,sudin
suzupARa,svap,,perf,atma,,suṣupāṇa,svap
suzupvas,svap,,perf,para,,suṣupvas,svap
suzurARa,sur,,perf,atma,,suṣurāṇa,sur
suzurvas,sur,,perf,para,,suṣurvas,sur
suzuvas,su#2,,perf,para,,suṣuvas,su#2
suzuzyUzvas,sIv,,perf,para,desid,suṣuṣyūṣvas,sīv
suzUcAna,sUc,,perf,atma,,suṣūcāna,sūc
suzUcvas,sUc,,perf,para,,suṣūcvas,sūc
suzUdAna,sUd,,perf,atma,,suṣūdāna,sūd
suzUdvas,sUd,,perf,para,,suṣūdvas,sūd
suzUvas,sU#1,,perf,para,,suṣūvas,sū#1
suzRuvas,snu,,perf,para,,suṣṇuvas,snu
suzRuhAna,snuh#1,,perf,atma,,suṣṇuhāna,snuh#1
suzRuhvas,snuh#1,,perf,para,,suṣṇuhvas,snuh#1
suzRvAna,snu,,perf,atma,,suṣṇvāna,snu
suzvARa,su#2,,perf,atma,,suṣvāṇa,su#2
suzvARa,sU#1,,perf,atma,,suṣvāṇa,sū#1
susyUzaRIya,sIv,,fut,pass,desid,susyūṣaṇīya,sīv
susyUzat,sIv,,pres,para,desid,susyūṣat,sīv
susyUzitavat,sIv,,past,active,desid,susyūṣitavat,sīv
susyUzita,sIv,,past,pass,desid,susyūṣita,sīv
susruvas,sru,,perf,para,,susruvas,sru
susrvARa,sru,,perf,atma,,susrvāṇa,sru
sUcayat,sUc,10,pres,para,,sūcayat,sūc
sUcayamAna,sUc,10,pres,atma,,sūcayamāna,sūc
sUcayitavya,sUc,,fut,pass,,sūcayitavya,sūc
sUcayizyat,sUc,,fut,para,,sūcayiṣyat,sūc
sUcayizyamAna,sUc,,fut,atma,,sūcayiṣyamāna,sūc
sUcitavat,sUc,,past,active,,sūcitavat,sūc
sUcita,sUc,,past,pass,,sūcita,sūc
sUcyamAna,sUc,,pres,pass,,sūcyamāna,sūc
sUcya,sUc,,fut,pass,,sūcya,sūc
sUtavat,sU#1,,past,active,,sūtavat,sū#1
sUta,sU#1,,past,pass,,sūta,sū#1
sUdayat,sUd,10,pres,para,,sūdayat,sūd
sUdayamAna,sUd,10,pres,atma,,sūdayamāna,sūd
sUdayitavya,sUd,,fut,pass,,sūdayitavya,sūd
sUdayizyat,sUd,,fut,para,,sūdayiṣyat,sūd
sUdayizyamAna,sUd,,fut,atma,,sūdayiṣyamāna,sūd
sUditavat,sUd,,past,active,,sūditavat,sūd
sUdita,sUd,,past,pass,,sūdita,sūd
sUdyamAna,sUd,,pres,pass,,sūdyamāna,sūd
sUdya,sUd,,fut,pass,,sūdya,sūd
sUyamAna,sU#1,,pres,pass,,sūyamāna,sū#1
sUyamAna,su#2,,pres,pass,,sūyamāna,su#2
sfjat,sfj#1,6,pres,para,,sṛjat,sṛj#1
sfjamAna,sfj#1,6,pres,atma,,sṛjamāna,sṛj#1
sfjyamAna,sfj#1,,pres,pass,,sṛjyamāna,sṛj#1
sfjya,sfj#1,,fut,pass,,sṛjya,sṛj#1
sftavat,sf,,past,active,,sṛtavat,sṛ
sfta,sf,,past,pass,,sṛta,sṛ
sfptavat,sfp,,past,active,,sṛptavat,sṛp
sfpta,sfp,,past,pass,,sṛpta,sṛp
sfpyamAna,sfp,,pres,pass,,sṛpyamāna,sṛp
sfpya,sfp,,fut,pass,,sṛpya,sṛp
sfzwavat,sfj#1,,past,active,,sṛṣṭavat,sṛj#1
sfzwa,sfj#1,,past,pass,,sṛṣṭa,sṛj#1
sektavya,sic,,fut,pass,,sektavya,sic
sekzyat,sic,,fut,para,,sekṣyat,sic
sekzyamAna,sic,,fut,atma,,sekṣyamāna,sic
secanIya,sic,,fut,pass,,secanīya,sic
secanIya,sic,,fut,pass,caus,secanīya,sic
secayat,sic,,pres,para,caus,secayat,sic
secayamAna,sic,,pres,atma,caus,secayamāna,sic
secayitavya,sic,,fut,pass,caus,secayitavya,sic
secayizyat,sic,,fut,para,caus,secayiṣyat,sic
secayizyamAna,sic,,fut,atma,,secayiṣyamāna,sic
secayizyamAna,sic,,fut,atma,caus,secayiṣyamāna,sic
secAna,sac,,perf,atma,,secāna,sac
secitavat,sic,,past,active,caus,secitavat,sic
secita,sic,,past,pass,caus,secita,sic
secyamAna,sic,,pres,pass,caus,secyamāna,sic
secya,sic,,fut,pass,,secya,sic
secya,sic,,fut,pass,caus,secya,sic
sejABAna,saBAj,,perf,atma,,sejābhāna,sabhāj
sejABvas,saBAj,,perf,para,,sejābhvas,sabhāj
sejYAna,saYj,,perf,atma,,sejñāna,sañj
sejYivas,saYj,,perf,para,,sejñivas,sañj
seqRipAna,sapiRq,,perf,atma,,seḍṇipāna,sapiṇḍ
seqRipvas,sapiRq,,perf,para,,seḍṇipvas,sapiṇḍ
setsyat,siD#1,,fut,para,,setsyat,sidh#1
setsyat,siD#2,,fut,para,,setsyat,sidh#2
setsyamAna,siD#1,,fut,atma,,setsyamāna,sidh#1
setsyamAna,siD#2,,fut,atma,,setsyamāna,sidh#2
sedAna,sad#1,,perf,atma,,sedāna,sad#1
sedivas,sad#1,,perf,para,,sedivas,sad#1
sedDavya,siD#1,,fut,pass,,seddhavya,sidh#1
sedDavya,siD#2,,fut,pass,,seddhavya,sidh#2
seDat,siD#2,1,pres,para,,sedhat,sidh#2
seDanIya,siD#1,,fut,pass,,sedhanīya,sidh#1
seDanIya,siD#2,,fut,pass,,sedhanīya,sidh#2
seDamAna,siD#2,1,pres,atma,,sedhamāna,sidh#2
seDitavya,siD#2,,fut,pass,,sedhitavya,sidh#2
seDizyat,siD#2,,fut,para,,sedhiṣyat,sidh#2
seDizyamAna,siD#2,,fut,atma,,sedhiṣyamāna,sidh#2
seDya,siD#1,,fut,pass,,sedhya,sidh#1
seDya,siD#2,,fut,pass,,sedhya,sidh#2
sepAna,sap#1,,perf,atma,,sepāna,sap#1
sepivas,sap#1,,perf,para,,sepivas,sap#1
sevat,sev,1,pres,para,,sevat,sev
sevanIya,sev,,fut,pass,,sevanīya,sev
sevamAna,sev,1,pres,atma,,sevamāna,sev
sevitavat,sev,,past,active,,sevitavat,sev
sevitavya,sev,,fut,pass,,sevitavya,sev
sevita,sev,,past,pass,,sevita,sev
sevizyat,sev,,fut,para,,seviṣyat,sev
sevizyat,sIv,,fut,para,,seviṣyat,sīv
sevizyamAna,sev,,fut,atma,,seviṣyamāna,sev
sevizyamAna,sIv,,fut,atma,,seviṣyamāna,sīv
sevyamAna,sev,,pres,pass,,sevyamāna,sev
sevya,sev,,fut,pass,,sevya,sev
sehAna,sah#1,,perf,atma,,sehāna,sah#1
sehivas,sah#1,,perf,para,,sehivas,sah#1
soKanIya,suK,,fut,pass,,sokhanīya,sukh
soKtavya,suK,,fut,pass,,sokhtavya,sukh
soKya,suK,,fut,pass,,sokhya,sukh
soKsyat,suK,,fut,para,,sokhsyat,sukh
soKsyamAna,suK,,fut,atma,,sokhsyamāna,sukh
socanIya,sUc,,fut,pass,,socanīya,sūc
soQavat,sah#1,,past,active,,soḍhavat,sah#1
soQavya,sah#1,,fut,pass,,soḍhavya,sah#1
soQa,sah#1,,past,pass,,soḍha,sah#1
sotavya,su#2,,fut,pass,,sotavya,su#2
sotavya,sU#1,,fut,pass,,sotavya,sū#1
sodanIya,sUd,,fut,pass,,sodanīya,sūd
soya,su#2,,fut,pass,,soya,su#2
soya,sU#1,,fut,pass,,soya,sū#1
soraRIya,sur,,fut,pass,,soraṇīya,sur
soritavya,sur,,fut,pass,,soritavya,sur
sorizyat,sur,,fut,para,,soriṣyat,sur
sorizyamAna,sur,,fut,atma,,soriṣyamāna,sur
sorya,sur,,fut,pass,,sorya,sur
sozyat,su#2,,fut,para,,soṣyat,su#2
sozyat,sU#1,,fut,para,,soṣyat,sū#1
sozyamAna,su#2,,fut,atma,,soṣyamāna,su#2
sozyamAna,sU#1,,fut,atma,,soṣyamāna,sū#1
skanttavya,skand,,fut,pass,,skanttavya,skand
skantsyat,skand,,fut,para,,skantsyat,skand
skantsyamAna,skand,,fut,atma,,skantsyamāna,skand
skandat,skand,1,pres,para,,skandat,skand
skandanIya,skand,,fut,pass,,skandanīya,skand
skandanIya,skand,,fut,pass,caus,skandanīya,skand
skandamAna,skand,1,pres,atma,,skandamāna,skand
skandayat,skand,,pres,para,caus,skandayat,skand
skandayamAna,skand,,pres,atma,caus,skandayamāna,skand
skandayitavya,skand,,fut,pass,caus,skandayitavya,skand
skandayizyat,skand,,fut,para,caus,skandayiṣyat,skand
skandayizyamAna,skand,,fut,atma,,skandayiṣyamāna,skand
skandayizyamAna,skand,,fut,atma,caus,skandayiṣyamāna,skand
skanditavat,skand,,past,active,caus,skanditavat,skand
skandita,skand,,past,pass,caus,skandita,skand
skandyamAna,skand,,pres,pass,,skandyamāna,skand
skandyamAna,skand,,pres,pass,caus,skandyamāna,skand
skandya,skand,,fut,pass,,skandya,skand
skandya,skand,,fut,pass,caus,skandya,skand
skannavat,skand,,past,active,,skannavat,skand
skanna,skand,,past,pass,,skanna,skand
sKalat,sKal,1,pres,para,,skhalat,skhal
sKalanIya,sKal,,fut,pass,,skhalanīya,skhal
sKalanIya,sKal,,fut,pass,caus,skhalanīya,skhal
sKalamAna,sKal,1,pres,atma,,skhalamāna,skhal
sKalayat,sKal,,pres,para,caus,skhalayat,skhal
sKalayamAna,sKal,,pres,atma,caus,skhalayamāna,skhal
sKalayitavya,sKal,,fut,pass,caus,skhalayitavya,skhal
sKalayizyat,sKal,,fut,para,caus,skhalayiṣyat,skhal
sKalayizyamAna,sKal,,fut,atma,,skhalayiṣyamāna,skhal
sKalayizyamAna,sKal,,fut,atma,caus,skhalayiṣyamāna,skhal
sKalitavat,sKal,,past,active,,skhalitavat,skhal
sKalitavat,sKal,,past,active,caus,skhalitavat,skhal
sKalitavya,sKal,,fut,pass,,skhalitavya,skhal
sKalita,sKal,,past,pass,,skhalita,skhal
sKalita,sKal,,past,pass,caus,skhalita,skhal
sKalizyat,sKal,,fut,para,,skhaliṣyat,skhal
sKalizyamAna,sKal,,fut,atma,,skhaliṣyamāna,skhal
sKalyamAna,sKal,,pres,pass,,skhalyamāna,skhal
sKalyamAna,sKal,,pres,pass,caus,skhalyamāna,skhal
sKalya,sKal,,fut,pass,,skhalya,skhal
sKalya,sKal,,fut,pass,caus,skhalya,skhal
sKAlanIya,sKal,,fut,pass,caus,skhālanīya,skhal
sKAlayat,sKal,,pres,para,caus,skhālayat,skhal
sKAlayamAna,sKal,,pres,atma,caus,skhālayamāna,skhal
sKAlayitavya,sKal,,fut,pass,caus,skhālayitavya,skhal
sKAlayizyat,sKal,,fut,para,caus,skhālayiṣyat,skhal
sKAlayizyamAna,sKal,,fut,atma,,skhālayiṣyamāna,skhal
sKAlayizyamAna,sKal,,fut,atma,caus,skhālayiṣyamāna,skhal
sKAlitavat,sKal,,past,active,caus,skhālitavat,skhal
sKAlita,sKal,,past,pass,caus,skhālita,skhal
sKAlyamAna,sKal,,pres,pass,caus,skhālyamāna,skhal
sKAlya,sKal,,fut,pass,caus,skhālya,skhal
staMsyat,stan,,fut,para,,staṃsyat,stan
staMsyamAna,stan,,fut,atma,,staṃsyamāna,stan
stanat,stan,1,pres,para,,stanat,stan
stananIya,stan,,fut,pass,,stananīya,stan
stanamAna,stan,1,pres,atma,,stanamāna,stan
stanitavat,stan,,past,active,,stanitavat,stan
stanita,stan,,past,pass,,stanita,stan
stantavya,stan,,fut,pass,,stantavya,stan
stanyamAna,stan,,pres,pass,,stanyamāna,stan
stanya,stan,,fut,pass,,stanya,stan
stabDavat,stamB,,past,active,,stabdhavat,stambh
stabDa,stamB,,past,pass,,stabdha,stambh
staBnat,stamB,9,pres,para,,stabhnat,stambh
staBnAna,stamB,9,pres,atma,,stabhnāna,stambh
staByamAna,stamB,,pres,pass,,stabhyamāna,stambh
stamBanIya,stamB,,fut,pass,,stambhanīya,stambh
stamBanIya,stamB,,fut,pass,caus,stambhanīya,stambh
stamBayat,stamB,,pres,para,caus,stambhayat,stambh
stamBayamAna,stamB,,pres,atma,caus,stambhayamāna,stambh
stamBayitavya,stamB,,fut,pass,caus,stambhayitavya,stambh
stamBayizyat,stamB,,fut,para,caus,stambhayiṣyat,stambh
stamBayizyamAna,stamB,,fut,atma,,stambhayiṣyamāna,stambh
stamBayizyamAna,stamB,,fut,atma,caus,stambhayiṣyamāna,stambh
stamBitavat,stamB,,past,active,caus,stambhitavat,stambh
stamBitavya,stamB,,fut,pass,,stambhitavya,stambh
stamBita,stamB,,past,pass,caus,stambhita,stambh
stamBizyat,stamB,,fut,para,,stambhiṣyat,stambh
stamBizyamAna,stamB,,fut,atma,,stambhiṣyamāna,stambh
stamByamAna,stamB,,pres,pass,caus,stambhyamāna,stambh
stamBya,stamB,,fut,pass,,stambhya,stambh
stamBya,stamB,,fut,pass,caus,stambhya,stambh
staraRIya,stF,,fut,pass,,staraṇīya,stṝ
staritavya,stF,,fut,pass,,staritavya,stṝ
starizyat,stF,,fut,para,,stariṣyat,stṝ
starizyamAna,stF,,fut,atma,,stariṣyamāna,stṝ
starItavya,stF,,fut,pass,,starītavya,stṝ
starIzyat,stF,,fut,para,,starīṣyat,stṝ
starIzyamAna,stF,,fut,atma,,starīṣyamāna,stṝ
starya,stF,,fut,pass,,starya,stṝ
stavanIya,stu,,fut,pass,,stavanīya,stu
stavitavya,stu,,fut,pass,,stavitavya,stu
stavizyat,stu,,fut,para,,staviṣyat,stu
stavizyamAna,stu,,fut,atma,,staviṣyamāna,stu
stAvanIya,stu,,fut,pass,caus,stāvanīya,stu
stAvayat,stu,,pres,para,caus,stāvayat,stu
stAvayamAna,stu,,pres,atma,caus,stāvayamāna,stu
stAvayitavya,stu,,fut,pass,caus,stāvayitavya,stu
stAvayizyat,stu,,fut,para,caus,stāvayiṣyat,stu
stAvayizyamAna,stu,,fut,atma,,stāvayiṣyamāna,stu
stAvayizyamAna,stu,,fut,atma,caus,stāvayiṣyamāna,stu
stAvitavat,stu,,past,active,caus,stāvitavat,stu
stAvita,stu,,past,pass,caus,stāvita,stu
stAvyamAna,stu,,pres,pass,caus,stāvyamāna,stu
stAvya,stu,,fut,pass,,stāvya,stu
stAvya,stu,,fut,pass,caus,stāvya,stu
stIyamAna,styA,,pres,pass,,stīyamāna,styā
stIrRavat,stF,,past,active,,stīrṇavat,stṝ
stIrRa,stF,,past,pass,,stīrṇa,stṝ
stIryamAna,stF,,pres,pass,,stīryamāna,stṝ
stutavat,stu,,past,active,,stutavat,stu
stuta,stu,,past,pass,,stuta,stu
stutya,stu,,fut,pass,,stutya,stu
stubDavat,stuB,,past,active,,stubdhavat,stubh
stubDa,stuB,,past,pass,,stubdha,stubh
stuByamAna,stuB,,pres,pass,,stubhyamāna,stubh
stuvat,stu,2,pres,para,,stuvat,stu
stuvAna,stu,2,pres,atma,,stuvāna,stu
stUyamAna,stu,,pres,pass,,stūyamāna,stu
stfRat,stF,9,pres,para,,stṛṇat,stṝ
stfRAna,stF,9,pres,atma,,stṛṇāna,stṝ
stfRvat,stF,5,pres,para,,stṛṇvat,stṝ
stfRvAna,stF,5,pres,atma,,stṛṇvāna,stṝ
stftavat,stF,,past,active,,stṛtavat,stṝ
stfta,stF,,past,pass,,stṛta,stṝ
stenanIya,sten,,fut,pass,,stenanīya,sten
stenayat,sten,10,pres,para,,stenayat,sten
stenayamAna,sten,10,pres,atma,,stenayamāna,sten
stenayitavya,sten,,fut,pass,,stenayitavya,sten
stenayizyat,sten,,fut,para,,stenayiṣyat,sten
stenayizyamAna,sten,,fut,atma,,stenayiṣyamāna,sten
stentavat,sten,,past,active,,stentavat,sten
stenta,sten,,past,pass,,stenta,sten
stenyamAna,sten,,pres,pass,,stenyamāna,sten
stenya,sten,,fut,pass,,stenya,sten
stotavya,stu,,fut,pass,,stotavya,stu
stopsyat,stuB,,fut,para,,stopsyat,stubh
stopsyamAna,stuB,,fut,atma,,stopsyamāna,stubh
stobDavya,stuB,,fut,pass,,stobdhavya,stubh
stoBat,stuB,1,pres,para,,stobhat,stubh
stoBanIya,stuB,,fut,pass,,stobhanīya,stubh
stoBamAna,stuB,1,pres,atma,,stobhamāna,stubh
stoBya,stuB,,fut,pass,,stobhya,stubh
stozyat,stu,,fut,para,,stoṣyat,stu
stozyamAna,stu,,fut,atma,,stoṣyamāna,stu
styAtavya,styA,,fut,pass,,styātavya,styā
styAnavat,styA,,past,active,,styānavat,styā
styAna,styA,,past,pass,,styāna,styā
styAnIya,styA,,fut,pass,,styānīya,styā
styAyat,styA,4,pres,para,,styāyat,styā
styAyamAna,styA,4,pres,atma,,styāyamāna,styā
styAsyat,styA,,fut,para,,styāsyat,styā
styAsyamAna,styA,,fut,atma,,styāsyamāna,styā
styeya,styA,,fut,pass,,styeya,styā
sTaganIya,sTag,,fut,pass,,sthaganīya,sthag
sTagayat,sTag,10,pres,para,,sthagayat,sthag
sTagayamAna,sTag,10,pres,atma,,sthagayamāna,sthag
sTagayitavya,sTag,,fut,pass,,sthagayitavya,sthag
sTagayizyat,sTag,,fut,para,,sthagayiṣyat,sthag
sTagayizyamAna,sTag,,fut,atma,,sthagayiṣyamāna,sthag
sTagitavat,sTag,,past,active,,sthagitavat,sthag
sTagita,sTag,,past,pass,,sthagita,sthag
sTagyamAna,sTag,,pres,pass,,sthagyamāna,sthag
sTagya,sTag,,fut,pass,,sthagya,sthag
sTAtavya,sTA#1,,fut,pass,,sthātavya,sthā#1
sTAnIya,sTA#1,,fut,pass,,sthānīya,sthā#1
sTApanIya,sTA#1,,fut,pass,caus,sthāpanīya,sthā#1
sTApayat,sTA#1,,pres,para,caus,sthāpayat,sthā#1
sTApayamAna,sTA#1,,pres,atma,caus,sthāpayamāna,sthā#1
sTApayitavya,sTA#1,,fut,pass,caus,sthāpayitavya,sthā#1
sTApayizyat,sTA#1,,fut,para,caus,sthāpayiṣyat,sthā#1
sTApayizyamAna,sTA#1,,fut,atma,,sthāpayiṣyamāna,sthā#1
sTApayizyamAna,sTA#1,,fut,atma,caus,sthāpayiṣyamāna,sthā#1
sTApitavat,sTA#1,,past,active,caus,sthāpitavat,sthā#1
sTApita,sTA#1,,past,pass,caus,sthāpita,sthā#1
sTApyamAna,sTA#1,,pres,pass,caus,sthāpyamāna,sthā#1
sTApya,sTA#1,,fut,pass,caus,sthāpya,sthā#1
sTAsyat,sTA#1,,fut,para,,sthāsyat,sthā#1
sTAsyamAna,sTA#1,,fut,atma,,sthāsyamāna,sthā#1
sTitavat,sTA#1,,past,active,,sthitavat,sthā#1
sTita,sTA#1,,past,pass,,sthita,sthā#1
sTIyamAna,sTA#1,,pres,pass,,sthīyamāna,sthā#1
sTeya,sTA#1,,fut,pass,,stheya,sthā#1
snavanIya,snu,,fut,pass,,snavanīya,snu
snavitavya,snu,,fut,pass,,snavitavya,snu
snavizyat,snu,,fut,para,,snaviṣyat,snu
snavizyamAna,snu,,fut,atma,,snaviṣyamāna,snu
snAtavat,snA,,past,active,,snātavat,snā
snAtavya,snA,,fut,pass,,snātavya,snā
snAta,snA,,past,pass,,snāta,snā
snAna,snA,2,pres,atma,,snāna,snā
snAnIya,snA,,fut,pass,,snānīya,snā
snAsyat,snA,,fut,para,,snāsyat,snā
snAsyamAna,snA,,fut,atma,,snāsyamāna,snā
snigDavat,snih#1,,past,active,,snigdhavat,snih#1
snigDa,snih#1,,past,pass,,snigdha,snih#1
snihyat,snih#1,4,pres,para,,snihyat,snih#1
snihyamAna,snih#1,4,pres,atma,,snihyamāna,snih#1
snihyamAna,snih#1,,pres,pass,,snihyamāna,snih#1
snIQavat,snih#1,,past,active,,snīḍhavat,snih#1
snIQa,snih#1,,past,pass,,snīḍha,snih#1
snIyamAna,snA,,pres,pass,,snīyamāna,snā
snugDavat,snuh#1,,past,active,,snugdhavat,snuh#1
snugDa,snuh#1,,past,pass,,snugdha,snuh#1
snutavat,snu,,past,active,,snutavat,snu
snuta,snu,,past,pass,,snuta,snu
snuvat,snu,2,pres,para,,snuvat,snu
snuvAna,snu,2,pres,atma,,snuvāna,snu
snuhyat,snuh#1,4,pres,para,,snuhyat,snuh#1
snuhyamAna,snuh#1,4,pres,atma,,snuhyamāna,snuh#1
snuhyamAna,snuh#1,,pres,pass,,snuhyamāna,snuh#1
snUQavat,snuh#1,,past,active,,snūḍhavat,snuh#1
snUQa,snuh#1,,past,pass,,snūḍha,snuh#1
snUyamAna,snu,,pres,pass,,snūyamāna,snu
snekzyat,snih#1,,fut,para,,snekṣyat,snih#1
snekzyamAna,snih#1,,fut,atma,,snekṣyamāna,snih#1
snegDavya,snih#1,,fut,pass,,snegdhavya,snih#1
sneya,snA,,fut,pass,,sneya,snā
snehat,snih#1,1,pres,para,,snehat,snih#1
snehanIya,snih#1,,fut,pass,,snehanīya,snih#1
snehanIya,snih#1,,fut,pass,caus,snehanīya,snih#1
snehamAna,snih#1,1,pres,atma,,snehamāna,snih#1
snehayat,snih#1,,pres,para,caus,snehayat,snih#1
snehayamAna,snih#1,,pres,atma,caus,snehayamāna,snih#1
snehayitavya,snih#1,,fut,pass,caus,snehayitavya,snih#1
snehayizyat,snih#1,,fut,para,caus,snehayiṣyat,snih#1
snehayizyamAna,snih#1,,fut,atma,,snehayiṣyamāna,snih#1
snehayizyamAna,snih#1,,fut,atma,caus,snehayiṣyamāna,snih#1
snehitavat,snih#1,,past,active,caus,snehitavat,snih#1
snehita,snih#1,,past,pass,caus,snehita,snih#1
snehyamAna,snih#1,,pres,pass,caus,snehyamāna,snih#1
snehya,snih#1,,fut,pass,,snehya,snih#1
snehya,snih#1,,fut,pass,caus,snehya,snih#1
snokzyat,snuh#1,,fut,para,,snokṣyat,snuh#1
snokzyamAna,snuh#1,,fut,atma,,snokṣyamāna,snuh#1
snogDavya,snuh#1,,fut,pass,,snogdhavya,snuh#1
snoya,snu,,fut,pass,,snoya,snu
snohanIya,snuh#1,,fut,pass,,snohanīya,snuh#1
snohya,snuh#1,,fut,pass,,snohya,snuh#1
spandat,spand,1,pres,para,,spandat,spand
spandanIya,spand,,fut,pass,,spandanīya,spand
spandamAna,spand,1,pres,atma,,spandamāna,spand
spanditavat,spand,,past,active,,spanditavat,spand
spanditavya,spand,,fut,pass,,spanditavya,spand
spandita,spand,,past,pass,,spandita,spand
spandizyat,spand,,fut,para,,spandiṣyat,spand
spandizyamAna,spand,,fut,atma,,spandiṣyamāna,spand
spandyamAna,spand,,pres,pass,,spandyamāna,spand
spandya,spand,,fut,pass,,spandya,spand
sparkzyat,spfS#1,,fut,para,,sparkṣyat,spṛś#1
sparkzyamAna,spfS#1,,fut,atma,,sparkṣyamāna,spṛś#1
sparDat,sparD,1,pres,para,,spardhat,spardh
sparDanIya,sparD,,fut,pass,,spardhanīya,spardh
sparDamAna,sparD,1,pres,atma,,spardhamāna,spardh
sparDitavat,sparD,,past,active,,spardhitavat,spardh
sparDitavya,sparD,,fut,pass,,spardhitavya,spardh
sparDita,sparD,,past,pass,,spardhita,spardh
sparDizyat,sparD,,fut,para,,spardhiṣyat,spardh
sparDizyamAna,sparD,,fut,atma,,spardhiṣyamāna,spardh
sparDyamAna,sparD,,pres,pass,,spardhyamāna,spardh
sparDya,sparD,,fut,pass,,spardhya,spardh
sparSanIya,spfS#1,,fut,pass,,sparśanīya,spṛś#1
sparzwavya,spfS#1,,fut,pass,,sparṣṭavya,spṛś#1
sparhaRIya,spfh,,fut,pass,,sparhaṇīya,spṛh
spASanIya,spaS#1,,fut,pass,caus,spāśanīya,spaś#1
spASayat,spaS#1,,pres,para,caus,spāśayat,spaś#1
spASayamAna,spaS#1,,pres,atma,caus,spāśayamāna,spaś#1
spASayizyat,spaS#1,,fut,para,caus,spāśayiṣyat,spaś#1
spASayizyamAna,spaS#1,,fut,atma,,spāśayiṣyamāna,spaś#1
spASayizyamAna,spaS#1,,fut,atma,caus,spāśayiṣyamāna,spaś#1
spASitavat,spaS#1,,past,active,caus,spāśitavat,spaś#1
spASita,spaS#1,,past,pass,caus,spāśita,spaś#1
spASyamAna,spaS#1,,pres,pass,caus,spāśyamāna,spaś#1
spASya,spaS#1,,fut,pass,caus,spāśya,spaś#1
spfQavat,spfh,,past,active,,spṛḍhavat,spṛh
spfQa,spfh,,past,pass,,spṛḍha,spṛh
spfSat,spfS#1,6,pres,para,,spṛśat,spṛś#1
spfSamAna,spfS#1,6,pres,atma,,spṛśamāna,spṛś#1
spfSyamAna,spfS#1,,pres,pass,,spṛśyamāna,spṛś#1
spfSya,spfS#1,,fut,pass,,spṛśya,spṛś#1
spfzwavat,spfS#1,,past,active,,spṛṣṭavat,spṛś#1
spfzwa,spfS#1,,past,pass,,spṛṣṭa,spṛś#1
spfhayat,spfh,10,pres,para,,spṛhayat,spṛh
spfhayamAna,spfh,10,pres,atma,,spṛhayamāna,spṛh
spfhayitavya,spfh,,fut,pass,,spṛhayitavya,spṛh
spfhayizyat,spfh,,fut,para,,spṛhayiṣyat,spṛh
spfhayizyamAna,spfh,,fut,atma,,spṛhayiṣyamāna,spṛh
spfhyamAna,spfh,,pres,pass,,spṛhyamāna,spṛh
spfhya,spfh,,fut,pass,,spṛhya,spṛh
sPalat,sPal,1,pres,para,,sphalat,sphal
sPalanIya,sPal,,fut,pass,,sphalanīya,sphal
sPalamAna,sPal,1,pres,atma,,sphalamāna,sphal
sPalitavya,sPal,,fut,pass,,sphalitavya,sphal
sPalizyat,sPal,,fut,para,,sphaliṣyat,sphal
sPalizyamAna,sPal,,fut,atma,,sphaliṣyamāna,sphal
sPaltavat,sPal,,past,active,,sphaltavat,sphal
sPalta,sPal,,past,pass,,sphalta,sphal
sPalyamAna,sPal,,pres,pass,,sphalyamāna,sphal
sPalya,sPal,,fut,pass,,sphalya,sphal
sPAtavya,sPA,,fut,pass,,sphātavya,sphā
sPAnIya,sPA,,fut,pass,,sphānīya,sphā
sPAyat,sPA,1,pres,para,,sphāyat,sphā
sPAyamAna,sPA,1,pres,atma,,sphāyamāna,sphā
sPAsyat,sPA,,fut,para,,sphāsyat,sphā
sPAsyamAna,sPA,,fut,atma,,sphāsyamāna,sphā
sPItavat,sPA,,past,active,,sphītavat,sphā
sPIta,sPA,,past,pass,,sphīta,sphā
sPIyamAna,sPA,,pres,pass,,sphīyamāna,sphā
sPuwat,sPuw,6,pres,para,,sphuṭat,sphuṭ
sPuwitavat,sPuw,,past,active,,sphuṭitavat,sphuṭ
sPuwitavya,sPuw,,fut,pass,,sphuṭitavya,sphuṭ
sPuwita,sPuw,,past,pass,,sphuṭita,sphuṭ
sPuwizyat,sPuw,,fut,para,,sphuṭiṣyat,sphuṭ
sPuwyamAna,sPuw,,pres,pass,,sphuṭyamāna,sphuṭ
sPurat,sPur,1,pres,para,,sphurat,sphur
sPuramAna,sPur,1,pres,atma,,sphuramāna,sphur
sPuritavat,sPur,,past,active,,sphuritavat,sphur
sPurita,sPur,,past,pass,,sphurita,sphur
sPuryamAna,sPur,,pres,pass,,sphuryamāna,sphur
sPeya,sPA,,fut,pass,,spheya,sphā
sPowat,sPuw,1,pres,para,,sphoṭat,sphuṭ
sPowanIya,sPuw,,fut,pass,,sphoṭanīya,sphuṭ
sPowya,sPuw,,fut,pass,,sphoṭya,sphuṭ
sPoraRIya,sPur,,fut,pass,,sphoraṇīya,sphur
sPoritavya,sPur,,fut,pass,,sphoritavya,sphur
sPorizyat,sPur,,fut,para,,sphoriṣyat,sphur
sPorizyamAna,sPur,,fut,atma,,sphoriṣyamāna,sphur
sPorya,sPur,,fut,pass,,sphorya,sphur
smayat,smi,1,pres,para,,smayat,smi
smayanIya,smi,,fut,pass,,smayanīya,smi
smayamAna,smi,1,pres,atma,,smayamāna,smi
smaraRIya,smf,,fut,pass,,smaraṇīya,smṛ
smaraRIya,smf,,fut,pass,caus,smaraṇīya,smṛ
smarat,smf,1,pres,para,,smarat,smṛ
smaramAna,smf,1,pres,atma,,smaramāna,smṛ
smarayat,smf,,pres,para,caus,smarayat,smṛ
smarayamAna,smf,,pres,atma,caus,smarayamāna,smṛ
smarayitavya,smf,,fut,pass,caus,smarayitavya,smṛ
smarayizyat,smf,,fut,para,caus,smarayiṣyat,smṛ
smarayizyamAna,smf,,fut,atma,,smarayiṣyamāna,smṛ
smarayizyamAna,smf,,fut,atma,caus,smarayiṣyamāna,smṛ
smaritavat,smf,,past,active,caus,smaritavat,smṛ
smarita,smf,,past,pass,caus,smarita,smṛ
smarizyat,smf,,fut,para,,smariṣyat,smṛ
smarizyamAna,smf,,fut,atma,,smariṣyamāna,smṛ
smartavya,smf,,fut,pass,,smartavya,smṛ
smaryamAna,smf,,pres,pass,,smaryamāna,smṛ
smaryamAna,smf,,pres,pass,caus,smaryamāna,smṛ
smarya,smf,,fut,pass,caus,smarya,smṛ
smAyanIya,smi,,fut,pass,caus,smāyanīya,smi
smAyayat,smi,,pres,para,caus,smāyayat,smi
smAyayamAna,smi,,pres,atma,caus,smāyayamāna,smi
smAyayitavya,smi,,fut,pass,caus,smāyayitavya,smi
smAyayizyat,smi,,fut,para,caus,smāyayiṣyat,smi
smAyayizyamAna,smi,,fut,atma,,smāyayiṣyamāna,smi
smAyayizyamAna,smi,,fut,atma,caus,smāyayiṣyamāna,smi
smAyitavat,smi,,past,active,caus,smāyitavat,smi
smAyita,smi,,past,pass,caus,smāyita,smi
smAyyamAna,smi,,pres,pass,caus,smāyyamāna,smi
smAyya,smi,,fut,pass,caus,smāyya,smi
smArya,smf,,fut,pass,,smārya,smṛ
smitavat,smi,,past,active,,smitavat,smi
smita,smi,,past,pass,,smita,smi
smIyamAna,smi,,pres,pass,,smīyamāna,smi
smftavat,smf,,past,active,,smṛtavat,smṛ
smfta,smf,,past,pass,,smṛta,smṛ
smetavya,smi,,fut,pass,,smetavya,smi
smeya,smi,,fut,pass,,smeya,smi
smezyat,smi,,fut,para,,smeṣyat,smi
smezyamAna,smi,,fut,atma,,smeṣyamāna,smi
syat,sA#1,4,pres,para,,syat,sā#1
syanttavya,syand,,fut,pass,,syanttavya,syand
syantsyat,syand,,fut,para,,syantsyat,syand
syantsyamAna,syand,,fut,atma,,syantsyamāna,syand
syandat,syand,1,pres,para,,syandat,syand
syandanIya,syand,,fut,pass,,syandanīya,syand
syandamAna,syand,1,pres,atma,,syandamāna,syand
syanditavat,syand,,past,active,,syanditavat,syand
syandita,syand,,past,pass,,syandita,syand
syandyamAna,syand,,pres,pass,,syandyamāna,syand
syandya,syand,,fut,pass,,syandya,syand
syamAna,sA#1,4,pres,atma,,syamāna,sā#1
syUtavat,sIv,,past,active,,syūtavat,sīv
syUta,sIv,,past,pass,,syūta,sīv
sraMHsyat,sraMs,,fut,para,,sraṃḥsyat,sraṃs
sraMHsyamAna,sraMs,,fut,atma,,sraṃḥsyamāna,sraṃs
sraMsat,sraMs,1,pres,para,,sraṃsat,sraṃs
sraMsanIya,sraMs,,fut,pass,,sraṃsanīya,sraṃs
sraMsamAna,sraMs,1,pres,atma,,sraṃsamāna,sraṃs
sraMsitavat,sraMs,,past,active,,sraṃsitavat,sraṃs
sraMsita,sraMs,,past,pass,,sraṃsita,sraṃs
sraMstavya,sraMs,,fut,pass,,sraṃstavya,sraṃs
sraMsyamAna,sraMs,,pres,pass,,sraṃsyamāna,sraṃs
sraMsya,sraMs,,fut,pass,,sraṃsya,sraṃs
sravaRIya,sru,,fut,pass,,sravaṇīya,sru
sravat,sru,1,pres,para,,sravat,sru
sravamAna,sru,1,pres,atma,,sravamāna,sru
srAvaRIya,sru,,fut,pass,caus,srāvaṇīya,sru
srAvayat,sru,,pres,para,caus,srāvayat,sru
srAvayamAna,sru,,pres,atma,caus,srāvayamāna,sru
srAvayitavya,sru,,fut,pass,caus,srāvayitavya,sru
srAvayizyat,sru,,fut,para,caus,srāvayiṣyat,sru
srAvayizyamAna,sru,,fut,atma,,srāvayiṣyamāna,sru
srAvayizyamAna,sru,,fut,atma,caus,srāvayiṣyamāna,sru
srAvitavat,sru,,past,active,caus,srāvitavat,sru
srAvita,sru,,past,pass,caus,srāvita,sru
srAvyamAna,sru,,pres,pass,caus,srāvyamāna,sru
srAvya,sru,,fut,pass,caus,srāvya,sru
sriyamAna,sf,,pres,pass,,sriyamāna,sṛ
srutavat,sru,,past,active,,srutavat,sru
sruta,sru,,past,pass,,sruta,sru
sruyamAna,sru,,pres,pass,,sruyamāna,sru
srotavya,sru,,fut,pass,,srotavya,sru
sroya,sru,,fut,pass,,sroya,sru
srozyat,sru,,fut,para,,sroṣyat,sru
srozyamAna,sru,,fut,atma,,sroṣyamāna,sru
svaktavat,svaYj,,past,active,,svaktavat,svañj
svakta,svaYj,,past,pass,,svakta,svañj
svaNktavya,svaYj,,fut,pass,,svaṅktavya,svañj
svaNkzyat,svaYj,,fut,para,,svaṅkṣyat,svañj
svaNkzyamAna,svaYj,,fut,atma,,svaṅkṣyamāna,svañj
svajat,svaYj,1,pres,para,,svajat,svañj
svajamAna,svaYj,1,pres,atma,,svajamāna,svañj
svajyamAna,svaYj,,pres,pass,,svajyamāna,svañj
svaYjanIya,svaYj,,fut,pass,,svañjanīya,svañj
svaYjanIya,svaYj,,fut,pass,caus,svañjanīya,svañj
svaYjayat,svaYj,,pres,para,caus,svañjayat,svañj
svaYjayamAna,svaYj,,pres,atma,caus,svañjayamāna,svañj
svaYjayitavya,svaYj,,fut,pass,caus,svañjayitavya,svañj
svaYjayizyat,svaYj,,fut,para,caus,svañjayiṣyat,svañj
svaYjayizyamAna,svaYj,,fut,atma,,svañjayiṣyamāna,svañj
svaYjayizyamAna,svaYj,,fut,atma,caus,svañjayiṣyamāna,svañj
svaYjitavat,svaYj,,past,active,caus,svañjitavat,svañj
svaYjita,svaYj,,past,pass,caus,svañjita,svañj
svaYjyamAna,svaYj,,pres,pass,caus,svañjyamāna,svañj
svaYjya,svaYj,,fut,pass,,svañjya,svañj
svaYjya,svaYj,,fut,pass,caus,svañjya,svañj
svattavat,svad,,past,active,,svattavat,svad
svattavya,svad,,fut,pass,,svattavya,svad
svatta,svad,,past,pass,,svatta,svad
svatsyat,svad,,fut,para,,svatsyat,svad
svatsyamAna,svad,,fut,atma,,svatsyamāna,svad
svadat,svad,1,pres,para,,svadat,svad
svadanIya,svad,,fut,pass,,svadanīya,svad
svadamAna,svad,1,pres,atma,,svadamāna,svad
svadyamAna,svad,,pres,pass,,svadyamāna,svad
svadya,svad,,fut,pass,,svadya,svad
svanat,svan,1,pres,para,,svanat,svan
svananIya,svan,,fut,pass,,svananīya,svan
svananIya,svan,,fut,pass,caus,svananīya,svan
svanamAna,svan,1,pres,atma,,svanamāna,svan
svanayat,svan,,pres,para,caus,svanayat,svan
svanayamAna,svan,,pres,atma,caus,svanayamāna,svan
svanayitavya,svan,,fut,pass,caus,svanayitavya,svan
svanayizyat,svan,,fut,para,caus,svanayiṣyat,svan
svanayizyamAna,svan,,fut,atma,,svanayiṣyamāna,svan
svanayizyamAna,svan,,fut,atma,caus,svanayiṣyamāna,svan
svanitavat,svan,,past,active,,svanitavat,svan
svanitavat,svan,,past,active,caus,svanitavat,svan
svanitavya,svan,,fut,pass,,svanitavya,svan
svanita,svan,,past,pass,,svanita,svan
svanita,svan,,past,pass,caus,svanita,svan
svanizyat,svan,,fut,para,,svaniṣyat,svan
svanizyamAna,svan,,fut,atma,,svaniṣyamāna,svan
svanyamAna,svan,,pres,pass,,svanyamāna,svan
svanyamAna,svan,,pres,pass,caus,svanyamāna,svan
svanya,svan,,fut,pass,,svanya,svan
svanya,svan,,fut,pass,caus,svanya,svan
svapat,svap,2,pres,para,,svapat,svap
svapat,svap,1,pres,para,,svapat,svap
svapanIya,svap,,fut,pass,,svapanīya,svap
svapamAna,svap,1,pres,atma,,svapamāna,svap
svapAna,svap,2,pres,atma,,svapāna,svap
svapitavya,svap,,fut,pass,,svapitavya,svap
svapizyat,svap,,fut,para,,svapiṣyat,svap
svapizyamAna,svap,,fut,atma,,svapiṣyamāna,svap
svaptavya,svap,,fut,pass,,svaptavya,svap
svapya,svap,,fut,pass,,svapya,svap
svapsyat,svap,,fut,para,,svapsyat,svap
svapsyamAna,svap,,fut,atma,,svapsyamāna,svap
svaraRIya,svar#1,,fut,pass,,svaraṇīya,svar#1
svaraRIya,svar#2,,fut,pass,,svaraṇīya,svar#2
svarat,svar#1,1,pres,para,,svarat,svar#1
svarat,svar#2,1,pres,para,,svarat,svar#2
svaramAna,svar#1,1,pres,atma,,svaramāna,svar#1
svaramAna,svar#2,1,pres,atma,,svaramāna,svar#2
svaritavat,svar#1,,past,active,,svaritavat,svar#1
svaritavya,svar#1,,fut,pass,,svaritavya,svar#1
svaritavya,svar#2,,fut,pass,,svaritavya,svar#2
svarita,svar#1,,past,pass,,svarita,svar#1
svarizyat,svar#1,,fut,para,,svariṣyat,svar#1
svarizyat,svar#2,,fut,para,,svariṣyat,svar#2
svarizyamAna,svar#1,,fut,atma,,svariṣyamāna,svar#1
svarizyamAna,svar#2,,fut,atma,,svariṣyamāna,svar#2
svartavat,svar#2,,past,active,,svartavat,svar#2
svarta,svar#2,,past,pass,,svarta,svar#2
svaryamAna,svar#1,,pres,pass,,svaryamāna,svar#1
svaryamAna,svar#2,,pres,pass,,svaryamāna,svar#2
svarya,svar#1,,fut,pass,,svarya,svar#1
svarya,svar#2,,fut,pass,,svarya,svar#2
svAdanIya,svad,,fut,pass,caus,svādanīya,svad
svAdayat,svad,,pres,para,caus,svādayat,svad
svAdayamAna,svad,,pres,atma,caus,svādayamāna,svad
svAdayitavya,svad,,fut,pass,caus,svādayitavya,svad
svAdayizyat,svad,,fut,para,caus,svādayiṣyat,svad
svAdayizyamAna,svad,,fut,atma,,svādayiṣyamāna,svad
svAdayizyamAna,svad,,fut,atma,caus,svādayiṣyamāna,svad
svAditavat,svad,,past,active,caus,svāditavat,svad
svAdita,svad,,past,pass,caus,svādita,svad
svAdyamAna,svad,,pres,pass,caus,svādyamāna,svad
svAdya,svad,,fut,pass,caus,svādya,svad
svidyat,svid#2,4,pres,para,,svidyat,svid#2
svidyamAna,svid#2,4,pres,atma,,svidyamāna,svid#2
svidyamAna,svid#2,,pres,pass,,svidyamāna,svid#2
svinnavat,svid#2,,past,active,,svinnavat,svid#2
svinna,svid#2,,past,pass,,svinna,svid#2
svettavya,svid#2,,fut,pass,,svettavya,svid#2
svetsyat,svid#2,,fut,para,,svetsyat,svid#2
svetsyamAna,svid#2,,fut,atma,,svetsyamāna,svid#2
svedat,svid#2,1,pres,para,,svedat,svid#2
svedanIya,svid#2,,fut,pass,,svedanīya,svid#2
svedanIya,svid#2,,fut,pass,caus,svedanīya,svid#2
svedamAna,svid#2,1,pres,atma,,svedamāna,svid#2
svedayat,svid#2,,pres,para,caus,svedayat,svid#2
svedayamAna,svid#2,,pres,atma,caus,svedayamāna,svid#2
svedayitavya,svid#2,,fut,pass,caus,svedayitavya,svid#2
svedayizyat,svid#2,,fut,para,caus,svedayiṣyat,svid#2
svedayizyamAna,svid#2,,fut,atma,,svedayiṣyamāna,svid#2
svedayizyamAna,svid#2,,fut,atma,caus,svedayiṣyamāna,svid#2
sveditavat,svid#2,,past,active,caus,sveditavat,svid#2
svedita,svid#2,,past,pass,caus,svedita,svid#2
svedyamAna,svid#2,,pres,pass,caus,svedyamāna,svid#2
svedya,svid#2,,fut,pass,,svedya,svid#2
svedya,svid#2,,fut,pass,caus,svedya,svid#2
haMsyat,han#1,,fut,para,,haṃsyat,han#1
haMsyamAna,han#1,,fut,atma,,haṃsyamāna,han#1
hawWavat,haW,,past,active,,haṭṭhavat,haṭh
hawWavya,haW,,fut,pass,,haṭṭhavya,haṭh
hawWa,haW,,past,pass,,haṭṭha,haṭh
haWat,haW,1,pres,para,,haṭhat,haṭh
haWanIya,haW,,fut,pass,,haṭhanīya,haṭh
haWamAna,haW,1,pres,atma,,haṭhamāna,haṭh
haWyamAna,haW,,pres,pass,,haṭhyamāna,haṭh
haWya,haW,,fut,pass,,haṭhya,haṭh
haWsyat,haW,,fut,para,,haṭhsyat,haṭh
haWsyamAna,haW,,fut,atma,,haṭhsyamāna,haṭh
hatavat,han#1,,past,active,,hatavat,han#1
hata,han#1,,past,pass,,hata,han#1
hattavya,had,,fut,pass,,hattavya,had
hatsyat,had,,fut,para,,hatsyat,had
hatsyamAna,had,,fut,atma,,hatsyamāna,had
hadat,had,1,pres,para,,hadat,had
hadanIya,had,,fut,pass,,hadanīya,had
hadamAna,had,1,pres,atma,,hadamāna,had
hadyamAna,had,,pres,pass,,hadyamāna,had
hadya,had,,fut,pass,,hadya,had
hananIya,han#1,,fut,pass,,hananīya,han#1
hanAna,han#1,2,pres,atma,,hanāna,han#1
hanizyat,han#1,,fut,para,,haniṣyat,han#1
hanizyamAna,han#1,,fut,atma,,haniṣyamāna,han#1
hantavya,han#1,,fut,pass,,hantavya,han#1
hannavat,had,,past,active,,hannavat,had
hanna,had,,past,pass,,hanna,had
hanyamAna,han#1,,pres,pass,,hanyamāna,han#1
hanya,han#1,,fut,pass,,hanya,han#1
hayanIya,hi#2,,fut,pass,,hayanīya,hi#2
haraRIya,hf#1,,fut,pass,,haraṇīya,hṛ#1
harat,hf#1,1,pres,para,,harat,hṛ#1
haramAna,hf#1,1,pres,atma,,haramāna,hṛ#1
harizyat,hf#1,,fut,para,,hariṣyat,hṛ#1
harizyamAna,hf#1,,fut,atma,,hariṣyamāna,hṛ#1
harizyamAna,hf#2,,fut,atma,,hariṣyamāna,hṛ#2
harkzyat,hfz,,fut,para,,harkṣyat,hṛṣ
harkzyamAna,hfz,,fut,atma,,harkṣyamāna,hṛṣ
hartavya,hf#1,,fut,pass,,hartavya,hṛ#1
harzaRIya,hfz,,fut,pass,,harṣaṇīya,hṛṣ
harzaRIya,hfz,,fut,pass,caus,harṣaṇīya,hṛṣ
harzat,hfz,1,pres,para,,harṣat,hṛṣ
harzamAna,hfz,1,pres,atma,,harṣamāna,hṛṣ
harzayat,hfz,,pres,para,caus,harṣayat,hṛṣ
harzayamAna,hfz,,pres,atma,caus,harṣayamāna,hṛṣ
harzayitavya,hfz,,fut,pass,caus,harṣayitavya,hṛṣ
harzayizyat,hfz,,fut,para,caus,harṣayiṣyat,hṛṣ
harzayizyamAna,hfz,,fut,atma,,harṣayiṣyamāna,hṛṣ
harzayizyamAna,hfz,,fut,atma,caus,harṣayiṣyamāna,hṛṣ
harzitavat,hfz,,past,active,caus,harṣitavat,hṛṣ
harzita,hfz,,past,pass,caus,harṣita,hṛṣ
harzwavya,hfz,,fut,pass,,harṣṭavya,hṛṣ
harzyamAna,hfz,,pres,pass,caus,harṣyamāna,hṛṣ
harzya,hfz,,fut,pass,caus,harṣya,hṛṣ
havanIya,hu,,fut,pass,,havanīya,hu
havanIya,hU,,fut,pass,,havanīya,hū
havamAna,hU,1,pres,atma,,havamāna,hū
havitavya,hU,,fut,pass,,havitavya,hū
havizyat,hU,,fut,para,,haviṣyat,hū
havizyamAna,hU,,fut,atma,,haviṣyamāna,hū
hasat,has,1,pres,para,,hasat,has
hasanIya,has,,fut,pass,,hasanīya,has
hasamAna,has,1,pres,atma,,hasamāna,has
hasitavat,has,,past,active,,hasitavat,has
hasitavya,has,,fut,pass,,hasitavya,has
hasita,has,,past,pass,,hasita,has
hasizyat,has,,fut,para,,hasiṣyat,has
hasizyamAna,has,,fut,atma,,hasiṣyamāna,has
hasyamAna,has,,pres,pass,,hasyamāna,has
hasya,has,,fut,pass,,hasya,has
hAtavat,hA#1,,past,active,,hātavat,hā#1
hAtavya,hA#1,,fut,pass,,hātavya,hā#1
hAta,hA#1,,past,pass,,hāta,hā#1
hAnavat,hA#1,,past,active,,hānavat,hā#1
hAnavat,hA#2,,past,active,,hānavat,hā#2
hAna,hA#1,,past,pass,,hāna,hā#1
hAna,hA#2,,past,pass,,hāna,hā#2
hAnIya,hA#1,,fut,pass,,hānīya,hā#1
hAnIya,hA#2,,fut,pass,,hānīya,hā#2
hAyamAna,hA#2,,pres,pass,,hāyamāna,hā#2
hAraRIya,hf#1,,fut,pass,caus,hāraṇīya,hṛ#1
hArayat,hf#1,,pres,para,caus,hārayat,hṛ#1
hArayamAna,hf#1,,pres,atma,caus,hārayamāna,hṛ#1
hArayitavya,hf#1,,fut,pass,caus,hārayitavya,hṛ#1
hArayizyat,hf#1,,fut,para,caus,hārayiṣyat,hṛ#1
hArayizyamAna,hf#1,,fut,atma,,hārayiṣyamāna,hṛ#1
hArayizyamAna,hf#1,,fut,atma,caus,hārayiṣyamāna,hṛ#1
hAritavat,hf#1,,past,active,caus,hāritavat,hṛ#1
hArita,hf#1,,past,pass,caus,hārita,hṛ#1
hAryamAna,hf#1,,pres,pass,caus,hāryamāna,hṛ#1
hArya,hf#1,,fut,pass,,hārya,hṛ#1
hArya,hf#1,,fut,pass,caus,hārya,hṛ#1
hAsanIya,has,,fut,pass,caus,hāsanīya,has
hAsayat,has,,pres,para,caus,hāsayat,has
hAsayamAna,has,,pres,atma,caus,hāsayamāna,has
hAsayitavya,has,,fut,pass,caus,hāsayitavya,has
hAsayizyat,has,,fut,para,caus,hāsayiṣyat,has
hAsayizyamAna,has,,fut,atma,,hāsayiṣyamāna,has
hAsayizyamAna,has,,fut,atma,caus,hāsayiṣyamāna,has
hAsitavat,has,,past,active,caus,hāsitavat,has
hAsita,has,,past,pass,caus,hāsita,has
hAsyat,hA#1,,fut,para,,hāsyat,hā#1
hAsyamAna,hA#2,,fut,atma,,hāsyamāna,hā#2
hAsyamAna,has,,pres,pass,caus,hāsyamāna,has
hAsya,has,,fut,pass,caus,hāsya,has
hiMsat,hiMs,7,pres,para,,hiṃsat,hiṃs
hiMsat,hiMs,1,pres,para,,hiṃsat,hiṃs
hiMsamAna,hiMs,1,pres,atma,,hiṃsamāna,hiṃs
hiMsAna,hiMs,7,pres,atma,,hiṃsāna,hiṃs
hiMsitavat,hiMs,,past,active,,hiṃsitavat,hiṃs
hiMsitavya,hiMs,,fut,pass,,hiṃsitavya,hiṃs
hiMsita,hiMs,,past,pass,,hiṃsita,hiṃs
hiMsizyat,hiMs,,fut,para,,hiṃsiṣyat,hiṃs
hiMsizyamAna,hiMs,,fut,atma,,hiṃsiṣyamāna,hiṃs
hiMsyamAna,hiMs,,pres,pass,,hiṃsyamāna,hiṃs
hikkat,hikk,1,pres,para,,hikkat,hikk
hikkamAna,hikk,1,pres,atma,,hikkamāna,hikk
hikkitavat,hikk,,past,active,,hikkitavat,hikk
hikkita,hikk,,past,pass,,hikkita,hikk
hikkyamAna,hikk,,pres,pass,,hikkyamāna,hikk
hitavat,hi#2,,past,active,,hitavat,hi#2
hitavat,DA#1,,past,active,,hitavat,dhā#1
hita,hi#2,,past,pass,,hita,hi#2
hita,DA#1,,past,pass,,hita,dhā#1
hinvat,hi#2,5,pres,para,,hinvat,hi#2
hinvAna,hi#2,5,pres,atma,,hinvāna,hi#2
hInavat,hA#1,,past,active,,hīnavat,hā#1
hIna,hA#1,,past,pass,,hīna,hā#1
hIyamAna,hA#1,,pres,pass,,hīyamāna,hā#1
hIyamAna,hi#2,,pres,pass,,hīyamāna,hi#2
hutavat,hu,,past,active,,hutavat,hu
huta,hu,,past,pass,,huta,hu
hUtavat,hU,,past,active,,hūtavat,hū
hUta,hU,,past,pass,,hūta,hū
hUyamAna,hU,,pres,pass,,hūyamāna,hū
hUyamAna,hu,,pres,pass,,hūyamāna,hu
hfRAna,hf#2,9,pres,atma,,hṛṇāna,hṛ#2
hftavat,hf#1,,past,active,,hṛtavat,hṛ#1
hfta,hf#1,,past,pass,,hṛta,hṛ#1
hfzitavat,hfz,,past,active,,hṛṣitavat,hṛṣ
hfzita,hfz,,past,pass,,hṛṣita,hṛṣ
hfzwavat,hfz,,past,active,,hṛṣṭavat,hṛṣ
hfzwa,hfz,,past,pass,,hṛṣṭa,hṛṣ
hfzyat,hfz,4,pres,para,,hṛṣyat,hṛṣ
hfzyamAna,hfz,4,pres,atma,,hṛṣyamāna,hṛṣ
hfzyamAna,hfz,,pres,pass,,hṛṣyamāna,hṛṣ
hfzya,hfz,,fut,pass,,hṛṣya,hṛṣ
heMzya,hiMs,,fut,pass,,heṃṣya,hiṃs
heMsanIya,hiMs,,fut,pass,,heṃsanīya,hiṃs
hekkanIya,hikk,,fut,pass,,hekkanīya,hikk
hekktavya,hikk,,fut,pass,,hekktavya,hikk
hekkya,hikk,,fut,pass,,hekkya,hikk
hekkzyat,hikk,,fut,para,,hekkṣyat,hikk
hekkzyamAna,hikk,,fut,atma,,hekkṣyamāna,hikk
hetavya,hi#2,,fut,pass,,hetavya,hi#2
heya,hA#1,,fut,pass,,heya,hā#1
heya,hA#2,,fut,pass,,heya,hā#2
heya,hi#2,,fut,pass,,heya,hi#2
hezyat,hi#2,,fut,para,,heṣyat,hi#2
hezyamAna,hi#2,,fut,atma,,heṣyamāna,hi#2
hotavya,hu,,fut,pass,,hotavya,hu
hoya,hu,,fut,pass,,hoya,hu
hoya,hU,,fut,pass,,hoya,hū
hozyat,hu,,fut,para,,hoṣyat,hu
hozyamAna,hu,,fut,atma,,hoṣyamāna,hu
hnavanIya,hnu,,fut,pass,,hnavanīya,hnu
hnuvAna,hnu,2,pres,atma,,hnuvāna,hnu
hnUtavat,hnu,,past,active,,hnūtavat,hnu
hnUta,hnu,,past,pass,,hnūta,hnu
hnUyamAna,hnu,,pres,pass,,hnūyamāna,hnu
hnotavya,hnu,,fut,pass,,hnotavya,hnu
hnoya,hnu,,fut,pass,,hnoya,hnu
hnozyamAna,hnu,,fut,atma,,hnoṣyamāna,hnu
hraHsyat,hras,,fut,para,,hraḥsyat,hras
hraHsyamAna,hras,,fut,atma,,hraḥsyamāna,hras
hrasat,hras,1,pres,para,,hrasat,hras
hrasanIya,hras,,fut,pass,,hrasanīya,hras
hrasamAna,hras,1,pres,atma,,hrasamāna,hras
hrasitavat,hras,,past,active,,hrasitavat,hras
hrasita,hras,,past,pass,,hrasita,hras
hrastavya,hras,,fut,pass,,hrastavya,hras
hrasyamAna,hras,,pres,pass,,hrasyamāna,hras
hrasya,hras,,fut,pass,,hrasya,hras
hrAttavya,hrAd,,fut,pass,,hrāttavya,hrād
hrAtsyat,hrAd,,fut,para,,hrātsyat,hrād
hrAtsyamAna,hrAd,,fut,atma,,hrātsyamāna,hrād
hrAdat,hrAd,1,pres,para,,hrādat,hrād
hrAdanIya,hrAd,,fut,pass,,hrādanīya,hrād
hrAdanIya,hrAd,,fut,pass,caus,hrādanīya,hrād
hrAdamAna,hrAd,1,pres,atma,,hrādamāna,hrād
hrAdayat,hrAd,,pres,para,caus,hrādayat,hrād
hrAdayamAna,hrAd,,pres,atma,caus,hrādayamāna,hrād
hrAdayitavya,hrAd,,fut,pass,caus,hrādayitavya,hrād
hrAdayizyat,hrAd,,fut,para,caus,hrādayiṣyat,hrād
hrAdayizyamAna,hrAd,,fut,atma,,hrādayiṣyamāna,hrād
hrAdayizyamAna,hrAd,,fut,atma,caus,hrādayiṣyamāna,hrād
hrAditavat,hrAd,,past,active,,hrāditavat,hrād
hrAditavat,hrAd,,past,active,caus,hrāditavat,hrād
hrAdita,hrAd,,past,pass,,hrādita,hrād
hrAdita,hrAd,,past,pass,caus,hrādita,hrād
hrAdyamAna,hrAd,,pres,pass,,hrādyamāna,hrād
hrAdyamAna,hrAd,,pres,pass,caus,hrādyamāna,hrād
hrAdya,hrAd,,fut,pass,,hrādya,hrād
hrAdya,hrAd,,fut,pass,caus,hrādya,hrād
hrAsanIya,hras,,fut,pass,caus,hrāsanīya,hras
hrAsayat,hras,,pres,para,caus,hrāsayat,hras
hrAsayamAna,hras,,pres,atma,caus,hrāsayamāna,hras
hrAsayitavya,hras,,fut,pass,caus,hrāsayitavya,hras
hrAsayizyat,hras,,fut,para,caus,hrāsayiṣyat,hras
hrAsayizyamAna,hras,,fut,atma,,hrāsayiṣyamāna,hras
hrAsayizyamAna,hras,,fut,atma,caus,hrāsayiṣyamāna,hras
hrAsitavat,hras,,past,active,caus,hrāsitavat,hras
hrAsita,hras,,past,pass,caus,hrāsita,hras
hrAsyamAna,hras,,pres,pass,caus,hrāsyamāna,hras
hrAsya,hras,,fut,pass,caus,hrāsya,hras
hriyamAna,hf#1,,pres,pass,,hriyamāna,hṛ#1
hrIRavat,hrI#1,,past,active,,hrīṇavat,hrī#1
hrIRa,hrI#1,,past,pass,,hrīṇa,hrī#1
hrItavat,hrI#1,,past,active,,hrītavat,hrī#1
hrIta,hrI#1,,past,pass,,hrīta,hrī#1
hrepaRIya,hrI#1,,fut,pass,caus,hrepaṇīya,hrī#1
hrepayat,hrI#1,,pres,para,caus,hrepayat,hrī#1
hrepayamAna,hrI#1,,pres,atma,caus,hrepayamāna,hrī#1
hrepayizyat,hrI#1,,fut,para,caus,hrepayiṣyat,hrī#1
hrepayizyamAna,hrI#1,,fut,atma,,hrepayiṣyamāna,hrī#1
hrepayizyamAna,hrI#1,,fut,atma,caus,hrepayiṣyamāna,hrī#1
hrepitavat,hrI#1,,past,active,caus,hrepitavat,hrī#1
hrepita,hrI#1,,past,pass,caus,hrepita,hrī#1
hrepyamAna,hrI#1,,pres,pass,caus,hrepyamāna,hrī#1
hrepya,hrI#1,,fut,pass,caus,hrepya,hrī#1
hrezyat,hrI#1,,fut,para,,hreṣyat,hrī#1
hrezyamAna,hrI#1,,fut,atma,,hreṣyamāna,hrī#1
hlAttavya,hlAd,,fut,pass,,hlāttavya,hlād
hlAtsyat,hlAd,,fut,para,,hlātsyat,hlād
hlAtsyamAna,hlAd,,fut,atma,,hlātsyamāna,hlād
hlAdat,hlAd,1,pres,para,,hlādat,hlād
hlAdanIya,hlAd,,fut,pass,,hlādanīya,hlād
hlAdanIya,hlAd,,fut,pass,caus,hlādanīya,hlād
hlAdamAna,hlAd,1,pres,atma,,hlādamāna,hlād
hlAdayat,hlAd,,pres,para,caus,hlādayat,hlād
hlAdayamAna,hlAd,,pres,atma,caus,hlādayamāna,hlād
hlAdayitavya,hlAd,,fut,pass,caus,hlādayitavya,hlād
hlAdayizyat,hlAd,,fut,para,caus,hlādayiṣyat,hlād
hlAdayizyamAna,hlAd,,fut,atma,,hlādayiṣyamāna,hlād
hlAdayizyamAna,hlAd,,fut,atma,caus,hlādayiṣyamāna,hlād
hlAditavat,hlAd,,past,active,,hlāditavat,hlād
hlAditavat,hlAd,,past,active,caus,hlāditavat,hlād
hlAdita,hlAd,,past,pass,,hlādita,hlād
hlAdita,hlAd,,past,pass,caus,hlādita,hlād
hlAdyamAna,hlAd,,pres,pass,,hlādyamāna,hlād
hlAdyamAna,hlAd,,pres,pass,caus,hlādyamāna,hlād
hlAdya,hlAd,,fut,pass,,hlādya,hlād
hlAdya,hlAd,,fut,pass,caus,hlādya,hlād
hvayat,hU,1,pres,para,,hvayat,hū
hvayamAna,hU,1,pres,atma,,hvayamāna,hū
hvalat,hval,1,pres,para,,hvalat,hval
hvalanIya,hval,,fut,pass,,hvalanīya,hval
hvalamAna,hval,1,pres,atma,,hvalamāna,hval
hvalitavat,hval,,past,active,,hvalitavat,hval
hvalitavya,hval,,fut,pass,,hvalitavya,hval
hvalita,hval,,past,pass,,hvalita,hval
hvalizyat,hval,,fut,para,,hvaliṣyat,hval
hvalizyamAna,hval,,fut,atma,,hvaliṣyamāna,hval
hvalyamAna,hval,,pres,pass,,hvalyamāna,hval
hvalya,hval,,fut,pass,,hvalya,hval
hvAyanIya,hU,,fut,pass,caus,hvāyanīya,hū
hvAyayat,hU,,pres,para,caus,hvāyayat,hū
hvAyayamAna,hU,,pres,atma,caus,hvāyayamāna,hū
hvAyayitavya,hU,,fut,pass,caus,hvāyayitavya,hū
hvAyayizyat,hU,,fut,para,caus,hvāyayiṣyat,hū
hvAyayizyamAna,hU,,fut,atma,,hvāyayiṣyamāna,hū
hvAyayizyamAna,hU,,fut,atma,caus,hvāyayiṣyamāna,hū
hvAyitavat,hU,,past,active,caus,hvāyitavat,hū
hvAyita,hU,,past,pass,caus,hvāyita,hū
hvAyyamAna,hU,,pres,pass,caus,hvāyyamāna,hū
hvAyya,hU,,fut,pass,caus,hvāyya,hū
