prefixed_root,unprefixed_root,hom,prefixed_root_IAST,unprefixed_root_IAST
akzilakzIkf,kf,,akṣilakṣīkṛ,kṛ
agocarIkf,kf,,agocarīkṛ,kṛ
agraRIkf,kf,,agraṇīkṛ,kṛ
aNgArasAtkf,kf,,aṅgārasātkṛ,kṛ
acCApat,pat,,acchāpat,pat
acCAvft,vft,,acchāvṛt,vṛt
atiTIkf,kf,,atithīkṛ,kṛ
atiTIBU,BU,,atithībhū,bhū
atinizwan,tan,,atiniṣṭan,tan
atinI,nI,,atinī,nī
atiparI,i,,atiparī,i
atipA,pA,1,atipā,pā
atipU,pU,,atipū,pū
atipF,pF,,atipṝ,pṝ
atipraRaS,naS,,atipraṇaś,naś
atipraRI,nI,,atipraṇī,nī
atipraRud,nud,,atipraṇud,nud
atipravA,vA,2,atipravā,vā
atipraSru,Sru,,atipraśru,śru
atiprasad,sad,,atiprasad,sad
atiprahA,hA,,atiprahā,hā
atiBU,BU,,atibhū,bhū
atiBf,Bf,,atibhṛ,bhṛ
ativA,vA,2,ativā,vā
ativiDA,DA,,atividhā,dhā
atiSi,Si,,atiśi,śi
atizkand,skand,,atiṣkand,skand
atizwu,stu,,atiṣṭu,stu
atizWA,sTA,,atiṣṭhā,sthā
atihve,hve,,atihve,hve
atI,i,,atī,i
atyAyat,yat,,atyāyat,yat
atyudDA,hA,,atyuddhā,hā
aDikf,kf,1,adhikṛ,kṛ
aDikf,kf,,adhikṛ,kṛ
aDigam,gam,,adhigam,gam
aDigA,gA,1,adhigā,gā
aDidiS,diS,,adhidiś,diś
aDiDA,DA,,adhidhā,dhā
aDiDf,Df,,adhidhṛ,dhṛ
aDinam,nam,,adhinam,nam
aDinizad,sad,,adhiniṣad,sad
aDiyat,yat,,adhiyat,yat
aDiyam,yam,,adhiyam,yam
aDiruh,ruh,,adhiruh,ruh
aDiluW,luW,,adhiluṭh,luṭh
aDivap,vap,2,adhivap,vap
aDivas,vas,4,adhivas,vas
aDivikram,kram,,adhivikram,kram
aDivid,vid,3,adhivid,vid
aDivfj,vfj,,adhivṛj,vṛj
aDivfD,vfD,,adhivṛdh,vṛdh
aDizu,su,,adhiṣu,su
aDizkand,skand,,adhiṣkand,skand
aDizWA,sTA,,adhiṣṭhā,sthā
aDizvan,svan,,adhiṣvan,svan
aDI,i,,adhī,i
aDIz,iz,,adhīṣ,iṣ
aDyavaso,so,,adhyavaso,so
aDyAs,As,,adhyās,ās
aDyutTA,sTA,,adhyutthā,sthā
aDyudDf,hf,,adhyuddhṛ,hṛ
aDyupekz,Ikz,,adhyupekṣ,īkṣ
anukamp,kamp,,anukamp,kamp
anukA,kA,,anukā,kā
anukfp,kfp,,anukṛp,kṛp
anukrand,krand,,anukrand,krand
anugam,gam,,anugam,gam
anucakz,cakz,,anucakṣ,cakṣ
anuci,ci,2,anuci,ci
anucCid,Cid,,anucchid,chid
anucCo,Co,,anuccho,cho
anujan,jan,,anujan,jan
anujalp,jalp,,anujalp,jalp
anudfS,dfS,,anudṛś,dṛś
anuDanv,Danv,,anudhanv,dhanv
anuDI,DI,,anudhī,dhī
anuDvaMs,DvaMs,,anudhvaṃs,dhvaṃs
anunad,nad,,anunad,nad
anunam,nam,,anunam,nam
anupariRI,nI,,anupariṇī,nī
anuparI,i,,anuparī,i
anupare,i,,anupare,i
anuparye,i,,anuparye,i
anupaS,paS,,anupaś,paś
anupA,pA,2,anupā,pā
anupU,pU,,anupū,pū
anupraRud,nud,,anupraṇud,nud
anupratizWA,sTA,,anupratiṣṭhā,sthā
anupraT,praT,,anuprath,prath
anuprapA,pA,1,anuprapā,pā
anuprAR,an,,anuprāṇ,an
anuprAp,Ap,,anuprāp,āp
anuprAs,as,,anuprās,as
anupre,i,,anupre,i
anuprekz,Ikz,,anuprekṣ,īkṣ
anuprez,iz,,anupreṣ,iṣ
anuproh,Uh,,anuproh,ūh
anubrU,brU,,anubrū,brū
anuman,man,,anuman,man
anuyat,yat,,anuyat,yat
anuyam,yam,,anuyam,yam
anuraYj,raYj,,anurañj,rañj
anuram,ram,,anuram,ram
anuriz,riz,,anuriṣ,riṣ
anurI,rI,,anurī,rī
anuruc,ruc,,anuruc,ruc
anuruD,ruD,,anurudh,rudh
anuruh,ruh,,anuruh,ruh
anulip,lip,,anulip,lip
anuvad,vad,,anuvad,vad
anuvap,vap,2,anuvap,vap
anuvazawkf,kf,,anuvaṣaṭkṛ,kṛ
anuvA,vA,,anuvā,vā
anuvikram,kram,,anuvikram,kram
anuvid,vid,1,anuvid,vid
anuvid,vid,3,anuvid,vid
anuvinad,nad,,anuvinad,nad
anuvilok,lok,,anuvilok,lok
anuvivft,vft,,anuvivṛt,vṛt
anuvizic,sic,,anuviṣic,sic
anuvizWA,sTA,,anuviṣṭhā,sthā
anuvizyand,syand,,anuviṣyand,syand
anuvI,i,,anuvī,i
anuvIkz,Ikz,,anuvīkṣ,īkṣ
anuvf,vf,,anuvṛ,vṛ
anuvft,vft,,anuvṛt,vṛt
anuvezw,vezw,,anuveṣṭ,veṣṭ
anuvyaD,vyaD,,anuvyadh,vyadh
anuvyavagA,gA,1,anuvyavagā,gā
anuvyave,i,,anuvyave,i
anuSak,Sak,,anuśak,śak
anuSI,SI,1,anuśī,śī
anuSuc,Suc,1,anuśuc,śuc
anuSraT,SraT,,anuśrath,śrath
anuSru,Sru,,anuśru,śru
anuzac,sac,,anuṣac,sac
anuzaYj,saYj,,anuṣañj,sañj
anuzic,sic,,anuṣic,sic
anuziD,siD,,anuṣidh,sidh
anuzwu,stu,,anuṣṭu,stu
anuzwuB,stuB,,anuṣṭubh,stubh
anuzWA,sTA,,anuṣṭhā,sthā
anuzyand,syand,,anuṣyand,syand
anusaMKyA,KyA,,anusaṃkhyā,khyā
anusaMcar,car,,anusaṃcar,car
anusaMraB,raB,,anusaṃrabh,rabh
anusaMsf,sf,,anusaṃsṛ,sṛ
anusaMsTA,sTA,,anusaṃsthā,sthā
anusamAp,Ap,,anusamāp,āp
anusamAraB,raB,,anusamārabh,rabh
anusami,i,,anusami,i
anusamprAp,Ap,,anusamprāp,āp
anusf,sf,,anusṛ,sṛ
anusfj,sfj,,anusṛj,sṛj
anusmf,smf,,anusmṛ,smṛ
anuhA,hA,2,anuhā,hā
anuhf,hf,,anuhṛ,hṛ
anUkz,ukz,,anūkṣ,ukṣ
anUjji,ji,,anūjji,ji
anUd,ud,,anūd,ud
anUde,i,,anūde,i
anUdDA,hA,,anūddhā,hā
anUdDf,hf,,anūddhṛ,hṛ
anUnnI,nI,,anūnnī,nī
anUpaDA,DA,,anūpadhā,dhā
anUpasTA,sTA,,anūpasthā,sthā
antaraya,i,,antaraya,i
antarADA,DA,,antarādhā,dhā
antarIkf,kf,,antarīkṛ,kṛ
antarupAtI,i,,antarupātī,i
antarDA,DA,,antardhā,dhā
anvat,at,,anvat,at
anvatI,i,,anvatī,i
anvaBizic,sic,,anvabhiṣic,sic
anvavArj,arj,,anvavārj,arj
anvavAs,as,,anvavās,as
anvave,i,,anvave,i
anvavekz,Ikz,,anvavekṣ,īkṣ
anvaS,aS,1,anvaś,aś
anvAkram,kram,,anvākram,kram
anvAdA,dA,1,anvādā,dā
anvADA,DA,,anvādhā,dhā
anvABaj,Baj,,anvābhaj,bhaj
anvAhiRq,hiRq,,anvāhiṇḍ,hiṇḍ
anviz,iz,3,anviṣ,iṣ
anvf,f,,anvṛ,ṛ
anvfD,fD,,anvṛdh,ṛdh
anve,i,,anve,i
apakft,kft,2,apakṛt,kṛt
apakfz,kfz,,apakṛṣ,kṛṣ
apakF,kF,1,apakṝ,kṝ
apaguh,guh,,apaguh,guh
apacit,cit,,apacit,cit
apacCad,Cad,,apacchad,chad
apacCid,Cid,,apacchid,chid
apacyu,cyu,,apacyu,cyu
apanilI,lI,,apanilī,lī
apapare,i,,apapare,i
apapruT,pruT,,apapruth,pruth
apapre,i,,apapre,i
apabAD,bAD,,apabādh,bādh
apaBaj,Baj,,apabhaj,bhaj
apamfj,mfj,,apamṛj,mṛj
apame,me,,apame,me
apayuj,yuj,,apayuj,yuj
apalap,lap,,apalap,lap
apavad,vad,,apavad,vad
apavic,vic,,apavic,vic
apavf,vf,1,apavṛ,vṛ
apavfj,vfj,,apavṛj,vṛj
apavft,vft,,apavṛt,vṛt
apavye,vye,,apavye,vye
apaSvas,Svas,,apaśvas,śvas
apasac,sac,,apasac,sac
apaspf,spf,,apaspṛ,spṛ
apahA,hA,2,apahā,hā
apahA,hA,3,apahā,hā
apahnu,hnu,,apahnu,hnu
apAdA,dA,1,apādā,dā
apAr,f,,apār,ṛ
apArC,fC,,apārch,ṛch
apAvft,vft,,apāvṛt,vṛt
apASri,Sri,,apāśri,śri
apAhf,hf,,apāhṛ,hṛ
apiGas,Gas,,apighas,ghas
apibanD,banD,,apibandh,bandh
apimfz,mfz,,apimṛṣ,mṛṣ
apivat,vat,,apivat,vat
apivf,vf,1,apivṛ,vṛ
apivye,vye,,apivye,vye
apiSF,SF,,apiśṝ,śṝ
apizWA,sTA,,apiṣṭhā,sthā
apisfj,sfj,,apisṛj,sṛj
apihve,hve,,apihve,hve
ape,i,,ape,i
apocCad,Cad,,apocchad,chad
apotkfz,kfz,,apotkṛṣ,kṛṣ
apodi,i,,apodi,i
aporRu,UrRu,,aporṇu,ūrṇu
apoh,Uh,,apoh,ūh
apyas,as,2,apyas,as
aBikxp,kxp,,abhikḷp,kḷp
aBikzip,kzip,,abhikṣip,kṣip
aBigAh,gAh,,abhigāh,gāh
aBicCad,Cad,,abhicchad,chad
aBijan,jan,,abhijan,jan
aBitan,tan,,abhitan,tan
aBitF,tF,,abhitṝ,tṝ
aBiduh,duh,,abhiduh,duh
aBiDanv,Danv,,abhidhanv,dhanv
aBiDA,DA,,abhidhā,dhā
aBiDI,DI,,abhidhī,dhī
aBinakz,nakz,,abhinakṣ,nakṣ
aBinard,nard,,abhinard,nard
aBiniDA,DA,,abhinidhā,dhā
aBinirRud,nud,,abhinirṇud,nud
aBinirmi,mi,,abhinirmi,mi
aBinizad,sad,,abhiniṣad,sad
aBinI,i,,abhinī,i
aBinu,nu,3,abhinu,nu
aBinu,nu,4,abhinu,nu
aBiparizvaYj,svaYj,,abhipariṣvañj,svañj
aBiparihf,hf,,abhiparihṛ,hṛ
aBipare,i,,abhipare,i
aBiparyAvft,vft,,abhiparyāvṛt,vṛt
aBiparye,i,,abhiparye,i
aBipale,i,,abhipale,i
aBipA,pA,2,abhipā,pā
aBipiS,piS,,abhipiś,piś
aBipyE,pyE,,abhipyai,pyai
aBiprakram,kram,,abhiprakram,kram
aBipracyu,cyu,,abhipracyu,cyu
aBiprajan,jan,,abhiprajan,jan
aBipraRakz,nakz,,abhipraṇakṣ,nakṣ
aBipraRad,nad,,abhipraṇad,nad
aBipraRam,nam,,abhipraṇam,nam
aBipraRI,nI,,abhipraṇī,nī
aBipraRu,nu,,abhipraṇu,nu
aBipratipad,pad,,abhipratipad,pad
aBipratyave,i,,abhipratyave,i
aBipratye,i,,abhipratye,i
aBipraT,praT,,abhiprath,prath
aBipradru,dru,2,abhipradru,dru
aBiprabuD,buD,,abhiprabudh,budh
aBipraman,man,,abhipraman,man
aBipramand,mand,1,abhipramand,mand
aBipravft,vft,,abhipravṛt,vṛt
aBiprasf,sf,,abhiprasṛ,sṛ
aBiprAR,an,,abhiprāṇ,an
aBiprAp,Ap,,abhiprāp,āp
aBiprArc,arc,,abhiprārc,arc
aBiprArT,arT,,abhiprārth,arth
aBiprAS,aS,,abhiprāś,aś
aBiprAs,as,,abhiprās,as
aBipre,i,,abhipre,i
aBiprekz,Ikz,,abhiprekṣ,īkṣ
aBiprer,Ir,,abhiprer,īr
aBiprez,iz,,abhipreṣ,iṣ
aBiBuj,Buj,3,abhibhuj,bhuj
aBimantr,mantr,,abhimantr,mantr
aBimand,mand,1,abhimand,mand
aBimuc,muc,,abhimuc,muc
aBimf,mf,,abhimṛ,mṛ
aBimfkz,mfkz,,abhimṛkṣ,mṛkṣ
aBimfS,mfS,,abhimṛś,mṛś
aBiyaj,yaj,,abhiyaj,yaj
aBiyuj,yuj,,abhiyuj,yuj
aBirakz,rakz,,abhirakṣ,rakṣ
aBiraYj,raYj,,abhirañj,rañj
aBiraB,raB,,abhirabh,rabh
aBiruc,ruc,,abhiruc,ruc
aBilaB,laB,,abhilabh,labh
aBivad,vad,,abhivad,vad
aBivand,vand,,abhivand,vand
aBivaS,vaS,,abhivaś,vaś
aBivicar,car,,abhivicar,car
aBivij,vij,,abhivij,vij
aBivitan,tan,,abhivitan,tan
aBivid,vid,3,abhivid,vid
aBiviBaj,Baj,,abhivibhaj,bhaj
aBiviruc,ruc,,abhiviruc,ruc
aBivivas,vas,2,abhivivas,vas
aBivizaYj,saYj,,abhiviṣañj,sañj
aBivizWA,sTA,,abhiviṣṭhā,sthā
aBivizyand,syand,,abhiviṣyand,syand
aBivisfj,sfj,,abhivisṛj,sṛj
aBivI,i,,abhivī,i
aBivIkz,Ikz,,abhivīkṣ,īkṣ
aBivft,vft,,abhivṛt,vṛt
aBivfD,vfD,,abhivṛdh,vṛdh
aBivfz,vfz,,abhivṛṣ,vṛṣ
aBivyaD,vyaD,,abhivyadh,vyadh
aBivye,vye,,abhivye,vye
aBiSaNk,SaNk,,abhiśaṅk,śaṅk
aBiSap,Sap,,abhiśap,śap
aBiSI,SI,3,abhiśī,śī
aBiSuB,SuB,,abhiśubh,śubh
aBiScut,Scut,,abhiścut,ścut
aBizac,sac,,abhiṣac,sac
aBizaYj,saYj,,abhiṣañj,sañj
aBizad,sad,,abhiṣad,sad
aBizah,sah,,abhiṣah,sah
aBizic,sic,,abhiṣic,sic
aBiziv,siv,,abhiṣiv,siv
aBizu,su,,abhiṣu,su
aBizU,sU,,abhiṣū,sū
aBizUd,sUd,,abhiṣūd,sūd
aBizo,so,,abhiṣo,so
aBizwan,stan,,abhiṣṭan,stan
aBizwamB,stamB,,abhiṣṭambh,stambh
aBizwu,stu,,abhiṣṭu,stu
aBizwuB,stuB,,abhiṣṭubh,stubh
aBizWA,sTA,,abhiṣṭhā,sthā
aBizyand,syand,,abhiṣyand,syand
aBizvaYj,svaYj,,abhiṣvañj,svañj
aBisaMgam,gam,,abhisaṃgam,gam
aBisaMci,ci,1,abhisaṃci,ci
aBisaMnah,nah,,abhisaṃnah,nah
aBisaMnu,nu,4,abhisaṃnu,nu
aBisaMraB,raB,,abhisaṃrabh,rabh
aBisaMvas,vas,4,abhisaṃvas,vas
aBisaMvas,vas,5,abhisaṃvas,vas
aBisaMvid,vid,3,abhisaṃvid,vid
aBisaMviS,viS,,abhisaṃviś,viś
aBisaMvIkz,Ikz,,abhisaṃvīkṣ,īkṣ
aBisaMvft,vft,,abhisaṃvṛt,vṛt
aBisaMSri,Sri,,abhisaṃśri,śri
aBisaMskf,kf,1,abhisaṃskṛ,kṛ
aBisaMsvaYj,svaYj,,abhisaṃsvañj,svañj
aBisatkf,kf,,abhisatkṛ,kṛ
aBisap,sap,,abhisap,sap
aBisamApad,pad,,abhisamāpad,pad
aBisamf,f,,abhisamṛ,ṛ
aBisame,i,,abhisame,i
aBisamprekz,Ikz,,abhisamprekṣ,īkṣ
aBihan,han,,abhihan,han
aBihary,hary,,abhihary,hary
aBihiNkf,kf,,abhihiṅkṛ,kṛ
aBI,i,,abhī,i
aBIkz,Ikz,,abhīkṣ,īkṣ
aByaj,aj,,abhyaj,aj
aByaYj,aYj,,abhyañj,añj
aByativad,vad,,abhyativad,vad
aByatI,i,,abhyatī,i
aByanuvad,vad,,abhyanuvad,vad
aByapaSri,Sri,,abhyapaśri,śri
aByapAn,an,,abhyapān,an
aByam,am,,abhyam,am
aByarc,arc,,abhyarc,arc
aByart,art,,abhyart,art
aByarT,arT,,abhyarth,arth
aByavanij,nij,,abhyavanij,nij
aByavavft,vft,,abhyavavṛt,vṛt
aByavAs,as,,abhyavās,as
aByave,i,,abhyave,i
aByavekz,Ikz,,abhyavekṣ,īkṣ
aByaS,aS,1,abhyaś,aś
aByas,as,2,abhyas,as
aByAj,aj,,abhyāj,aj
aByAtan,tan,,abhyātan,tan
aByAdA,dA,1,abhyādā,dā
aByAp,Ap,,abhyāp,āp
aByAyam,yam,,abhyāyam,yam
aByAyu,yu,2,abhyāyu,yu
aByAraB,raB,,abhyārabh,rabh
aByAviS,viS,,abhyāviś,viś
aByAvft,vft,,abhyāvṛt,vṛt
aByAhan,han,,abhyāhan,han
aByukz,ukz,1,abhyukṣ,ukṣ
aByutkram,kram,,abhyutkram,kram
aByutTA,sTA,,abhyutthā,sthā
aByudIkz,Ikz,,abhyudīkṣ,īkṣ
aByude,i,,abhyude,i
aByudDA,hA,,abhyuddhā,hā
aByudDf,hf,,abhyuddhṛ,hṛ
aByupaDA,DA,,abhyupadhā,dhā
aByupapad,pad,,abhyupapad,pad
aByupAvft,vft,,abhyupāvṛt,vṛt
aByupe,i,,abhyupe,i
aByupekz,Ikz,,abhyupekṣ,īkṣ
aByUrRu,UrRu,,abhyūrṇu,ūrṇu
aByUh,Uh,2,abhyūh,ūh
aByfYj,fYj,,abhyṛñj,ṛñj
aBye,i,,abhye,i
avakAS,kAS,,avakāś,kāś
avakfz,kfz,,avakṛṣ,kṛṣ
avakF,kF,,avakṝ,kṝ
avakrI,krI,,avakrī,krī
avakrIq,krIq,,avakrīḍ,krīḍ
avagam,gam,,avagam,gam
avagF,gF,,avagṝ,gṝ
avacakz,cakz,,avacakṣ,cakṣ
avacCad,Cad,,avacchad,chad
avacCid,Cid,,avacchid,chid
avacCo,Co,,avaccho,cho
avajfmB,jfmB,,avajṛmbh,jṛmbh
avatan,tan,,avatan,tan
avatF,tF,,avatṝ,tṝ
avadih,dih,,avadih,dih
avaduh,duh,,avaduh,duh
avado,do,,avado,do
avaDA,DA,,avadhā,dhā
avaDU,DU,,avadhū,dhū
avaDvaMs,DvaMs,,avadhvaṃs,dhvaṃs
avanam,nam,,avanam,nam
avanij,nij,,avanij,nij
avanu,nu,,avanu,nu
avapad,pad,,avapad,pad
avapaS,paS,,avapaś,paś
avaplu,plu,,avaplu,plu
avabanD,banD,,avabandh,bandh
avabAD,bAD,,avabādh,bādh
avabuD,buD,,avabudh,budh
avaBAs,BAs,,avabhās,bhās
avaBf,Bf,,avabhṛ,bhṛ
avaman,man,,avaman,man
avamuc,muc,,avamuc,muc
avamfj,mfj,,avamṛj,mṛj
avayaj,yaj,,avayaj,yaj
avaruD,ruD,,avarudh,rudh
avaruh,ruh,,avaruh,ruh
avalamb,lamb,,avalamb,lamb
avalip,lip,,avalip,lip
avalih,lih,,avalih,lih
avalI,lI,,avalī,lī
avalup,lup,,avalup,lup
avalok,lok,,avalok,lok
avaSI,SI,,avaśī,śī
avaSfD,SfD,,avaśṛdh,śṛdh
avazwamB,stamB,,avaṣṭambh,stambh
avazvan,svan,,avaṣvan,svan
avasaYj,saYj,,avasañj,sañj
avasad,sad,,avasad,sad
avasfj,sfj,,avasṛj,sṛj
avaskF,kF,,avaskṝ,kṝ
avastF,stF,,avastṝ,stṝ
avasTA,sTA,,avasthā,sthā
avasmi,smi,,avasmi,smi
avasyand,syand,,avasyand,syand
avasraMs,sraMs,,avasraṃs,sraṃs
avahan,han,,avahan,han
avahf,hf,,avahṛ,hṛ
avahve,hve,,avahve,hve
avAloc,loc,,avāloc,loc
ave,i,,ave,i
avekz,Ikz,,avekṣ,īkṣ
aSraddaDAna,DA,,aśraddadhāna,dhā
Akac,kac,,ākac,kac
Akamp,kamp,,ākamp,kamp
AkA,kA,,ākā,kā
AkANkz,kANkz,,ākāṅkṣ,kāṅkṣ
AkU,kU,,ākū,kū
Akf,kf,,ākṛ,kṛ
Akrand,krand,,ākrand,krand
Akram,kram,,ākram,kram
AkrIq,krIq,,ākrīḍ,krīḍ
Akzi,kzi,,ākṣi,kṣi
AKAd,KAd,,ākhād,khād
AKid,Kid,,ākhid,khid
AKyA,KyA,,ākhyā,khyā
Agam,gam,,āgam,gam
Agur,gur,,āgur,gur
AgE,gE,,āgai,gai
AgranT,granT,,āgranth,granth
Agrah,grah,,āgrah,grah
AGuz,Guz,,āghuṣ,ghuṣ
AGrA,GrA,,āghrā,ghrā
Ac,ac,,āc,ac
Acakz,cakz,,ācakṣ,cakṣ
Aci,ci,1,āci,ci
Acit,cit,,ācit,cit
AcCad,Cad,,ācchad,chad
AcCid,Cid,,ācchid,chid
AcCfd,Cfd,,ācchṛd,chṛd
AcCo,Co,,āccho,cho
Acyu,cyu,,ācyu,cyu
Aj,aj,,āj,aj
Ajan,jan,,ājan,jan
AjIv,jIv,,ājīv,jīv
AYc,aYc,,āñc,añc
AYj,aYj,,āñj,añj
Aqval,wval,,āḍval,ṭval
AtaMs,taMs,,ātaṃs,taṃs
Atan,tan,,ātan,tan
Atam,tam,,ātam,tam
Atfd,tfd,,ātṛd,tṛd
Atfp,tfp,,ātṛp,tṛp
AtF,tF,,ātṝ,tṝ
AdaG,daG,,ādagh,dagh
AdaB,daB,,ādabh,dabh
AdA,dA,1,ādā,dā
AdA,dA,4,ādā,dā
AdiS,diS,,ādiś,diś
AdIp,dIp,,ādīp,dīp
Adu,du,1,ādu,du
Aduh,duh,,āduh,duh
Adf,df,,ādṛ,dṛ
AdfS,dfS,,ādṛś,dṛś
AdF,dF,,ādṝ,dṝ
AdE,dE,,ādai,dai
Ado,do,,ādo,do
Adyut,dyut,2,ādyut,dyut
Adru,dru,1,ādru,dru
ADA,DA,,ādhā,dhā
ADAv,DAv,,ādhāv,dhāv
ADI,DI,,ādhī,dhī
ADu,Du,,ādhu,dhu
ADU,DU,,ādhū,dhū
ADf,Df,,ādhṛ,dhṛ
ADfz,Dfz,,ādhṛṣ,dhṛṣ
ADmA,DmA,,ādhmā,dhmā
ADyE,DyE,,ādhyai,dhyai
Anad,nad,,ānad,nad
Anand,nand,,ānand,nand
Anam,nam,,ānam,nam
Anah,nah,,ānah,nah
AnI,nI,,ānī,nī
Anu,nu,4,ānu,nu
Anft,nft,,ānṛt,nṛt
Ap,Ap,,āp,āp
Apat,pat,1,āpat,pat
Apad,pad,,āpad,pad
Apan,pan,,āpan,pan
ApaS,paS,,āpaś,paś
ApA,pA,1,āpā,pā
ApiS,piS,,āpiś,piś
Apiz,piz,,āpiṣ,piṣ
ApU,pU,,āpū,pū
ApUy,pUy,,āpūy,pūy
Apf,pf,1,āpṛ,pṛ
Apf,pf,2,āpṛ,pṛ
Apfc,pfc,,āpṛc,pṛc
ApF,pF,,āpṝ,pṝ
ApyE,pyE,,āpyai,pyai
ApraC,praC,,āprach,prach
ApratI,i,,āpratī,i
Aprayam,yam,,āprayam,yam
AprA,prA,,āprā,prā
AprI,prI,,āprī,prī
Apru,pru,,āpru,pru
Aplu,plu,,āplu,plu
AbanD,banD,,ābandh,bandh
AbAD,bAD,,ābādh,bādh
AbuD,buD,,ābudh,budh
Abfh,bfh,,ābṛh,bṛh
AbrU,brU,,ābrū,brū
ABaj,Baj,,ābhaj,bhaj
ABA,BA,,ābhā,bhā
ABAz,BAz,,ābhāṣ,bhāṣ
ABAs,BAs,,ābhās,bhās
ABuj,Buj,1,ābhuj,bhuj
ABUz,BUz,,ābhūṣ,bhūṣ
ABf,Bf,,ābhṛ,bhṛ
AmaT,maT,,āmath,math
Aman,man,,āman,man
Amantr,mantr,,āmantr,mantr
Amah,mah,,āmah,mah
AmA,mA,2,āmā,mā
AmI,mI,,āmī,mī
AmIl,mIl,,āmīl,mīl
AmIv,mIv,,āmīv,mīv
Amuc,muc,,āmuc,muc
Amuz,muz,,āmuṣ,muṣ
Amfj,mfj,,āmṛj,mṛj
Amfd,mfd,,āmṛd,mṛd
AmfS,mfS,,āmṛś,mṛś
Amfz,mfz,,āmṛṣ,mṛṣ
AmnA,mnA,,āmnā,mnā
Amyakz,myakz,,āmyakṣ,myakṣ
Amreq,mreq,,āmreḍ,mreḍ
Ayaj,yaj,,āyaj,yaj
Ayat,yat,,āyat,yat
Ayam,yam,,āyam,yam
Ayas,yas,,āyas,yas
AyA,yA,,āyā,yā
AyAc,yAc,,āyāc,yāc
Ayu,yu,2,āyu,yu
Ayuj,yuj,,āyuj,yuj
AyuD,yuD,,āyudh,yudh
Ayup,yup,,āyup,yup
Arakz,rakz,,ārakṣ,rakṣ
Araw,raw,,āraṭ,raṭ
Arap,rap,,ārap,rap
AraB,raB,,ārabh,rabh
Aram,ram,,āram,ram
Aras,ras,1,āras,ras
ArAD,rAD,,ārādh,rādh
Aric,ric,,āric,ric
AriP,riP,,āriph,riph
AriS,riS,,āriś,riś
Arih,rih,,ārih,rih
ArI,rI,,ārī,rī
Aru,ru,1,āru,ru
Aruc,ruc,,āruc,ruc
Aruj,ruj,,āruj,ruj
AruD,ruD,2,ārudh,rudh
Aruh,ruh,,āruh,ruh
Alakz,lakz,,ālakṣ,lakṣ
Alag,lag,,ālag,lag
AlaB,laB,,ālabh,labh
Alamb,lamb,,ālamb,lamb
Alaz,laz,,ālaṣ,laṣ
AliK,liK,,ālikh,likh
AliNg,liNg,,āliṅg,liṅg
Alip,lip,,ālip,lip
Alih,lih,,ālih,lih
AlI,lI,,ālī,lī
AluYc,luYc,,āluñc,luñc
Aluq,luq,,āluḍ,luḍ
Alup,lup,,ālup,lup
AluB,luB,,ālubh,lubh
AlU,lU,,ālū,lū
Alok,lok,,ālok,lok
Aloc,loc,,āloc,loc
Avac,vac,,āvac,vac
Avad,vad,,āvad,vad
AvaD,vaD,,āvadh,vadh
Avan,van,,āvan,van
Avap,vap,2,āvap,vap
Avalg,valg,,āvalg,valg
Avas,vas,5,āvas,vas
Avah,vah,,āvah,vah
AvA,vA,,āvā,vā
Avitan,tan,,āvitan,tan
Avid,vid,1,āvid,vid
Avid,vid,3,āvid,vid
AviBA,BA,,āvibhā,bhā
AviS,viS,,āviś,viś
Avihan,han,,āvihan,han
AvI,vI,,āvī,vī
Avf,vf,1,āvṛ,vṛ
Avf,vf,2,āvṛ,vṛ
Avfj,vfj,,āvṛj,vṛj
Avft,vft,,āvṛt,vṛt
AvfD,vfD,,āvṛdh,vṛdh
Avfz,vfz,,āvṛṣ,vṛṣ
Avfh,vfh,,āvṛh,vṛh
Ave,ve,,āve,ve
Ave,i,,āve,i
Avezw,vezw,,āveṣṭ,veṣṭ
AvyaD,vyaD,,āvyadh,vyadh
Avye,vye,,āvye,vye
Avraj,vraj,,āvraj,vraj
AvraSc,vraSc,,āvraśc,vraśc
AS,aS,,āś,aś
ASaMs,SaMs,,āśaṃs,śaṃs
ASak,Sak,,āśak,śak
ASaNk,SaNk,,āśaṅk,śaṅk
ASAs,SAs,,āśās,śās
ASi,Si,,āśi,śi
ASI,SI,,āśī,śī
ASuc,Suc,,āśuc,śuc
ASuz,Suz,,āśuṣ,śuṣ
ASyE,SyE,,āśyai,śyai
ASri,Sri,,āśri,śri
ASrI,SrI,,āśrī,śrī
ASru,Sru,,āśru,śru
ASlaT,SlaT,,āślath,ślath
ASliz,Sliz,,āśliṣ,śliṣ
ASvas,Svas,,āśvas,śvas
As,as,,ās,as
Asac,sac,,āsac,sac
AsaYj,saYj,,āsañj,sañj
Asad,sad,,āsad,sad
Asan,san,,āsan,san
Asi,si,,āsi,si
Asic,sic,,āsic,sic
Asiv,siv,,āsiv,siv
Asu,su,3,āsu,su
AsU,sU,,āsū,sū
Asf,sf,,āsṛ,sṛ
Asfj,sfj,,āsṛj,sṛj
Asev,sev,,āsev,sev
Askand,skand,,āskand,skand
AskaB,skaB,,āskabh,skabh
Asku,sku,,āsku,sku
AstuB,stuB,,āstubh,stubh
Astf,stf,,āstṛ,stṛ
AsTA,sTA,,āsthā,sthā
Aspand,spand,,āspand,spand
Aspf,spf,,āspṛ,spṛ
AsPAy,sPAy,,āsphāy,sphāy
Asyand,syand,,āsyand,syand
Asru,sru,,āsru,sru
Asvad,svad,,āsvad,svad
Asvan,svan,,āsvan,svan
Asvid,svid,,āsvid,svid
Ahan,han,,āhan,han
Ahary,hary,,āhary,hary
Ahi,hi,,āhi,hi
AhiMs,hiMs,,āhiṃs,hiṃs
Ahu,hu,,āhu,hu
Ahf,hf,,āhṛ,hṛ
Ahfz,hfz,,āhṛṣ,hṛṣ
Ahvf,hvf,,āhvṛ,hvṛ
Ahve,hve,,āhve,hve
izkf,kf,,iṣkṛ,kṛ
uccak,cak,,uccak,cak
uccaw,caw,,uccaṭ,caṭ
uccar,car,,uccar,car
uccal,cal,,uccal,cal
ucci,ci,,ucci,ci
uccumb,cumb,,uccumb,cumb
ucculump,culump,,ucculump,culump
uccyu,cyu,,uccyu,cyu
ucCaMs,SaMs,,ucchaṃs,śaṃs
ucCad,Cad,,ucchad,chad
ucCal,Sal,,ucchal,śal
ucCAs,SAs,,ucchās,śās
ucCid,Cid,,ucchid,chid
ucCiz,Siz,,ucchiṣ,śiṣ
ucCI,SI,,ucchī,śī
ucCuc,Suc,,ucchuc,śuc
ucCuz,Suz,,ucchuṣ,śuṣ
ucCraT,SraT,,ucchrath,śrath
ucCri,Sri,,ucchri,śri
ucCvaYc,SvaYc,,ucchvañc,śvañc
ucCvas,Svas,,ucchvas,śvas
ucCvi,Svi,,ucchvi,śvi
ujjan,jan,,ujjan,jan
ujjas,jas,,ujjas,jas
ujjAgf,jAgf,,ujjāgṛ,jāgṛ
ujji,ji,,ujji,ji
ujjIv,jIv,,ujjīv,jīv
ujjfmB,jfmB,,ujjṛmbh,jṛmbh
ujjval,jval,,ujjval,jval
uqqI,qI,,uḍḍī,ḍī
utkand,skand,,utkand,skand
utkamp,kamp,,utkamp,kamp
utkal,kal,,utkal,kal
utkal,kal,,utkal,kal
utkalApaya,kal,,utkalāpaya,kal
utkaz,kaz,,utkaṣ,kaṣ
utkas,kas,,utkas,kas
utkAS,kAS,,utkāś,kāś
utkAs,kAs,,utkās,kās
utkIl,kIl,,utkīl,kīl
utkuc,kuc,,utkuc,kuc
utkuw,kuw,,utkuṭ,kuṭ
utkU,kU,,utkū,kū
utkUj,kUj,,utkūj,kūj
utkUrd,kUrd,,utkūrd,kūrd
utkf,kf,,utkṛ,kṛ
utkft,kft,,utkṛt,kṛt
utkft,kft,,utkṛt,kṛt
utkfz,kfz,,utkṛṣ,kṛṣ
utkF,kF,,utkṝ,kṝ
utkFt,kFt,,utkṝt,kṝt
utkxp,kxp,,utkḷp,kḷp
utkram,kram,,utkram,kram
utkruS,kruS,,utkruś,kruś
utkliS,kliS,,utkliś,kliś
utkvaT,kvaT,,utkvath,kvath
utkzip,kzip,,utkṣip,kṣip
utkzvid,kzvid,,utkṣvid,kṣvid
utKac,Kac,,utkhac,khac
utKan,Kan,,utkhan,khan
utKid,Kid,,utkhid,khid
uttakz,takz,,uttakṣ,takṣ
uttan,tan,,uttan,tan
uttap,tap,,uttap,tap
uttam,tam,,uttam,tam
uttamB,stamB,,uttambh,stambh
uttij,tij,,uttij,tij
uttu,tu,,uttu,tu
uttud,tud,,uttud,tud
uttul,tul,,uttul,tul
uttfd,tfd,,uttṛd,tṛd
uttF,tF,,uttṝ,tṝ
uttras,tras,,uttras,tras
utTA,sTA,,utthā,sthā
utpac,pac,,utpac,pac
utpaw,paw,,utpaṭ,paṭ
utpat,pat,,utpat,pat
utpad,pad,,utpad,pad
utpaS,paS,,utpaś,paś
utpA,pA,,utpā,pā
utpA,pA,,utpā,pā
utpIq,pIq,,utpīḍ,pīḍ
utpU,pU,,utpū,pū
utpF,pF,,utpṝ,pṝ
utpyE,pyE,,utpyai,pyai
utpru,pru,,utpru,pru
utprekz,Ikz,,utprekṣ,īkṣ
utplu,plu,,utplu,plu
utPal,Pal,,utphal,phal
utsad,sad,,utsad,sad
utsarj,sarj,,utsarj,sarj
utsah,sah,,utsah,sah
utsi,si,,utsi,si
utsic,sic,,utsic,sic
utsiD,siD,,utsidh,sidh
utsiv,siv,,utsiv,siv
utsU,sU,,utsū,sū
utsf,sf,,utsṛ,sṛ
utsfj,sfj,,utsṛj,sṛj
utsfp,sfp,,utsṛp,sṛp
utsnA,snA,,utsnā,snā
utspfS,spfS,,utspṛś,spṛś
utsmi,smi,,utsmi,smi
udaj,aj,,udaj,aj
udaYc,aYc,,udañc,añc
udaYj,aYj,,udañj,añj
udan,an,,udan,an
udapAs,as,,udapās,as
udaBI,i,,udabhī,i
udarc,arc,,udarc,arc
udard,ard,,udard,ard
udavaso,so,,udavaso,so
udaS,aS,1,udaś,aś
udas,as,2,udas,as
udAkf,kf,1,udākṛ,kṛ
udAgA,gA,1,udāgā,gā
udAcakz,cakz,,udācakṣ,cakṣ
udAcar,car,,udācar,car
udAjan,jan,,udājan,jan
udAtan,tan,,udātan,tan
udAdA,dA,1,udādā,dā
udAdru,dru,2,udādru,dru
udAnI,nI,,udānī,nī
udAp,Ap,,udāp,āp
udAyam,yam,,udāyam,yam
udAyA,yA,,udāyā,yā
udAyu,yu,2,udāyu,yu
udAruh,ruh,,udāruh,ruh
udAvas,vas,5,udāvas,vas
udAvah,vah,,udāvah,vah
udAvraj,vraj,,udāvraj,vraj
udASaMs,SaMs,,udāśaṃs,śaṃs
udAs,As,,udās,ās
udAsTA,sTA,,udāsthā,sthā
udAhan,han,,udāhan,han
udAhf,hf,,udāhṛ,hṛ
udi,i,,udi,i
udIkz,Ikz,,udīkṣ,īkṣ
udIr,Ir,,udīr,īr
udIz,Iz,,udīṣ,īṣ
udukz,ukz,,udukṣ,ukṣ
udubj,ubj,,udubj,ubj
uduz,uz,,uduṣ,uṣ
udUh,Uh,1,udūh,ūh
udf,f,,udṛ,ṛ
udfz,fz,2,udṛṣ,ṛṣ
ude,i,,ude,i
udej,ej,,udej,ej
udgam,gam,,udgam,gam
udgarj,garj,,udgarj,garj
udgal,gal,,udgal,gal
udgA,gA,,udgā,gā
udgAh,gAh,,udgāh,gāh
udgur,gur,,udgur,gur
udguh,guh,,udguh,guh
udgF,gF,,udgṝ,gṝ
udgE,gE,,udgai,gai
udgranT,granT,,udgranth,granth
udgrah,grah,,udgrah,grah
udGuz,Guz,,udghuṣ,ghuṣ
udGfz,Gfz,,udghṛṣ,ghṛṣ
uddA,dA,3,uddā,dā
uddiS,diS,,uddiś,diś
uddih,dih,,uddih,dih
uddIp,dIp,,uddīp,dīp
udduz,duz,,udduṣ,duṣ
uddfMh,dfMh,,uddṛṃh,dṛṃh
uddF,dF,,uddṝ,dṝ
uddyut,dyut,1,uddyut,dyut
uddru,dru,,uddru,dru
udDan,han,,uddhan,han
udDas,has,,uddhas,has
udDA,DA,,uddhā,dhā
udDA,hA,,uddhā,hā
udDI,DI,,uddhī,dhī
udDU,DU,,uddhū,dhū
udDf,Df,,uddhṛ,dhṛ
udDf,hf,,uddhṛ,hṛ
udDfz,hfz,,uddhṛṣ,hṛṣ
udDmA,DmA,,uddhmā,dhmā
udDvaMs,DvaMs,,uddhvaṃs,dhvaṃs
udDve,hve,,uddhve,hve
udbanD,banD,,udbandh,bandh
udbAD,bAD,,udbādh,bādh
udbuD,buD,,udbudh,budh
udbrU,brU,,udbrū,brū
udBarts,Barts,,udbharts,bharts
udBA,BA,,udbhā,bhā
udBAs,BAs,,udbhās,bhās
udBid,Bid,,udbhid,bhid
udBU,BU,,udbhū,bhū
udBf,Bf,,udbhṛ,bhṛ
udBram,Bram,,udbhram,bhram
udyam,yam,,udyam,yam
udyA,yA,,udyā,yā
udyu,yu,2,udyu,yu
udyuj,yuj,,udyuj,yuj
udyuD,yuD,,udyudh,yudh
udraYj,raYj,,udrañj,rañj
udram,ram,,udram,ram
udruc,ruc,,udruc,ruc
udruD,ruD,2,udrudh,rudh
udvad,vad,,udvad,vad
udvaD,vaD,,udvadh,vadh
udvap,vap,2,udvap,vap
udvam,vam,,udvam,vam
udvas,vas,5,udvas,vas
udvah,vah,,udvah,vah
udvA,vA,,udvā,vā
udvAS,vAS,,udvāś,vāś
udviGuz,Guz,,udvighuṣ,ghuṣ
udvicakz,cakz,,udvicakṣ,cakṣ
udvij,vij,,udvij,vij
udvidF,dF,,udvidṝ,dṝ
udvisfj,sfj,,udvisṛj,sṛj
udvIkz,Ikz,,udvīkṣ,īkṣ
udvf,vf,,udvṛ,vṛ
udvfj,vfj,,udvṛj,vṛj
udvft,vft,,udvṛt,vṛt
udvfz,vfz,,udvṛṣ,vṛṣ
udvfh,vfh,,udvṛh,vṛh
udve,ve,,udve,ve
udvep,vep,,udvep,vep
udvell,vell,,udvell,vell
udvezw,vezw,,udveṣṭ,veṣṭ
udvE,vE,,udvai,vai
udvyudas,as,2,udvyudas,as
udvraj,vraj,,udvraj,vraj
unnad,nad,,unnad,nad
unnaB,naB,,unnabh,nabh
unnam,nam,,unnam,nam
unnaS,naS,,unnaś,naś
unnah,nah,,unnah,nah
unniDA,DA,,unnidhā,dhā
unnI,nI,,unnī,nī
unmajj,majj,,unmajj,majj
unmaT,ma,,unmath,ma
unmaTAy,maTAy,,unmathāy,mathāy
unmad,mad,,unmad,mad
unmand,mand,,unmand,mand
unmi,mi,,unmi,mi
unmiz,miz,,unmiṣ,miṣ
unmI,mI,,unmī,mī
unmIl,mIl,,unmīl,mīl
unmuc,muc,,unmuc,muc
unmud,mud,,unmud,mud
unmurC,murC,,unmurch,murch
unmuz,muz,,unmuṣ,muṣ
unmuh,muh,,unmuh,muh
unmfj,mfj,,unmṛj,mṛj
unmfd,mfd,,unmṛd,mṛd
unmfS,mfS,,unmṛś,mṛś
upakf,kf,1,upakṛ,kṛ
upakft,kft,1,upakṛt,kṛt
upakfz,kfz,1,upakṛṣ,kṛṣ
upakF,kF,,upakṝ,kṝ
upakxp,kxp,,upakḷp,kḷp
upakram,kram,,upakram,kram
upakrIq,krIq,,upakrīḍ,krīḍ
upakruS,kruS,,upakruś,kruś
upaklid,klid,,upaklid,klid
upakzar,kzar,,upakṣar,kṣar
upakzi,kzi,2,upakṣi,kṣi
upakzip,kzip,,upakṣip,kṣip
upagam,gam,,upagam,gam
upagA,gA,1,upagā,gā
upagAh,gAh,,upagāh,gāh
upaguh,guh,,upaguh,guh
upagF,gF,1,upagṝ,gṝ
upagF,gF,2,upagṝ,gṝ
upagE,gE,,upagai,gai
upagranT,granT,,upagranth,granth
upagras,gras,,upagras,gras
upagrah,grah,,upagrah,grah
upaGrA,GrA,,upaghrā,ghrā
upacar,car,,upacar,car
upaci,ci,1,upaci,ci
upacft,cft,,upacṛt,cṛt
upacCad,Cad,,upacchad,chad
upacCand,Cand,,upacchand,chand
upacCal,Cal,,upacchal,chal
upajan,jan,,upajan,jan
upajap,jap,,upajap,jap
upaji,ji,,upaji,ji
upajIv,jIv,,upajīv,jīv
upajuz,juz,,upajuṣ,juṣ
upajYA,jYA,,upajñā,jñā
upajri,jri,,upajri,jri
upaQOk,QOk,,upaḍhauk,ḍhauk
upatap,tap,,upatap,tap
upatfd,tfd,,upatṛd,tṛd
upadamB,damB,,upadambh,dambh
upadas,das,,upadas,das
upadah,dah,,upadah,dah
upadA,dA,1,upadā,dā
upadiS,diS,,upadiś,diś
upaduz,duz,,upaduṣ,duṣ
upadfS,dfS,,upadṛś,dṛś
upadru,dru,,upadru,dru
upaDA,DA,,upadhā,dhā
upaDAv,DAv,,upadhāv,dhāv
upaDf,Df,,upadhṛ,dhṛ
upaDfz,Dfz,,upadhṛṣ,dhṛṣ
upaDe,De,,upadhe,dhe
upaDmA,DmA,,upadhmā,dhmā
upanakz,nakz,,upanakṣ,nakṣ
upanam,nam,,upanam,nam
upanah,nah,,upanah,nah
upanAT,nAT,,upanāth,nāth
upaniHSri,Sri,,upaniḥśri,śri
upanikzip,kzip,,upanikṣip,kṣip
upanigam,gam,,upanigam,gam
upanigrah,grah,,upanigrah,grah
upaniDA,DA,,upanidhā,dhā
upanipat,pat,,upanipat,pat
upanipad,pad,,upanipad,pad
upaniplu,plu,,upaniplu,plu
upanibanD,banD,,upanibandh,bandh
upanimajj,majj,,upanimajj,majj
upanimantr,mantr,,upanimantr,mantr
upanimand,mand,,upanimand,mand
upanimreq,mreq,,upanimreḍ,mreḍ
upaniyuj,yuj,,upaniyuj,yuj
upaniruD,ruD,,upanirudh,rudh
upanirvft,vft,,upanirvṛt,vṛt
upanivap,vap,2,upanivap,vap
upaniviS,viS,,upaniviś,viś
upanivf,vf,,upanivṛ,vṛ
upanivft,vft,,upanivṛt,vṛt
upanivezw,vezw,,upaniveṣṭ,veṣṭ
upaniSri,Sri,,upaniśri,śri
upanizad,sad,,upaniṣad,sad
upanizev,sev,,upaniṣev,sev
upanizkram,kram,,upaniṣkram,kram
upanihan,han,,upanihan,han
upanI,nI,,upanī,nī
upanI,i,,upanī,i
upanft,nft,,upanṛt,nṛt
upanyas,as,2,upanyas,as
upanyAcar,car,,upanyācar,car
upanyAplu,plu,,upanyāplu,plu
upapat,pat,,upapat,pat
upapad,pad,,upapad,pad
upaparIkz,Ikz,,upaparīkṣ,īkṣ
upapare,i,,upapare,i
upaparyAvft,vft,,upaparyāvṛt,vṛt
upapfc,pfc,,upapṛc,pṛc
upapF,pF,,upapṝ,pṝ
upapragA,gA,,upapragā,gā
upapraC,praC,,upaprach,prach
upaprajan,jan,,upaprajan,jan
upaprajinv,jinv,,upaprajinv,jinv
upapratigrah,grah,,upapratigrah,grah
upapradA,dA,1,upapradā,dā
upapraBid,Bid,,upaprabhid,bhid
upapraBU,BU,,upaprabhū,bhū
upapraBUz,BUz,,upaprabhūṣ,bhūṣ
upaprayam,yam,,upaprayam,yam
upaprayA,yA,,upaprayā,yā
upapravad,vad,,upapravad,vad
upapravft,vft,,upapravṛt,vṛt
upapravfh,vfh,,upapravṛh,vṛh
upapraSri,Sri,,upapraśri,śri
upaprasad,sad,,upaprasad,sad
upaprasf,sf,,upaprasṛ,sṛ
upaprastf,stf,,upaprastṛ,stṛ
upaprahi,hi,,upaprahi,hi
upaprAp,Ap,,upaprāp,āp
upaprAyA,yA,,upaprāyā,yā
upapre,i,,upapre,i
upaprekz,Ikz,,upaprekṣ,īkṣ
upaprez,iz,,upapreṣ,iṣ
upaplu,plu,,upaplu,plu
upaple,i,,upaple,i
upabanD,banD,,upabandh,bandh
upabfh,bfh,,upabṛh,bṛh
upabrU,brU,,upabrū,brū
upaBaj,Baj,,upabhaj,bhaj
upaBuj,Buj,2,upabhuj,bhuj
upaBU,BU,,upabhū,bhū
upaBUz,BUz,,upabhūṣ,bhūṣ
upaBf,Bf,,upabhṛ,bhṛ
upaBram,Bram,,upabhram,bhram
upamajj,majj,,upamajj,majj
upamaT,maT,,upamath,math
upamad,mad,1,upamad,mad
upamantr,mantr,,upamantr,mantr
upamA,mA,,upamā,mā
upami,mi,1,upami,mi
upamuc,muc,,upamuc,muc
upamfj,mfj,,upamṛj,mṛj
upamfd,mfd,,upamṛd,mṛd
upamluc,mluc,,upamluc,mluc
upayaj,yaj,,upayaj,yaj
upayat,yat,,upayat,yat
upayantr,yantr,,upayantr,yantr
upayam,yam,,upayam,yam
upayA,yA,,upayā,yā
upayuj,yuj,,upayuj,yuj
uparac,rac,,uparac,rac
uparaYj,raYj,,uparañj,rañj
uparaD,raD,,uparadh,radh
uparam,ram,,uparam,ram
uparamB,ramB,,uparambh,rambh
uparuc,ruc,,uparuc,ruc
uparuD,ruD,2,uparudh,rudh
uparuh,ruh,,uparuh,ruh
upalakz,lakz,,upalakṣ,lakṣ
upalaB,laB,,upalabh,labh
upalip,lip,,upalip,lip
upalI,lI,,upalī,lī
upavac,vac,,upavac,vac
upavad,vad,,upavad,vad
upavaD,vaD,,upavadh,vadh
upavap,vap,2,upavap,vap
upavarR,varR,,upavarṇ,varṇ
upavalh,valh,,upavalh,valh
upavas,vas,5,upavas,vas
upavah,vah,,upavah,vah
upavA,vA,,upavā,vā
upaviD,viD,1,upavidh,vidh
upaviS,viS,,upaviś,viś
upaviz,viz,,upaviṣ,viṣ
upavizWA,sTA,,upaviṣṭhā,sthā
upavI,vI,,upavī,vī
upavIkz,Ikz,,upavīkṣ,īkṣ
upavIj,vIj,,upavīj,vīj
upavft,vft,,upavṛt,vṛt
upave,ve,,upave,ve
upavE,vE,,upavai,vai
upavyaD,vyaD,,upavyadh,vyadh
upavye,vye,,upavye,vye
upavraj,vraj,,upavraj,vraj
upaSak,Sak,,upaśak,śak
upaSaNk,SaNk,,upaśaṅk,śaṅk
upaSam,Sam,,upaśam,śam
upaSiNG,SiNG,,upaśiṅgh,śiṅgh
upaSI,SI,,upaśī,śī
upaSuB,SuB,,upaśubh,śubh
upaSuz,Suz,,upaśuṣ,śuṣ
upaScyut,Scyut,,upaścyut,ścyut
upaSram,Sram,,upaśram,śram
upaSri,Sri,,upaśri,śri
upaSru,Sru,,upaśru,śru
upaSliz,Sliz,,upaśliṣ,śliṣ
upasaMkxp,kxp,,upasaṃkḷp,kḷp
upasaMkram,kram,,upasaṃkram,kram
upasaMgam,gam,,upasaṃgam,gam
upasaMgrah,grah,,upasaṃgrah,grah
upasaMcar,car,,upasaṃcar,car
upasaMjan,jan,,upasaṃjan,jan
upasaMtan,tan,,upasaṃtan,tan
upasaMDA,DA,,upasaṃdhā,dhā
upasaMnud,nud,,upasaṃnud,nud
upasaMpad,pad,,upasaṃpad,pad
upasaMparARI,nI,,upasaṃparāṇī,nī
upasaMpraC,praC,,upasaṃprach,prach
upasaMprayA,yA,,upasaṃprayā,yā
upasaMprAp,Ap,,upasaṃprāp,āp
upasaMBid,Bid,,upasaṃbhid,bhid
upasaMyA,yA,,upasaṃyā,yā
upasaMruD,ruD,2,upasaṃrudh,rudh
upasaMruh,ruh,,upasaṃruh,ruh
upasaMviS,viS,,upasaṃviś,viś
upasaMvye,vye,,upasaṃvye,vye
upasaMvraj,vraj,,upasaṃvraj,vraj
upasaMSaMs,SaMs,,upasaṃśaṃs,śaṃs
upasaMSri,Sri,,upasaṃśri,śri
upasaMhf,hf,,upasaṃhṛ,hṛ
upasac,sac,,upasac,sac
upasaYj,saYj,,upasañj,sañj
upasad,sad,,upasad,sad
upasamAkf,kf,1,upasamākṛ,kṛ
upasamADA,DA,,upasamādhā,dhā
upasamAvft,vft,,upasamāvṛt,vṛt
upasamAhf,hf,,upasamāhṛ,hṛ
upasami,i,,upasami,i
upasaminD,inD,,upasamindh,indh
upasamUh,Uh,1,upasamūh,ūh
upasame,i,,upasame,i
upasAD,sAD,,upasādh,sādh
upasic,sic,,upasic,sic
upasiD,siD,2,upasidh,sidh
upasf,sf,,upasṛ,sṛ
upasfj,sfj,,upasṛj,sṛj
upasfp,sfp,,upasṛp,sṛp
upasev,sev,,upasev,sev
upaskamB,skamB,,upaskambh,skambh
upastamB,stamB,,upastambh,stambh
upastu,stu,,upastu,stu
upastf,stf,,upastṛ,stṛ
upasTA,sTA,,upasthā,sthā
upasnih,snih,,upasnih,snih
upaspfS,spfS,,upaspṛś,spṛś
upasmi,smi,,upasmi,smi
upasmf,smf,,upasmṛ,smṛ
upasru,sru,,upasru,sru
upasvf,svf,,upasvṛ,svṛ
upahan,han,,upahan,han
upahas,has,,upahas,has
upahA,hA,2,upahā,hā
upahArIkf,kf,,upahārīkṛ,kṛ
upahiMs,hiMs,,upahiṃs,hiṃs
upahu,hu,,upahu,hu
upahf,hf,,upahṛ,hṛ
upahvf,hvf,,upahvṛ,hvṛ
upahve,hve,,upahve,hve
upAkf,kf,1,upākṛ,kṛ
upAkram,kram,,upākram,kram
upAKyA,KyA,,upākhyā,khyā
upAgam,gam,,upāgam,gam
upAgA,gA,,upāgā,gā
upAGrA,GrA,,upāghrā,ghrā
upAcar,car,,upācar,car
upAj,aj,,upāj,aj
upAYc,aYc,,upāñc,añc
upAYj,aYj,,upāñj,añj
upAtI,i,,upātī,i
upAdA,dA,1,upādā,dā
upAdiS,diS,,upādiś,diś
upAdru,dru,,upādru,dru
upADA,DA,,upādhā,dhā
upADAv,DAv,,upādhāv,dhāv
upADiruh,ruh,,upādhiruh,ruh
upADmA,DmA,,upādhmā,dhmā
upAnI,nI,,upānī,nī
upAnvAruh,ruh,,upānvāruh,ruh
upAp,Ap,,upāp,āp
upApat,pat,,upāpat,pat
upApraC,praC,,upāprach,prach
upABUz,BUz,,upābhūṣ,bhūṣ
upAyA,yA,,upāyā,yā
upAyuj,yuj,,upāyuj,yuj
upAram,ram,,upāram,ram
upArud,rud,,upārud,rud
upAruh,ruh,,upāruh,ruh
upArj,arj,,upārj,arj
upArz,fz,,upārṣ,ṛṣ
upAlaB,laB,,upālabh,labh
upAv,av,,upāv,av
upAvaram,ram,,upāvaram,ram
upAvaruh,ruh,,upāvaruh,ruh
upAvaSri,Sri,,upāvaśri,śri
upAvasfj,sfj,,upāvasṛj,sṛj
upAvasfp,sfp,,upāvasṛp,sṛp
upAvaso,so,,upāvaso,so
upAvah,vah,,upāvah,vah
upAvahf,hf,,upāvahṛ,hṛ
upAviS,viS,,upāviś,viś
upAvft,vft,,upāvṛt,vṛt
upAve,i,,upāve,i
upAvekz,Ikz,,upāvekṣ,īkṣ
upAvraj,vraj,,upāvraj,vraj
upAS,aS,,upāś,aś
upAS,aS,,upāś,aś
upASri,Sri,,upāśri,śri
upAs,as,,upās,as
upAs,as,,upās,as
upAs,As,,upās,ās
upAsad,sad,,upāsad,sad
upAsfj,sfj,,upāsṛj,sṛj
upAstf,stf,,upāstṛ,stṛ
upAsTA,sTA,,upāsthā,sthā
upAhan,han,,upāhan,han
upAhf,hf,,upāhṛ,hṛ
upAhve,hve,,upāhve,hve
upe,i,,upe,i
upe,i,,upe,i
upekz,Ikz,,upekṣ,īkṣ
upen,in,,upen,in
upez,iz,,upeṣ,iṣ
upez,Iz,,upeṣ,īṣ
upez,Iz,,upeṣ,īṣ
upED,eD,,upaidh,edh
upokz,ukz,,upokṣ,ukṣ
upotkram,kram,,upotkram,kram
upotTA,sTA,,upotthā,sthā
upotsad,sad,,upotsad,sad
upotsic,sic,,upotsic,sic
upod,ud,,upod,ud
upodAsfp,sfp,,upodāsṛp,sṛp
upodAhf,hf,,upodāhṛ,hṛ
upodi,i,,upodi,i
upodgrah,grah,,upodgrah,grah
upodDan,han,,upoddhan,han
upodyam,yam,,upodyam,yam
uponnI,nI,,uponnī,nī
upopaDA,DA,,upopadhā,dhā
upopaparAmfS,mfS,,upopaparāmṛś,mṛś
upopaviS,viS,,upopaviś,viś
upoz,uz,,upoṣ,uṣ
upoh,Uh,,upoh,ūh
ullaNG,laNG,,ullaṅgh,laṅgh
ullap,lap,,ullap,lap
ullamb,lamb,,ullamb,lamb
ullal,lal,,ullal,lal
ullas,las,,ullas,las
ulliK,liK,,ullikh,likh
ullih,lih,,ullih,lih
ullI,lI,,ullī,lī
ulluYc,luYc,,ulluñc,luñc
ulluW,luW,,ulluṭh,luṭh
ullup,lup,,ullup,lup
ullU,lU,,ullū,lū
UrDvIkf,kf,,ūrdhvīkṛ,kṛ
e,i,,e,i
ekz,Ikz,,ekṣ,īkṣ
enD,inD,,endh,indh
er,Ir,,er,īr
ez,Iz,,eṣ,īṣ
o,u,,o,u
okz,ukz,,okṣ,ukṣ
opadru,dru,,opadru,dru
grAsapAtrIkf,kf,,grāsapātrīkṛ,kṛ
tiroDA,DA,,tirodhā,dhā
duri,i,,duri,i
niHkzi,kzi,1,niḥkṣi,kṣi
niHSI,SI,,niḥśī,śī
niHSuc,Suc,,niḥśuc,śuc
niHSF,SF,,niḥśṝ,śṝ
niHSvas,Svas,,niḥśvas,śvas
niHzic,sic,,niḥṣic,sic
niHziD,siD,,niḥṣidh,sidh
niHzu,su,,niḥṣu,su
niHzU,sU,,niḥṣū,sū
niHzwan,stan,,niḥṣṭan,stan
niHzWA,sTA,,niḥṣṭhā,sthā
niHzWiv,zWiv,,niḥṣṭhiv,ṣṭhiv
niHzvap,svap,,niḥṣvap,svap
niHsf,sf,,niḥsṛ,sṛ
niHsfj,sfj,,niḥsṛj,sṛj
niHsfp,sfp,,niḥsṛp,sṛp
niHspf,spf,,niḥspṛ,spṛ
niHsPur,sPur,,niḥsphur,sphur
niHsru,sru,,niḥsru,sru
niHsvf,svf,,niḥsvṛ,svṛ
nikam,kam,,nikam,kam
nikUj,kUj,,nikūj,kūj
nikUq,kUq,,nikūḍ,kūḍ
nikUR,kUR,,nikūṇ,kūṇ
nikf,kf,1,nikṛ,kṛ
nikft,kft,1,nikṛt,kṛt
nikfz,kfz,1,nikṛṣ,kṛṣ
nikrand,krand,,nikrand,krand
nikram,kram,,nikram,kram
nikzip,kzip,,nikṣip,kṣip
niKan,Kan,,nikhan,khan
niKid,Kid,,nikhid,khid
nigad,gad,,nigad,gad
nigam,gam,,nigam,gam
nigarh,garh,,nigarh,garh
niguh,guh,,niguh,guh
nigF,gF,2,nigṝ,gṝ
nigE,gE,,nigai,gai
nigranT,granT,,nigranth,granth
nigrah,grah,,nigrah,grah
niGfz,Gfz,2,nighṛṣ,ghṛṣ
nici,ci,2,nici,ci
nicft,cft,,nicṛt,cṛt
nijUrv,jUrv,,nijūrv,jūrv
nitan,tan,,nitan,tan
nitap,tap,,nitap,tap
nitud,tud,,nitud,tud
nituS,tuS,1,nituś,tuś
nitfd,tfd,,nitṛd,tṛd
nitfp,tfp,,nitṛp,tṛp
nidah,dah,,nidah,dah
nidA,dA,4,nidā,dā
nidiS,diS,,nidiś,diś
nidrA,drA,1,nidrā,drā
niDA,DA,1,nidhā,dhā
niDAv,DAv,2,nidhāv,dhāv
niDU,DU,,nidhū,dhū
niDyE,DyE,,nidhyai,dhyai
ninad,nad,,ninad,nad
ninard,nard,,ninard,nard
ninI,nI,,ninī,nī
ninft,nft,,ninṛt,nṛt
nipat,pat,,nipat,pat
nipad,pad,,nipad,pad
nipA,pA,1,nipā,pā
nipA,pA,2,nipā,pā
nipIy,pIy,,nipīy,pīy
nipF,pF,,nipṝ,pṝ
niprahan,han,,niprahan,han
nibanD,banD,,nibandh,bandh
nibAD,bAD,,nibādh,bādh
nibuD,buD,,nibudh,budh
nibfh,bfh,,nibṛh,bṛh
niBaYj,BaYj,,nibhañj,bhañj
niBal,Bal,,nibhal,bhal
niBuj,Buj,1,nibhuj,bhuj
nimajj,majj,,nimajj,majj
nimad,mad,,nimad,mad
niman,man,,niman,man
nimantr,mantr,,nimantr,mantr
nimA,mA,,nimā,mā
nimi,mi,1,nimi,mi
nimiz,miz,,nimiṣ,miṣ
nimih,mih,,nimih,mih
nimIl,mIl,,nimīl,mīl
nimfj,mfj,,nimṛj,mṛj
nimfd,mfd,,nimṛd,mṛd
nime,me,,nime,me
nimyakz,myakz,,nimyakṣ,myakṣ
nimruc,mruc,,nimruc,mruc
nimluc,mluc,,nimluc,mluc
niyat,yat,,niyat,yat
niyantr,yantr,,niyantr,yantr
niyam,yam,,niyam,yam
niyA,yA,,niyā,yā
niyu,yu,2,niyu,yu
niyuj,yuj,,niyuj,yuj
niyuD,yuD,,niyudh,yudh
niraj,aj,,niraj,aj
niraByavekz,Ikz,,nirabhyavekṣ,īkṣ
niram,ram,,niram,ram
nirard,ard,,nirard,ard
niravaday,day,,niravaday,day
niravado,do,,niravado,do
niravaDe,De,,niravadhe,dhe
niravayaj,yaj,,niravayaj,yaj
niravekz,Ikz,,niravekṣ,īkṣ
niras,as,2,niras,as
nirAkf,kf,1,nirākṛ,kṛ
nirAkram,kram,,nirākram,kram
nirAcakz,cakz,,nirācakṣ,cakṣ
nirAyam,yam,,nirāyam,yam
nirAvah,vah,,nirāvah,vah
nirAviS,viS,,nirāviś,viś
niri,i,,niri,i
nirI,rI,,nirī,rī
nirIkz,Ikz,,nirīkṣ,īkṣ
nirukz,ukz,,nirukṣ,ukṣ
niruD,ruD,,nirudh,rudh
nirubj,ubj,,nirubj,ubj
nirUp,rUp,,nirūp,rūp
nirUh,Uh,1,nirūh,ūh
nirfC,fC,,nirṛch,ṛch
nirfj,fj,,nirṛj,ṛj
nire,i,,nire,i
nirgam,gam,,nirgam,gam
nirGfz,Gfz,,nirghṛṣ,ghṛṣ
nirji,ji,,nirji,ji
nirRam,nam,,nirṇam,nam
nirRij,nij,,nirṇij,nij
nirRI,nI,,nirṇī,nī
nirRud,nud,,nirṇud,nud
nirdaMS,daMS,,nirdaṃś,daṃś
nirdah,dah,,nirdah,dah
nirdiS,diS,,nirdiś,diś
nirduh,duh,,nirduh,duh
nirdru,dru,,nirdru,dru
nirDam,Dam,,nirdham,dham
nirDA,DA,,nirdhā,dhā
nirDAv,DAv,1,nirdhāv,dhāv
nirDU,DU,,nirdhū,dhū
nirbanD,banD,,nirbandh,bandh
nirbAD,bAD,,nirbādh,bādh
nirbrU,brU,,nirbrū,brū
nirBaj,Baj,,nirbhaj,bhaj
nirBaYj,BaYj,,nirbhañj,bhañj
nirBarts,Barts,,nirbharts,bharts
nirBA,BA,,nirbhā,bhā
nirBid,Bid,,nirbhid,bhid
nirBuj,Buj,1,nirbhuj,bhuj
nirmajj,majj,,nirmajj,majj
nirmaT,maT,,nirmath,math
nirmanT,manT,,nirmanth,manth
nirmA,mA,,nirmā,mā
nirmi,mi,,nirmi,mi
nirmuc,muc,,nirmuc,muc
nirmfj,mfj,,nirmṛj,mṛj
niryA,yA,,niryā,yā
niryAc,yAc,,niryāc,yāc
niryu,yu,3,niryu,yu
nirliK,liK,,nirlikh,likh
nirlih,lih,,nirlih,lih
nirlup,lup,,nirlup,lup
nirvaYc,vaYc,,nirvañc,vañc
nirvad,vad,,nirvad,vad
nirvap,vap,,nirvap,vap
nirvam,vam,,nirvam,vam
nirvarR,varR,,nirvarṇ,varṇ
nirvas,vas,5,nirvas,vas
nirvah,vah,,nirvah,vah
nirvA,vA,,nirvā,vā
nirvid,vid,3,nirvid,vid
nirvivah,vah,,nirvivah,vah
nirviS,viS,,nirviś,viś
nirvf,vf,2,nirvṛ,vṛ
nirvft,vft,,nirvṛt,vṛt
nirvE,vE,,nirvai,vai
nirvyaD,vyaD,,nirvyadh,vyadh
nirvraj,vraj,,nirvraj,vraj
nirvlI,vlI,,nirvlī,vlī
nirhan,han,,nirhan,han
nirhA,hA,2,nirhā,hā
nirhf,hf,,nirhṛ,hṛ
nirhras,hras,,nirhras,hras
nirhve,hve,,nirhve,hve
nilip,lip,,nilip,lip
nilI,lI,,nilī,lī
nivad,vad,,nivad,vad
nivap,vap,2,nivap,vap
nivas,vas,4,nivas,vas
nivas,vas,5,nivas,vas
nivah,vah,,nivah,vah
niviS,viS,,niviś,viś
nivfj,vfj,,nivṛj,vṛj
nivft,vft,,nivṛt,vṛt
nivyaD,vyaD,,nivyadh,vyadh
nivraSc,vraSc,,nivraśc,vraśc
niSam,Sam,,niśam,śam
niSAs,SAs,,niśās,śās
niSi,Si,,niśi,śi
niSuc,Suc,,niśuc,śuc
niSuB,SuB,,niśubh,śubh
niSumB,SumB,,niśumbh,śumbh
niSo,So,,niśo,śo
niScar,car,,niścar,car
niSci,ci,2,niści,ci
niScut,Scut,,niścut,ścut
niSri,Sri,,niśri,śri
niSvas,Svas,,niśvas,śvas
nizac,sac,,niṣac,sac
nizaYj,saYj,,niṣañj,sañj
nizad,sad,,niṣad,sad
nizah,sah,,niṣah,sah
nizic,sic,,niṣic,sic
niziD,siD,,niṣidh,sidh
niziv,siv,,niṣiv,siv
nizUd,sUd,,niṣūd,sūd
nizev,sev,,niṣev,sev
nizo,so,,niṣo,so
nizkuz,kuz,,niṣkuṣ,kuṣ
nizkf,kf,1,niṣkṛ,kṛ
nizkft,kft,,niṣkṛt,kṛt
nizkfz,kfz,,niṣkṛṣ,kṛṣ
nizkram,kram,,niṣkram,kram
nizkrI,krI,,niṣkrī,krī
nizKan,Kan,,niṣkhan,khan
nizKid,Kid,,niṣkhid,khid
nizwap,tap,,niṣṭap,tap
nizwu,stu,,niṣṭu,stu
nizwyE,styE,,niṣṭyai,styai
nizWA,sTA,,niṣṭhā,sthā
nizWiv,zWiv,,niṣṭhiv,ṣṭhiv
nizRA,snA,,niṣṇā,snā
nizpat,pat,,niṣpat,pat
nizpad,pad,,niṣpad,pad
nizpalAy,ay,,niṣpalāy,ay
nizpA,pA,1,niṣpā,pā
nizpA,pA,3,niṣpā,pā
nizpiS,piS,,niṣpiś,piś
nizpiz,piz,,niṣpiṣ,piṣ
nizpIq,pIq,,niṣpīḍ,pīḍ
nizpU,pU,,niṣpū,pū
nizpf,pf,,niṣpṛ,pṛ
nizvaYj,svaYj,,niṣvañj,svañj
nistakz,takz,,nistakṣ,takṣ
nistud,tud,,nistud,tud
nistF,tF,,nistṝ,tṝ
nispfS,spfS,,nispṛś,spṛś
nisyand,syand,,nisyand,syand
nisru,sru,,nisru,sru
nisvan,svan,,nisvan,svan
nihan,han,,nihan,han
nihA,hA,2,nihā,hā
nihf,hf,,nihṛ,hṛ
nihfz,hfz,,nihṛṣ,hṛṣ
nihnu,hnu,,nihnu,hnu
nihve,hve,,nihve,hve
nIrAj,rAj,,nīrāj,rāj
nIrI,rI,,nīrī,rī
nIruc,ruc,,nīruc,ruc
nyaYc,aYc,,nyañc,añc
nyaYj,aYj,,nyañj,añj
nyavacar,car,,nyavacar,car
nyavasfj,sfj,,nyavasṛj,sṛj
nyavekz,Ikz,,nyavekṣ,īkṣ
nyas,as,,nyas,as
nyADf,Df,,nyādhṛ,dhṛ
nyAvyaD,vyaD,,nyāvyadh,vyadh
nyAsad,sad,,nyāsad,sad
nyuc,uc,,nyuc,uc
nyud,ud,,nyud,ud
nyubj,ubj,,nyubj,ubj
nyuB,uB,,nyubh,ubh
nyuz,uz,,nyuṣ,uṣ
nyUh,Uh,,nyūh,ūh
nyUh,Uh,,nyūh,ūh
nyf,f,,nyṛ,ṛ
nyfYj,fYj,,nyṛñj,ṛñj
nyfz,fz,,nyṛṣ,ṛṣ
nye,i,,nye,i
nyej,ej,,nyej,ej
padmakoSa,kf,,padmakośa,kṛ
parAkf,kf,,parākṛ,kṛ
parAkram,kram,,parākram,kram
parAkzip,kzip,,parākṣip,kṣip
parAgam,gam,,parāgam,gam
parAcar,car,,parācar,car
parAji,ji,,parāji,ji
parAR,an,,parāṇ,an
parARI,nI,,parāṇī,nī
parARud,nud,,parāṇud,nud
parAdA,dA,1,parādā,dā
parAdru,dru,,parādru,dru
parADAv,DAv,1,parādhāv,dhāv
parADmA,DmA,,parādhmā,dhmā
parApat,pat,,parāpat,pat
parApaS,paS,,parāpaś,paś
parApU,pU,,parāpū,pū
parABU,BU,,parābhū,bhū
parAmfS,mfS,,parāmṛś,mṛś
parAyA,yA,,parāyā,yā
parAvac,vac,,parāvac,vac
parAvad,vad,,parāvad,vad
parAvap,vap,2,parāvap,vap
parAvam,vam,,parāvam,vam
parAvalg,valg,,parāvalg,valg
parAvah,vah,,parāvah,vah
parAvA,vA,2,parāvā,vā
parAvfj,vfj,,parāvṛj,vṛj
parAvft,vft,,parāvṛt,vṛt
parAvyaD,vyaD,,parāvyadh,vyadh
parASF,SF,,parāśṝ,śṝ
parAs,as,,parās,as
parAsic,sic,,parāsic,sic
parAsU,sU,,parāsū,sū
parAsf,sf,,parāsṛ,sṛ
parAsfj,sfj,,parāsṛj,sṛj
parAstamB,stamB,,parāstambh,stambh
parAhan,han,,parāhan,han
parAhA,hA,2,parāhā,hā
parikaT,kaT,,parikath,kath
parikal,kal,2,parikal,kal
parikal,kal,3,parikal,kal
parikIrt,kIrt,,parikīrt,kīrt
parikup,kup,,parikup,kup
parikf,kf,1,parikṛ,kṛ
parikft,kft,2,parikṛt,kṛt
parikft,kft,3,parikṛt,kṛt
parikfz,kfz,,parikṛṣ,kṛṣ
parikF,kF,1,parikṝ,kṝ
parikram,kram,,parikram,kram
parikrI,krI,,parikrī,krī
parikrIq,krIq,,parikrīḍ,krīḍ
parikruD,kruD,,parikrudh,krudh
parikruS,kruS,,parikruś,kruś
pariklam,klam,,pariklam,klam
parikliS,kliS,,parikliś,kliś
parikvaT,kvaT,,parikvath,kvath
parikzar,kzar,,parikṣar,kṣar
parikzal,kzal,2,parikṣal,kṣal
parikzi,kzi,4,parikṣi,kṣi
parikzi,kzi,2,parikṣi,kṣi
parikzip,kzip,,parikṣip,kṣip
pariKid,Kid,,parikhid,khid
pariKyA,KyA,,parikhyā,khyā
parigaR,gaR,,parigaṇ,gaṇ
parigam,gam,,parigam,gam
parigarj,garj,,parigarj,garj
parigarh,garh,,parigarh,garh
parigA,gA,,parigā,gā
parigE,gE,,parigai,gai
parigras,gras,,parigras,gras
parigrah,grah,,parigrah,grah
pariGaw,Gaw,,parighaṭ,ghaṭ
pariGaww,Gaww,,parighaṭṭ,ghaṭṭ
pariGUrR,GUrR,,parighūrṇ,ghūrṇ
pariGfz,Gfz,,parighṛṣ,ghṛṣ
pariGrA,GrA,,parighrā,ghrā
paricakz,cakz,,paricakṣ,cakṣ
paricar,car,,paricar,car
parici,ci,1,parici,ci
parici,ci,2,parici,ci
paricint,cint,,paricint,cint
paricumb,cumb,,paricumb,cumb
paricft,cft,,paricṛt,cṛt
paricCad,Cad,,paricchad,chad
paricCid,Cid,,paricchid,chid
parijalp,jalp,,parijalp,jalp
pariji,ji,,pariji,ji
parijfmB,jfmB,,parijṛmbh,jṛmbh
parijF,jF,1,parijṝ,jṝ
parijYA,jYA,,parijñā,jñā
parijval,jval,,parijval,jval
pariRad,nad,,pariṇad,nad
pariRam,nam,,pariṇam,nam
pariRaS,naS,,pariṇaś,naś
pariRah,nah,,pariṇah,nah
pariRiDA,DA,,pariṇidhā,dhā
pariRihan,han,,pariṇihan,han
pariRI,nI,,pariṇī,nī
pariRud,nud,,pariṇud,nud
paritaq,taq,,paritaḍ,taḍ
paritan,tan,,paritan,tan
paritap,tap,,paritap,tap
paritam,tam,,paritam,tam
paritark,tark,,paritark,tark
paritud,tud,,paritud,tud
parituz,tuz,,parituṣ,tuṣ
paritfd,tfd,,paritṛd,tṛd
parityaj,tyaj,,parityaj,tyaj
paritrE,trE,,paritrai,trai
paridah,dah,,paridah,dah
paridA,dA,1,paridā,dā
paridiv,div,1,paridiv,div
paridIp,dIp,,paridīp,dīp
paridu,du,2,paridu,du
paridfS,dfS,,paridṛś,dṛś
paridF,dF,,paridṝ,dṝ
paridru,dru,,paridru,dru
pariDA,DA,1,paridhā,dhā
pariDAv,DAv,,paridhāv,dhāv
pariDU,DU,,paridhū,dhū
pariDf,Df,,paridhṛ,dhṛ
pariDfz,Dfz,,paridhṛṣ,dhṛṣ
pariniHstan,stan,,pariniḥstan,stan
parinind,nind,,parinind,nind
parinirRij,nij,,parinirṇij,nij
parinirluW,luW,2,parinirluṭh,luṭh
parinirvA,vA,2,parinirvā,vā
parinivft,vft,,parinivṛt,vṛt
parinizad,sad,,pariniṣad,sad
parinizic,sic,,pariniṣic,sic
parinizev,sev,,pariniṣev,sev
parinizWA,sTA,,pariniṣṭhā,sthā
parinizpad,pad,,pariniṣpad,pad
parinft,nft,,parinṛt,nṛt
paripac,pac,,paripac,pac
paripaW,paW,,paripaṭh,paṭh
paripat,pat,,paripat,pat
paripaS,paS,,paripaś,paś
paripA,pA,1,paripā,pā
paripA,pA,3,paripā,pā
paripIq,pIq,,paripīḍ,pīḍ
paripU,pU,,paripū,pū
paripUj,pUj,,paripūj,pūj
paripragrah,grah,,paripragrah,grah
paripraC,praC,,pariprach,prach
paripraRI,nI,,paripraṇī,nī
paripraT,praT,,pariprath,prath
paripramuc,muc,,paripramuc,muc
pariprasyand,syand,,pariprasyand,syand
pariprAp,Ap,,pariprāp,āp
pariprez,iz,,paripreṣ,iṣ
pariplu,plu,,pariplu,plu
paribanD,banD,,paribandh,bandh
paribAD,bAD,,paribādh,bādh
paribfMh,bfMh,,paribṛṃh,bṛṃh
paribrU,brU,,paribrū,brū
pariBakz,Bakz,,paribhakṣ,bhakṣ
pariBarts,Barts,,paribharts,bharts
pariBAz,BAz,,paribhāṣ,bhāṣ
pariBAs,BAs,,paribhās,bhās
pariBuj,Buj,1,paribhuj,bhuj
pariBuj,Buj,3,paribhuj,bhuj
pariBU,BU,,paribhū,bhū
pariBUz,BUz,,paribhūṣ,bhūṣ
pariBf,Bf,,paribhṛ,bhṛ
pariBraMS,BraMS,,paribhraṃś,bhraṃś
pariBram,Bram,,paribhram,bhram
parimA,mA,,parimā,mā
parimArg,mArg,,parimārg,mārg
parimi,mi,1,parimi,mi
parimuc,muc,,parimuc,muc
parimuz,muz,,parimuṣ,muṣ
parimuh,muh,,parimuh,muh
parimf,mf,,parimṛ,mṛ
parimfg,mfg,,parimṛg,mṛg
parimfj,mfj,,parimṛj,mṛj
parimfd,mfd,,parimṛd,mṛd
parimfS,mfS,,parimṛś,mṛś
parimfz,mfz,,parimṛṣ,mṛṣ
parimokz,mokz,,parimokṣ,mokṣ
parimlE,mlE,,parimlai,mlai
pariyaj,yaj,,pariyaj,yaj
pariyat,yat,,pariyat,yat
pariyam,yam,,pariyam,yam
pariyA,yA,,pariyā,yā
parirakz,rakz,,parirakṣ,rakṣ
pariraB,raB,,parirabh,rabh
pariram,ram,,pariram,ram
parirAj,rAj,,parirāj,rāj
paririh,rih,,paririh,rih
pariruc,ruc,,pariruc,ruc
pariruj,ruj,,pariruj,ruj
parilaNG,laNG,,parilaṅgh,laṅgh
parilaB,laB,,parilabh,labh
parilamb,lamb,,parilamb,lamb
parilaz,laz,,parilaṣ,laṣ
pariliK,liK,,parilikh,likh
parilip,lip,,parilip,lip
parilih,lih,,parilih,lih
pariluW,luW,2,pariluṭh,luṭh
parilup,lup,,parilup,lup
pariluB,luB,,parilubh,lubh
parilok,lok,,parilok,lok
parivaYc,vaYc,,parivañc,vañc
parivad,vad,,parivad,vad
parivand,vand,,parivand,vand
parivap,vap,1,parivap,vap
parivap,vap,2,parivap,vap
parivas,vas,4,parivas,vas
parivas,vas,5,parivas,vas
parivas,vas,3,parivas,vas
parivah,vah,,parivah,vah
parivAS,vAS,,parivāś,vāś
parivicar,car,,parivicar,car
parivid,vid,3,parivid,vid
pariviDAv,DAv,,parividhāv,dhāv
pariviS,viS,,pariviś,viś
pariviz,viz,,pariviṣ,viṣ
parivIj,vIj,,parivīj,vīj
parivf,vf,1,parivṛ,vṛ
parivf,vf,2,parivṛ,vṛ
parivfj,vfj,,parivṛj,vṛj
parivft,vft,,parivṛt,vṛt
parivfD,vfD,,parivṛdh,vṛdh
parivfz,vfz,,parivṛṣ,vṛṣ
parive,ve,,parive,ve
parivyaD,vyaD,,parivyadh,vyadh
parivye,vye,,parivye,vye
parivraj,vraj,,parivraj,vraj
parivraSc,vraSc,,parivraśc,vraśc
pariSaNk,SaNk,,pariśaṅk,śaṅk
pariSap,Sap,,pariśap,śap
pariSiz,Siz,,pariśiṣ,śiṣ
pariSI,SI,,pariśī,śī
pariSIl,SIl,,pariśīl,śīl
pariSuc,Suc,,pariśuc,śuc
pariSuD,SuD,,pariśudh,śudh
pariSuB,SuB,,pariśubh,śubh
pariSuz,Suz,,pariśuṣ,śuṣ
pariSri,Sri,,pariśri,śri
pariSru,Sru,,pariśru,śru
parizaYj,saYj,,pariṣañj,sañj
parizad,sad,,pariṣad,sad
parizah,sah,,pariṣah,sah
parizic,sic,,pariṣic,sic
pariziD,siD,,pariṣidh,sidh
pariziv,siv,,pariṣiv,siv
parizu,zu,3,pariṣu,ṣu
parizU,sU,,pariṣū,sū
parizev,sev,,pariṣev,sev
parizo,so,,pariṣo,so
parizkand,skand,,pariṣkand,skand
parizkf,kf,,pariṣkṛ,kṛ
parizwamB,stamB,,pariṣṭambh,stambh
parizwu,stu,,pariṣṭu,stu
parizwuB,stuB,,pariṣṭubh,stubh
parizWA,sTA,,pariṣṭhā,sthā
parizvaj,svaj,,pariṣvaj,svaj
parizvan,svan,,pariṣvan,svan
parisaMkrIq,krIq,,parisaṃkrīḍ,krīḍ
parisaMkzip,kzip,,parisaṃkṣip,kṣip
parisaMKyA,KyA,,parisaṃkhyā,khyā
parisaMlih,lih,,parisaṃlih,lih
parisaMvad,vad,,parisaṃvad,vad
parisaMspfS,spfS,,parisaṃspṛś,spṛś
parisamUh,Uh,1,parisamūh,ūh
parisame,i,,parisame,i
parisf,sf,,parisṛ,sṛ
parisfp,sfp,,parisṛp,sṛp
parisKal,sKal,,pariskhal,skhal
paristf,stf,,paristṛ,stṛ
parispand,spand,,parispand,spand
parispfS,spfS,,parispṛś,spṛś
parisPuw,sPuw,,parisphuṭ,sphuṭ
parisPur,sPur,,parisphur,sphur
parisru,sru,,parisru,sru
parihan,han,,parihan,han
parihas,has,,parihas,has
parihA,hA,3,parihā,hā
parihi,hi,,parihi,hi
parihiRq,hiRq,,parihiṇḍ,hiṇḍ
parihf,hf,,parihṛ,hṛ
parI,i,,parī,i
parIkz,Ikz,,parīkṣ,īkṣ
parItat,tan,,parītat,tan
parIS,IS,,parīś,īś
parIz,iz,,parīṣ,iṣ
pare,i,,pare,i
parekz,Ikz,,parekṣ,īkṣ
paryaNK,aNK,,paryaṅkh,aṅkh
paryaYc,aYc,,paryañc,añc
paryaw,aw,,paryaṭ,aṭ
paryan,an,,paryan,an
paryanviz,iz,3,paryanviṣ,iṣ
paryavakF,kF,,paryavakṝ,kṝ
paryavacCid,Cid,,paryavacchid,chid
paryavado,do,,paryavado,do
paryavanud,nud,,paryavanud,nud
paryavazwamB,stamB,,paryavaṣṭambh,stambh
paryavasfp,sfp,,paryavasṛp,sṛp
paryavaso,so,,paryavaso,so
paryavasTA,sTA,,paryavasthā,sthā
paryavAp,Ap,,paryavāp,āp
paryave,i,,paryave,i
paryavekz,Ikz,,paryavekṣ,īkṣ
paryaS,aS,1,paryaś,aś
paryaS,aS,2,paryaś,aś
paryas,as,1,paryas,as
paryas,as,2,paryas,as
paryAkzip,kzip,,paryākṣip,kṣip
paryAgam,gam,,paryāgam,gam
paryAgal,gal,,paryāgal,gal
paryAcar,car,,paryācar,car
paryARah,nah,,paryāṇah,nah
paryARI,nI,,paryāṇī,nī
paryAtan,tan,,paryātan,tan
paryAdA,dA,,paryādā,dā
paryAdru,dru,,paryādru,dru
paryADA,DA,,paryādhā,dhā
paryAp,Ap,,paryāp,āp
paryApat,pat,,paryāpat,pat
paryABf,Bf,,paryābhṛ,bhṛ
paryAmuc,muc,,paryāmuc,muc
paryAmfS,mfS,,paryāmṛś,mṛś
paryAruh,ruh,,paryāruh,ruh
paryAvap,vap,2,paryāvap,vap
paryAvft,vft,,paryāvṛt,vṛt
paryASvas,Svas,,paryāśvas,śvas
paryAs,As,,paryās,ās
paryAhf,hf,,paryāhṛ,hṛ
paryAhve,hve,,paryāhve,hve
paryukz,ukz,,paryukṣ,ukṣ
paryutTA,sTA,,paryutthā,sthā
paryutsfj,sfj,,paryutsṛj,sṛj
paryudas,as,2,paryudas,as
paryupalip,lip,,paryupalip,lip
paryupaviS,viS,,paryupaviś,viś
paryupasTA,sTA,,paryupasthā,sthā
paryupahve,hve,,paryupahve,hve
paryupAs,As,,paryupās,ās
paryUrRu,UrRu,,paryūrṇu,ūrṇu
paryUh,Uh,1,paryūh,ūh
paryfz,fz,1,paryṛṣ,ṛṣ
paryfz,fz,2,paryṛṣ,ṛṣ
parye,i,,parye,i
palyaNg,aNg,,palyaṅg,aṅg
palyay,ay,,palyay,ay
piDA,DA,,pidhā,dhā
pinah,nah,,pinah,nah
pinI,nI,,pinī,nī
puraskf,kf,,puraskṛ,kṛ
puroDA,DA,,purodhā,dhā
prakaT,kaT,,prakath,kath
prakamp,kamp,,prakamp,kamp
prakal,kal,2,prakal,kal
prakANkz,kANkz,,prakāṅkṣ,kāṅkṣ
prakAS,kAS,,prakāś,kāś
prakASIkf,kf,,prakāśīkṛ,kṛ
prakIrt,kIrt,,prakīrt,kīrt
prakup,kup,,prakup,kup
prakUj,kUj,,prakūj,kūj
prakUrd,kUrd,,prakūrd,kūrd
prakf,kf,1,prakṛ,kṛ
prakft,kft,2,prakṛt,kṛt
prakfz,kfz,,prakṛṣ,kṛṣ
prakF,kF,1,prakṝ,kṝ
prakxp,kxp,,prakḷp,kḷp
prakram,kram,,prakram,kram
prakrIq,krIq,,prakrīḍ,krīḍ
prakruS,kruS,,prakruś,kruś
praklid,klid,,praklid,klid
prakvaR,kvaR,,prakvaṇ,kvaṇ
prakzar,kzar,,prakṣar,kṣar
prakzal,kzal,,prakṣal,kṣal
prakzi,kzi,,prakṣi,kṣi
prakzip,kzip,,prakṣip,kṣip
prakzud,kzud,,prakṣud,kṣud
prakzuB,kzuB,,prakṣubh,kṣubh
prakzE,kzE,,prakṣai,kṣai
prakzRu,kzRu,,prakṣṇu,kṣṇu
praKAd,KAd,,prakhād,khād
praKud,Kud,,prakhud,khud
praKyA,KyA,,prakhyā,khyā
pragaR,gaR,,pragaṇ,gaṇ
pragam,gam,,pragam,gam
pragarj,garj,,pragarj,garj
pragalB,galB,,pragalbh,galbh
pragA,gA,,pragā,gā
pragAh,gAh,,pragāh,gāh
pragF,gF,1,pragṝ,gṝ
pragE,gE,,pragai,gai
pragraT,graT,,pragrath,grath
pragras,gras,,pragras,gras
pragrah,grah,,pragrah,grah
praglE,glE,,praglai,glai
praGaw,Gaw,,praghaṭ,ghaṭ
praGAtaya,GAtaya,,praghātaya,ghātaya
praGf,Gf,,praghṛ,ghṛ
praGfz,Gfz,,praghṛṣ,ghṛṣ
pracakz,cakz,,pracakṣ,cakṣ
pracat,cat,,pracat,cat
pracar,car,,pracar,car
pracal,cal,,pracal,cal
praci,ci,1,praci,ci
pracit,cit,,pracit,cit
pracint,cint,,pracint,cint
pracud,cud,,pracud,cud
pracUrR,cUrR,,pracūrṇ,cūrṇ
pracft,cft,,pracṛt,cṛt
pracCad,Cad,,pracchad,chad
pracCid,Cid,,pracchid,chid
pracCuq,Cuq,,pracchuḍ,chuḍ
pracCfd,Cfd,,pracchṛd,chṛd
pracCo,Co,,praccho,cho
pracyu,cyu,,pracyu,cyu
prajan,jan,,prajan,jan
prajap,jap,,prajap,jap
prajalp,jalp,,prajalp,jalp
prajAgf,jAgf,,prajāgṛ,jāgṛ
praji,ji,,praji,ji
prajinv,jinv,,prajinv,jinv
prajU,jU,,prajū,jū
prajfmB,jfmB,,prajṛmbh,jṛmbh
prajF,jF,,prajṝ,jṝ
prajYA,jYA,,prajñā,jñā
prajval,jval,,prajval,jval
praRad,nad,,praṇad,nad
praRaB,naB,,praṇabh,nabh
praRam,nam,,praṇam,nam
praRaS,naS,,praṇaś,naś
praRaS,naS,,praṇaś,naś
praRikz,nikz,,praṇikṣ,nikṣ
praRigad,gad,,praṇigad,gad
praRij,nij,,praṇij,nij
praRijYA,jYA,,praṇijñā,jñā
praRiDA,DA,,praṇidhā,dhā
praRind,nind,,praṇind,nind
praRipat,pat,,praṇipat,pat
praRihan,han,,praṇihan,han
praRI,nI,,praṇī,nī
praRu,nu,,praṇu,nu
praRud,nud,,praṇud,nud
pratakz,takz,,pratakṣ,takṣ
prataq,taq,,prataḍ,taḍ
pratan,tan,,pratan,tan
pratap,tap,,pratap,tap
pratam,tam,,pratam,tam
pratark,tark,,pratark,tark
pratikANkz,kANkz,,pratikāṅkṣ,kāṅkṣ
pratikUj,kUj,,pratikūj,kūj
pratikf,kf,,pratikṛ,kṛ
pratikF,kF,,pratikṝ,kṝ
pratikxp,kxp,,pratikḷp,kḷp
pratikram,kram,,pratikram,kram
pratikruD,kruD,,pratikrudh,krudh
pratikzip,kzip,,pratikṣip,kṣip
pratiKyA,KyA,,pratikhyā,khyā
pratigad,gad,,pratigad,gad
pratigam,gam,,pratigam,gam
pratigarj,garj,,pratigarj,garj
pratigAh,gAh,,pratigāh,gāh
pratigfD,gfD,,pratigṛdh,gṛdh
pratigF,gF,,pratigṝ,gṝ
pratigrah,grah,,pratigrah,grah
praticakz,cakz,,praticakṣ,cakṣ
praticar,car,,praticar,car
praticikIrz,kf,,praticikīrṣ,kṛ
praticint,cint,,praticint,cint
praticCad,Cad,,praticchad,chad
praticCid,Cid,,praticchid,chid
pratijan,jan,,pratijan,jan
pratijap,jap,,pratijap,jap
pratijalp,jalp,,pratijalp,jalp
pratijAgf,jAgf,,pratijāgṛ,jāgṛ
pratiji,ji,,pratiji,ji
pratijuz,juz,,pratijuṣ,juṣ
pratijf,jf,,pratijṛ,jṛ
pratijYA,jYA,,pratijñā,jñā
pratijval,jval,,pratijval,jval
pratitaq,taq,,pratitaḍ,taḍ
pratitap,tap,,pratitap,tap
pratidah,dah,,pratidah,dah
pratidA,dA,,pratidā,dā
pratidiv,div,2,pratidiv,div
pratiduh,duh,,pratiduh,duh
pratidfS,dfS,,pratidṛś,dṛś
pratiDA,DA,,pratidhā,dhā
pratiDAv,DAv,,pratidhāv,dhāv
pratiDf,Df,,pratidhṛ,dhṛ
pratinad,nad,,pratinad,nad
pratinand,nand,,pratinand,nand
pratinard,nard,,pratinard,nard
pratiniHsfj,sfj,,pratiniḥsṛj,sṛj
pratinikzip,kzip,,pratinikṣip,kṣip
pratinigad,gad,,pratinigad,gad
pratinigrah,grah,,pratinigrah,grah
pratiniDA,DA,,pratinidhā,dhā
pratinind,nind,,pratinind,nind
pratiniras,as,,pratiniras,as
pratiniryA,yA,,pratiniryā,yā
pratinirvap,vap,,pratinirvap,vap
pratinivft,vft,,pratinivṛt,vṛt
pratinizpU,pU,,pratiniṣpū,pū
pratinistF,tF,,pratinistṝ,tṝ
pratinI,nI,,pratinī,nī
pratinu,nu,,pratinu,nu
pratinud,nud,,pratinud,nud
pratinft,nft,,pratinṛt,nṛt
pratinyAgam,gam,,pratinyāgam,gam
pratipat,pat,,pratipat,pat
pratipad,pad,,pratipad,pad
pratiparARI,nI,,pratiparāṇī,nī
pratiparAhf,hf,,pratiparāhṛ,hṛ
pratiparI,i,,pratiparī,i
pratipare,i,,pratipare,i
pratiparyAvft,vft,,pratiparyāvṛt,vṛt
pratiparyAhf,hf,,pratiparyāhṛ,hṛ
pratipaS,paS,,pratipaś,paś
pratipAl,pAl,,pratipāl,pāl
pratipiz,piz,,pratipiṣ,piṣ
pratipIq,pIq,,pratipīḍ,pīḍ
pratipIy,pIy,,pratipīy,pīy
pratipUj,pUj,,pratipūj,pūj
pratipF,pF,,pratipṝ,pṝ
pratipragrah,grah,,pratipragrah,grah
pratipraC,praC,,pratiprach,prach
pratiprajYA,jYA,,pratiprajñā,jñā
pratipradA,dA,,pratipradā,dā
pratiprabrU,brU,,pratiprabrū,brū
pratipramuc,muc,,pratipramuc,muc
pratiprayam,yam,,pratiprayam,yam
pratiprayA,yA,,pratiprayā,yā
pratiprayuj,yuj,,pratiprayuj,yuj
pratipraviS,viS,,pratipraviś,viś
pratiprasU,sU,,pratiprasū,sū
pratiprasfp,sfp,,pratiprasṛp,sṛp
pratiprahi,hi,,pratiprahi,hi
pratiprAyA,yA,,pratiprāyā,yā
pratiprAs,as,,pratiprās,as
pratiPal,Pal,,pratiphal,phal
pratibanD,banD,,pratibandh,bandh
pratibAD,bAD,,pratibādh,bādh
pratibuD,buD,,pratibudh,budh
pratibrU,brU,,pratibrū,brū
pratiBakz,Bakz,,pratibhakṣ,bhakṣ
pratiBaj,Baj,,pratibhaj,bhaj
pratiBaYj,BaYj,,pratibhañj,bhañj
pratiBaR,BaR,,pratibhaṇ,bhaṇ
pratiBA,BA,,pratibhā,bhā
pratiBAz,BAz,,pratibhāṣ,bhāṣ
pratiBAs,BAs,,pratibhās,bhās
pratiBid,Bid,,pratibhid,bhid
pratiBuj,Buj,,pratibhuj,bhuj
pratiBU,BU,,pratibhū,bhū
pratiBUz,BUz,,pratibhūṣ,bhūṣ
pratiBf,Bf,,pratibhṛ,bhṛ
pratiman,man,,pratiman,man
pratimantr,mantr,,pratimantr,mantr
pratimA,mA,,pratimā,mā
pratimih,mih,,pratimih,mih
pratimIv,mIv,,pratimīv,mīv
pratimuc,muc,,pratimuc,muc
pratimud,mud,,pratimud,mud
pratiyaj,yaj,,pratiyaj,yaj
pratiyat,yat,,pratiyat,yat
pratiyam,yam,,pratiyam,yam
pratiyA,yA,,pratiyā,yā
pratiyu,yu,,pratiyu,yu
pratiyuj,yuj,,pratiyuj,yuj
pratiyuD,yuD,,pratiyudh,yudh
pratirakz,rakz,,pratirakṣ,rakṣ
pratirap,rap,,pratirap,rap
pratiram,ram,,pratiram,ram
pratiras,ras,,pratiras,ras
pratirAj,rAj,,pratirāj,rāj
pratirih,rih,,pratirih,rih
pratiru,ru,,pratiru,ru
pratiruc,ruc,,pratiruc,ruc
pratiruD,ruD,,pratirudh,rudh
pratiruh,ruh,,pratiruh,ruh
pratil,til,,pratil,til
pratilaB,laB,,pratilabh,labh
pratiliK,liK,,pratilikh,likh
prativac,vac,,prativac,vac
prativad,vad,,prativad,vad
prativap,vap,,prativap,vap
prativas,vas,,prativas,vas
prativas,vas,,prativas,vas
prativah,vah,,prativah,vah
prativAS,vAS,,prativāś,vāś
prativijYA,jYA,,prativijñā,jñā
prativid,vid,,prativid,vid
prativid,vid,,prativid,vid
prativiDA,DA,,pratividhā,dhā
prativinud,nud,,prativinud,nud
prativiparI,i,,prativiparī,i
prativibuD,buD,,prativibudh,budh
prativiram,ram,,prativiram,ram
prativisfj,sfj,,prativisṛj,sṛj
prativihA,hA,,prativihā,hā
prativI,vI,,prativī,vī
prativIkz,Ikz,,prativīkṣ,īkṣ
prativf,vf,,prativṛ,vṛ
prativfj,vfj,,prativṛj,vṛj
prativft,vft,,prativṛt,vṛt
prativfz,vfz,,prativṛṣ,vṛṣ
prativezw,vezw,,prativeṣṭ,veṣṭ
prativyaD,vyaD,,prativyadh,vyadh
prativyUh,vyUh,,prativyūh,vyūh
prativraj,vraj,,prativraj,vraj
pratiSaMs,SaMs,,pratiśaṃs,śaṃs
pratiSaNk,SaNk,,pratiśaṅk,śaṅk
pratiSap,Sap,,pratiśap,śap
pratiSuc,Suc,,pratiśuc,śuc
pratiSuz,Suz,,pratiśuṣ,śuṣ
pratiSF,SF,,pratiśṝ,śṝ
pratiSru,Sru,,pratiśru,śru
pratizaYj,saYj,,pratiṣañj,sañj
pratizic,sic,,pratiṣic,sic
pratiziD,siD,,pratiṣidh,sidh
pratiziv,siv,,pratiṣiv,siv
pratizkaB,skaB,,pratiṣkabh,skabh
pratizku,sku,,pratiṣku,sku
pratizwuB,stuB,,pratiṣṭubh,stubh
pratizWA,sTA,,pratiṣṭhā,sthā
pratizWiv,zWiv,,pratiṣṭhiv,ṣṭhiv
pratizvad,svad,,pratiṣvad,svad
pratisaMkram,kram,,pratisaṃkram,kram
pratisaMgrah,grah,,pratisaṃgrah,grah
pratisaMcar,car,,pratisaṃcar,car
pratisaMjYA,jYA,,pratisaṃjñā,jñā
pratisaMdiS,diS,,pratisaṃdiś,diś
pratisaMDA,DA,,pratisaṃdhā,dhā
pratisaMyat,yat,,pratisaṃyat,yat
pratisaMraB,raB,,pratisaṃrabh,rabh
pratisaMvad,vad,,pratisaṃvad,vad
pratisaMvid,vid,,pratisaṃvid,vid
pratisaMvezw,vezw,,pratisaṃveṣṭ,veṣṭ
pratisaMSri,Sri,,pratisaṃśri,śri
pratisaMsfj,sfj,,pratisaṃsṛj,sṛj
pratisaMskf,skf,,pratisaṃskṛ,skṛ
pratisaMsmf,smf,,pratisaṃsmṛ,smṛ
pratisaMhf,hf,,pratisaṃhṛ,hṛ
pratisaMhfz,hfz,,pratisaṃhṛṣ,hṛṣ
pratisac,sac,,pratisac,sac
pratisad,sad,,pratisad,sad
pratisamas,as,,pratisamas,as
pratisamAdiS,diS,,pratisamādiś,diś
pratisamADA,DA,,pratisamādhā,dhā
pratisamAs,As,,pratisamās,ās
pratisaminD,inD,,pratisamindh,indh
pratisamIkz,Ikz,,pratisamīkṣ,īkṣ
pratisamBU,BU,,pratisambhū,bhū
pratisah,sah,,pratisah,sah
pratisf,sf,,pratisṛ,sṛ
pratisfj,sfj,,pratisṛj,sṛj
pratisfp,sfp,,pratisṛp,sṛp
pratisev,sev,,pratisev,sev
pratiskF,kF,,pratiskṝ,kṝ
pratistamB,stamB,,pratistambh,stambh
pratisparD,sparD,,pratispardh,spardh
pratisPur,sPur,,pratisphur,sphur
pratismf,smf,,pratismṛ,smṛ
pratisvan,svan,,pratisvan,svan
pratihan,han,,pratihan,han
pratihary,hary,,pratihary,hary
pratihA,hA,,pratihā,hā
pratihu,hu,,pratihu,hu
pratihf,hf,,pratihṛ,hṛ
pratihfz,hfz,,pratihṛṣ,hṛṣ
pratihez,hez,,pratiheṣ,heṣ
pratihve,hve,,pratihve,hve
pratI,i,,pratī,i
pratIkz,Ikz,,pratīkṣ,īkṣ
pratIq,Iq,,pratīḍ,īḍ
pratInv,inv,,pratīnv,inv
pratIr,Ir,,pratīr,īr
pratIz,iz,,pratīṣ,iṣ
pratud,tud,,pratud,tud
pratuz,tuz,,pratuṣ,tuṣ
pratF,tF,,pratṝ,tṝ
pratyakzavizayIBU,BU,,pratyakṣaviṣayībhū,bhū
pratyaYj,aYj,,pratyañj,añj
pratyad,ad,,pratyad,ad
pratyaDiSri,Sri,,pratyadhiśri,śri
pratyaDI,i,,pratyadhī,i
pratyanujYA,jYA,,pratyanujñā,jñā
pratyanunI,nI,,pratyanunī,nī
pratyanuBU,BU,,pratyanubhū,bhū
pratyanuyAc,yAc,,pratyanuyāc,yāc
pratyanusmf,smf,,pratyanusmṛ,smṛ
pratyapayA,yA,,pratyapayā,yā
pratyapavah,vah,,pratyapavah,vah
pratyaporRu,UrRu,,pratyaporṇu,ūrṇu
pratyaBicar,car,,pratyabhicar,car
pratyaBijYA,jYA,,pratyabhijñā,jñā
pratyaBiDA,DA,1,pratyabhidhā,dhā
pratyaBiDAv,DAv,1,pratyabhidhāv,dhāv
pratyaBinand,nand,,pratyabhinand,nand
pratyaBiprasTA,sTA,,pratyabhiprasthā,sthā
pratyaBimiT,miT,,pratyabhimith,mith
pratyaBimfS,mfS,,pratyabhimṛś,mṛś
pratyaBiyA,yA,,pratyabhiyā,yā
pratyaBiyuj,yuj,,pratyabhiyuj,yuj
pratyaBivad,vad,,pratyabhivad,vad
pratyarc,arc,,pratyarc,arc
pratyarT,arT,,pratyarth,arth
pratyavagam,gam,,pratyavagam,gam
pratyavagrah,grah,,pratyavagrah,grah
pratyavatF,tF,,pratyavatṝ,tṝ
pratyavado,do,,pratyavado,do
pratyavaDA,DA,1,pratyavadhā,dhā
pratyavaBAz,BAz,,pratyavabhāṣ,bhāṣ
pratyavaBuj,Buj,1,pratyavabhuj,bhuj
pratyavamfS,mfS,,pratyavamṛś,mṛś
pratyavamfz,mfz,,pratyavamṛṣ,mṛṣ
pratyavaruh,ruh,,pratyavaruh,ruh
pratyavasad,sad,,pratyavasad,sad
pratyavasfj,sfj,,pratyavasṛj,sṛj
pratyavasfp,sfp,,pratyavasṛp,sṛp
pratyavaso,so,,pratyavaso,so
pratyavasTA,sTA,,pratyavasthā,sthā
pratyavahan,han,,pratyavahan,han
pratyavAp,Ap,,pratyavāp,āp
pratyave,i,,pratyave,i
pratyavekz,Ikz,,pratyavekṣ,īkṣ
pratyas,as,1,pratyas,as
pratyas,as,2,pratyas,as
pratyAkANkz,kANkz,,pratyākāṅkṣ,kāṅkṣ
pratyAkfz,kfz,,pratyākṛṣ,kṛṣ
pratyAkram,kram,,pratyākram,kram
pratyAkruS,kruS,,pratyākruś,kruś
pratyAKyA,KyA,,pratyākhyā,khyā
pratyAgam,gam,,pratyāgam,gam
pratyAgF,gF,,pratyāgṝ,gṝ
pratyAcakz,cakz,,pratyācakṣ,cakṣ
pratyAjan,jan,,pratyājan,jan
pratyAtan,tan,,pratyātan,tan
pratyAdA,dA,,pratyādā,dā
pratyAdiS,diS,,pratyādiś,diś
pratyAdf,df,,pratyādṛ,dṛ
pratyAdru,dru,,pratyādru,dru
pratyAnah,nah,,pratyānah,nah
pratyAnI,nI,,pratyānī,nī
pratyAbrU,brU,,pratyābrū,brū
pratyABU,BU,,pratyābhū,bhū
pratyAyA,yA,,pratyāyā,yā
pratyAlaB,laB,,pratyālabh,labh
pratyAliNg,liNg,,pratyāliṅg,liṅg
pratyAlI,lI,,pratyālī,lī
pratyAvap,vap,2,pratyāvap,vap
pratyAvft,vft,,pratyāvṛt,vṛt
pratyAvraj,vraj,,pratyāvraj,vraj
pratyASaMs,SaMs,,pratyāśaṃs,śaṃs
pratyASI,SI,,pratyāśī,śī
pratyASvas,Svas,,pratyāśvas,śvas
pratyAs,As,,pratyās,ās
pratyAsad,sad,,pratyāsad,sad
pratyAsev,sev,,pratyāsev,sev
pratyAsTA,sTA,,pratyāsthā,sthā
pratyAhan,han,,pratyāhan,han
pratyAhf,hf,,pratyāhṛ,hṛ
pratyAhve,hve,,pratyāhve,hve
pratyukz,ukz,,pratyukṣ,ukṣ
pratyuccar,car,,pratyuccar,car
pratyucCri,Sri,,pratyucchri,śri
pratyujjIv,jIv,,pratyujjīv,jīv
pratyuttamB,stamB,,pratyuttambh,stambh
pratyutTA,sTA,,pratyutthā,sthā
pratyutpA,pA,5,pratyutpā,pā
pratyutsad,sad,,pratyutsad,sad
pratyudAvraj,vraj,,pratyudāvraj,vraj
pratyudAhf,hf,,pratyudāhṛ,hṛ
pratyudi,i,,pratyudi,i
pratyudIkz,Ikz,,pratyudīkṣ,īkṣ
pratyudgam,gam,,pratyudgam,gam
pratyudgrah,grah,,pratyudgrah,grah
pratyuddIp,dIp,,pratyuddīp,dīp
pratyudyam,yam,,pratyudyam,yam
pratyudyA,yA,,pratyudyā,yā
pratyudvraj,vraj,,pratyudvraj,vraj
pratyunmiz,miz,,pratyunmiṣ,miṣ
pratyupakf,kf,,pratyupakṛ,kṛ
pratyupakram,kram,,pratyupakram,kram
pratyupagam,gam,,pratyupagam,gam
pratyupadiS,diS,,pratyupadiś,diś
pratyupadru,dru,,pratyupadru,dru
pratyupaDA,DA,1,pratyupadhā,dhā
pratyupaBuj,Buj,2,pratyupabhuj,bhuj
pratyupayA,yA,,pratyupayā,yā
pratyupaviS,viS,,pratyupaviś,viś
pratyupavraj,vraj,,pratyupavraj,vraj
pratyupasf,sf,,pratyupasṛ,sṛ
pratyupasTA,sTA,,pratyupasthā,sthā
pratyupaspfS,spfS,,pratyupaspṛś,spṛś
pratyupahve,hve,,pratyupahve,hve
pratyupADA,DA,1,pratyupādhā,dhā
pratyupAhf,hf,,pratyupāhṛ,hṛ
pratyupe,i,,pratyupe,i
pratyuz,uz,,pratyuṣ,uṣ
pratyUh,Uh,,pratyūh,ūh
pratye,i,,pratye,i
pratyez,Iz,,pratyeṣ,īṣ
pratras,tras,,pratras,tras
pratvakz,tvakz,,pratvakṣ,tvakṣ
pratvar,tvar,,pratvar,tvar
pradakziRIkf,kf,,pradakṣiṇīkṛ,kṛ
pradas,das,,pradas,das
pradah,dah,,pradah,dah
pradA,dA,1,pradā,dā
pradiS,diS,,pradiś,diś
pradih,dih,,pradih,dih
pradIp,dIp,,pradīp,dīp
pradu,du,2,pradu,du
praduz,duz,,praduṣ,duṣ
pradF,dF,,pradṝ,dṝ
pradyut,dyut,1,pradyut,dyut
pradru,dru,,pradru,dru
pradrek,drek,,pradrek,drek
pradviz,dviz,,pradviṣ,dviṣ
praDA,DA,1,pradhā,dhā
praDAv,DAv,1,pradhāv,dhāv
praDAv,DAv,2,pradhāv,dhāv
praDU,DU,,pradhū,dhū
praDf,Df,,pradhṛ,dhṛ
praDfz,Dfz,,pradhṛṣ,dhṛṣ
praDmA,DmA,,pradhmā,dhmā
praDyE,DyE,,pradhyai,dhyai
praDraj,Draj,,pradhraj,dhraj
praDvaMs,DvaMs,,pradhvaṃs,dhvaṃs
praDvan,Dvan,,pradhvan,dhvan
pranakz,nakz,,pranakṣ,nakṣ
pranaB,naB,,pranabh,nabh
pranard,nard,,pranard,nard
praniBid,Bid,,pranibhid,bhid
pranirakz,rakz,,pranirakṣ,rakṣ
pranft,nft,,pranṛt,nṛt
prapac,pac,2,prapac,pac
prapaW,paW,,prapaṭh,paṭh
prapat,pat,,prapat,pat
prapad,pad,2,prapad,pad
prapaS,paS,,prapaś,paś
prapA,pA,1,prapā,pā
prapA,pA,3,prapā,pā
prapinv,pinv,,prapinv,pinv
prapiz,piz,,prapiṣ,piṣ
prapIq,pIq,,prapīḍ,pīḍ
prapuz,puz,,prapuṣ,puṣ
prapUj,pUj,,prapūj,pūj
prapfc,pfc,,prapṛc,pṛc
prapF,pF,,prapṝ,pṝ
prapyE,pyE,,prapyai,pyai
praprajan,jan,,praprajan,jan
praprapF,pF,,praprapṝ,pṝ
praprarz,fz,,praprarṣ,ṛṣ
prapravI,vI,,prapravī,vī
praprasTA,sTA,,praprasthā,sthā
praprAs,as,,praprās,as
prapruT,pruT,,prapruth,pruth
prapre,i,,prapre,i
praplu,plu,,praplu,plu
prabanD,banD,,prabandh,bandh
prabalIBU,BU,,prabalībhū,bhū
prabAD,bAD,,prabādh,bādh
prabuD,buD,,prabudh,budh
prabrU,brU,,prabrū,brū
praBaj,Baj,,prabhaj,bhaj
praBaYj,BaYj,,prabhañj,bhañj
praBA,BA,1,prabhā,bhā
praBAz,BAz,,prabhāṣ,bhāṣ
praBAs,BAs,,prabhās,bhās
praBid,Bid,,prabhid,bhid
praBU,BU,,prabhū,bhū
praBUz,BUz,,prabhūṣ,bhūṣ
praBf,Bf,,prabhṛ,bhṛ
praBraMS,BraMS,,prabhraṃś,bhraṃś
praBram,Bram,,prabhram,bhram
praBrAj,BrAj,,prabhrāj,bhrāj
pramajj,majj,,pramajj,majj
pramaT,maT,,pramath,math
pramad,mad,,pramad,mad
praman,man,,praman,man
pramanT,maT,,pramanth,math
pramand,mand,,pramand,mand
pramA,mA,,pramā,mā
prami,mi,1,prami,mi
pramid,mid,,pramid,mid
pramih,mih,,pramih,mih
pramI,mI,,pramī,mī
pramIl,mIl,,pramīl,mīl
pramIv,mIv,,pramīv,mīv
pramuc,muc,,pramuc,muc
pramud,mud,,pramud,mud
pramurC,murC,,pramurch,murch
pramuz,muz,,pramuṣ,muṣ
pramuh,muh,,pramuh,muh
pramf,mf,,pramṛ,mṛ
pramfj,mfj,,pramṛj,mṛj
pramfR,mfR,,pramṛṇ,mṛṇ
pramfd,mfd,,pramṛd,mṛd
pramfS,mfS,,pramṛś,mṛś
pramF,mF,,pramṝ,mṝ
pramlAnIBU,BU,,pramlānībhū,bhū
pramluc,mluc,,pramluc,mluc
pramlE,mlE,,pramlai,mlai
prayakz,yakz,,prayakṣ,yakṣ
prayaj,yaj,,prayaj,yaj
prayat,yat,,prayat,yat
prayaB,yaB,,prayabh,yabh
prayam,yam,,prayam,yam
prayas,yas,,prayas,yas
prayA,yA,,prayā,yā
prayAc,yAc,,prayāc,yāc
prayu,yu,2,prayu,yu
prayuC,yuC,,prayuch,yuch
prayuj,yuj,,prayuj,yuj
prayuD,yuD,,prayudh,yudh
prarakz,rakz,,prarakṣ,rakṣ
prarad,rad,,prarad,rad
prarap,rap,,prarap,rap
prarapS,rapS,,prarapś,rapś
praram,ram,,praram,ram
praric,ric,,praric,ric
prarI,rI,,prarī,rī
praru,ru,,praru,ru
praruc,ruc,,praruc,ruc
praruj,ruj,,praruj,ruj
prarud,rud,,prarud,rud
praruD,ruD,,prarudh,rudh
praruh,ruh,,praruh,ruh
prarUp,rUp,,prarūp,rūp
prarej,rej,,prarej,rej
pralap,lap,,pralap,lap
pralaB,laB,,pralabh,labh
pralamb,lamb,,pralamb,lamb
praliK,liK,,pralikh,likh
pralip,lip,,pralip,lip
pralih,lih,,pralih,lih
pralI,lI,,pralī,lī
praluW,luW,,praluṭh,luṭh
pralup,lup,,pralup,lup
praluB,luB,,pralubh,lubh
pralU,lU,,pralū,lū
pravac,vac,,pravac,vac
pravad,vad,,pravad,vad
pravan,van,,pravan,van
pravap,vap,1,pravap,vap
pravap,vap,2,pravap,vap
pravarR,varR,,pravarṇ,varṇ
pravalg,valg,,pravalg,valg
pravalh,valh,,pravalh,valh
pravas,vas,4,pravas,vas
pravas,vas,5,pravas,vas
pravah,vah,,pravah,vah
pravA,vA,,pravā,vā
pravAS,vAS,,pravāś,vāś
pravAh,vAh,,pravāh,vāh
pravikas,kas,,pravikas,kas
pravikF,kF,,pravikṝ,kṝ
pravigal,gal,,pravigal,gal
pravigAh,gAh,,pravigāh,gāh
praviGaw,Gaw,,pravighaṭ,ghaṭ
pravicakz,cakz,,pravicakṣ,cakṣ
pravicar,car,,pravicar,car
pravical,cal,,pravical,cal
pravici,ci,2,pravici,ci
pravicint,cint,,pravicint,cint
pravicezw,cezw,,praviceṣṭ,ceṣṭ
pravij,vij,,pravij,vij
pravijfmB,jfmB,,pravijṛmbh,jṛmbh
pravijYA,jYA,,pravijñā,jñā
pravid,vid,1,pravid,vid
pravid,vid,3,pravid,vid
praviduh,duh,,praviduh,duh
praviDA,DA,1,pravidhā,dhā
pravinaS,naS,2,pravinaś,naś
praviBaj,Baj,,pravibhaj,bhaj
praviBuj,Buj,1,pravibhuj,bhuj
pravimuc,muc,,pravimuc,muc
pravilaB,laB,,pravilabh,labh
pravilamb,lamb,,pravilamb,lamb
pravilas,las,,pravilas,las
pravilI,lI,,pravilī,lī
pravilok,lok,,pravilok,lok
praviS,viS,,praviś,viś
praviSiz,Siz,,praviśiṣ,śiṣ
pravistf,stf,,pravistṛ,stṛ
pravihA,hA,3,pravihā,hā
pravI,vI,,pravī,vī
pravf,vf,1,pravṛ,vṛ
pravf,vf,2,pravṛ,vṛ
pravfj,vfj,,pravṛj,vṛj
pravft,vft,,pravṛt,vṛt
pravfD,vfD,,pravṛdh,vṛdh
pravfz,vfz,,pravṛṣ,vṛṣ
pravfh,vfh,,pravṛh,vṛh
prave,ve,,prave,ve
pravep,vep,,pravep,vep
pravyaT,vyaT,,pravyath,vyath
pravyaD,vyaD,,pravyadh,vyadh
pravyas,as,2,pravyas,as
pravyAhf,hf,,pravyāhṛ,hṛ
pravraj,vraj,,pravraj,vraj
pravraSc,vraSc,,pravraśc,vraśc
pravlI,vlI,,pravlī,vlī
praSaMs,SaMs,,praśaṃs,śaṃs
praSak,Sak,,praśak,śak
praSam,Sam,,praśam,śam
praSAs,SAs,,praśās,śās
praSI,SI,,praśī,śī
praSuc,Suc,,praśuc,śuc
praSuB,SuB,,praśubh,śubh
praSuz,Suz,,praśuṣ,śuṣ
praSF,SF,,praśṝ,śṝ
praScut,Scut,,praścut,ścut
praSri,Sri,,praśri,śri
praSru,Sru,,praśru,śru
praSvas,Svas,,praśvas,śvas
prazWiv,zWiv,,praṣṭhiv,ṣṭhiv
prasaMKyA,KyA,,prasaṃkhyā,khyā
prasaMcakz,cakz,,prasaṃcakṣ,cakṣ
prasaMDA,DA,,prasaṃdhā,dhā
prasac,sac,,prasac,sac
prasaYj,saYj,,prasañj,sañj
prasad,sad,,prasad,sad
prasan,san,,prasan,san
prasamIkz,Ikz,,prasamīkṣ,īkṣ
prasah,sah,,prasah,sah
prasi,si,1,prasi,si
prasic,sic,,prasic,sic
prasiD,siD,2,prasidh,sidh
prasiD,siD,3,prasidh,sidh
prasiv,siv,,prasiv,siv
prasU,sU,1,prasū,sū
prasU,sU,2,prasū,sū
prasUc,sUc,,prasūc,sūc
prasf,sf,,prasṛ,sṛ
prasfj,sfj,,prasṛj,sṛj
prasfp,sfp,,prasṛp,sṛp
praskand,skand,,praskand,skand
prasKal,sKal,,praskhal,skhal
prastu,stu,,prastu,stu
prastuB,stuB,,prastubh,stubh
prastump,tump,,prastump,tump
prastf,stf,,prastṛ,stṛ
prasTA,sTA,,prasthā,sthā
prasnA,snA,,prasnā,snā
prasnu,snu,,prasnu,snu
praspand,spand,,praspand,spand
prasparD,sparD,,praspardh,spardh
prasPuw,sPuw,,prasphuṭ,sphuṭ
prasPur,sPur,,prasphur,sphur
prasmi,smi,,prasmi,smi
prasmf,smf,,prasmṛ,smṛ
prasyand,syand,,prasyand,syand
prasraMs,sraMs,,prasraṃs,sraṃs
prasru,sru,,prasru,sru
prasvap,svap,,prasvap,svap
prasvid,svid,,prasvid,svid
prasvf,svf,,prasvṛ,svṛ
prahan,han,,prahan,han
prahas,has,,prahas,has
prahA,hA,2,prahā,hā
prahA,hA,3,prahā,hā
prahi,hi,,prahi,hi
prahu,hu,,prahu,hu
prahf,hf,,prahṛ,hṛ
prahfz,hfz,,prahṛṣ,hṛṣ
prahlAd,hlAd,,prahlād,hlād
prahval,hval,,prahval,hval
prahve,hve,,prahve,hve
prAkf,kf,,prākṛ,kṛ
prAR,an,,prāṇ,an
prAd,ad,,prād,ad
prAdA,dA,,prādā,dā
prAdru,dru,,prādru,dru
prADI,i,,prādhī,i
prAn,an,,prān,an
prAp,Ap,,prāp,āp
prABiRI,nI,,prābhiṇī,nī
prAyA,yA,,prāyā,yā
prAyuD,yuD,,prāyudh,yudh
prAr,f,,prār,ṛ
prAraB,raB,,prārabh,rabh
prAruh,ruh,,prāruh,ruh
prArc,arc,,prārc,arc
prArC,fC,,prārch,ṛch
prArj,fj,,prārj,ṛj
prArYj,fYj,,prārñj,ṛñj
prArT,arT,,prārth,arth
prArd,ard,,prārd,ard
prArD,fD,,prārdh,ṛdh
prArz,fz,,prārṣ,ṛṣ
prArh,arh,,prārh,arh
prAv,av,,prāv,av
prAvanij,nij,,prāvanij,nij
prAvaso,so,,prāvaso,so
prAviS,viS,,prāviś,viś
prAvf,vf,,prāvṛ,vṛ
prAS,aS,,prāś,aś
prAS,aS,,prāś,aś
prASvas,Svas,,prāśvas,śvas
prAs,as,,prās,as
prAs,as,,prās,as
prAh,ah,,prāh,ah
priyAkf,kf,,priyākṛ,kṛ
priyAmuKIBU,BU,,priyāmukhībhū,bhū
pre,i,,pre,i
prekz,Ikz,,prekṣ,īkṣ
preNK,INK,,preṅkh,īṅkh
preq,Iq,,preḍ,īḍ
prenv,inv,,prenv,inv
premarASIBU,BU,,premarāśībhū,bhū
prer,Ir,,prer,īr
prez,iz,,preṣ,iṣ
prED,eD,,praidh,edh
prokz,ukz,,prokṣ,ukṣ
proccar,car,,proccar,car
proccal,cal,,proccal,cal
procCal,Sal,,procchal,śal
procCvas,Svas,,procchvas,śvas
projjval,jval,,projjval,jval
projJ,ujJ,,projjh,ujjh
proYC,uYC,,proñch,uñch
proqqI,qI,,proḍḍī,ḍī
protkUj,kUj,,protkūj,kūj
protKan,Kan,,protkhan,khan
protKE,KE,,protkhai,khai
prottF,tF,,prottṝ,tṝ
protTA,sTA,,protthā,sthā
protpat,pat,,protpat,pat
protpad,pad,,protpad,pad
protsad,sad,,protsad,sad
protsah,sah,,protsah,sah
protsf,sf,,protsṛ,sṛ
protsfj,sfj,,protsṛj,sṛj
protsfp,sfp,,protsṛp,sṛp
prodi,i,,prodi,i
prodDA,hA,,proddhā,hā
prodDf,hf,,proddhṛ,hṛ
prodyam,yam,,prodyam,yam
prodvah,vah,,prodvah,vah
prodvij,vij,,prodvij,vij
pronnad,nad,,pronnad,nad
pronnam,nam,,pronnam,nam
pronnI,nI,,pronnī,nī
pronmaT,maT,,pronmath,math
pronmad,mad,,pronmad,mad
pronmIl,mIl,,pronmīl,mīl
proB,uB,,probh,ubh
prorRu,UrRu,,prorṇu,ūrṇu
prollaNG,laNG,,prollaṅgh,laṅgh
prollas,las,,prollas,las
prolliK,liK,,prollikh,likh
proh,Uh,,proh,ūh
prOQIBU,BU,,prauḍhībhū,bhū
PalIkf,kf,,phalīkṛ,kṛ
PalIBU,BU,,phalībhū,bhū
Putkf,kf,,phutkṛ,kṛ
baDirIkf,kf,,badhirīkṛ,kṛ
bahalIBU,BU,,bahalībhū,bhū
bahulIBU,BU,,bahulībhū,bhū
bIjAkf,kf,,bījākṛ,kṛ
brAhmaRIBU,BU,,brāhmaṇībhū,bhū
BadrAkf,kf,,bhadrākṛ,kṛ
BasmAkf,kf,,bhasmākṛ,kṛ
BasmIkf,kf,,bhasmīkṛ,kṛ
BasmIBU,BU,,bhasmībhū,bhū
BAgIkf,kf,,bhāgīkṛ,kṛ
BAvayatIBU,BU,,bhāvayatībhū,bhū
BImaBavIBU,BU,,bhīmabhavībhū,bhū
BftyIBU,BU,,bhṛtyībhū,bhū
BfSIBU,BU,,bhṛśībhū,bhū
maYjarIkf,kf,,mañjarīkṛ,kṛ
matIkf,kf,,matīkṛ,kṛ
madBU,BU,,madbhū,bhū
madrAkf,kf,,madrākṛ,kṛ
manIkf,kf,,manīkṛ,kṛ
manujIkf,kf,,manujīkṛ,kṛ
mantravaSIkf,kf,,mantravaśīkṛ,kṛ
mandIkf,kf,,mandīkṛ,kṛ
mandIBU,BU,,mandībhū,bhū
mayUrIBU,BU,,mayūrībhū,bhū
marUBU,BU,,marūbhū,bhū
martyIBU,BU,,martyībhū,bhū
maryAdIkf,kf,,maryādīkṛ,kṛ
malinIkf,kf,,malinīkṛ,kṛ
malinIBU,BU,,malinībhū,bhū
mazmazAkf,kf,,maṣmaṣākṛ,kṛ
mahIkf,kf,,mahīkṛ,kṛ
mAYjizWIkf,kf,,māñjiṣṭhīkṛ,kṛ
mAtrIkf,kf,,mātrīkṛ,kṛ
mAnuzIBU,BU,,mānuṣībhū,bhū
mArdavIkf,kf,,mārdavīkṛ,kṛ
mAsIkf,kf,,māsīkṛ,kṛ
mitrIkf,kf,,mitrīkṛ,kṛ
mitrIBU,BU,,mitrībhū,bhū
miTunIkf,kf,,mithunīkṛ,kṛ
miTunIBU,BU,,mithunībhū,bhū
miSrIkf,kf,,miśrīkṛ,kṛ
miSrIBU,BU,,miśrībhū,bhū
mukulIkf,kf,,mukulīkṛ,kṛ
muKarIkf,kf,1,mukharīkṛ,kṛ
muYjIkf,kf,,muñjīkṛ,kṛ
muzwIkf,kf,,muṣṭīkṛ,kṛ
musalIBU,BU,,musalībhū,bhū
mUkIkf,kf,,mūkīkṛ,kṛ
mUrKIBU,BU,,mūrkhībhū,bhū
mUlIkf,kf,,mūlīkṛ,kṛ
mfdUas,as,,mṛdūas,as
mfdUBU,BU,,mṛdūbhū,bhū
meKalIkf,kf,1,mekhalīkṛ,kṛ
moGIkf,kf,,moghīkṛ,kṛ
yAnIkf,kf,,yānīkṛ,kṛ
yUTIkf,kf,1,yūthīkṛ,kṛ
yUpIkf,kf,1,yūpīkṛ,kṛ
rajIkf,kf,,rajīkṛ,kṛ
rajjUkf,kf,,rajjūkṛ,kṛ
rahIkf,kf,,rahīkṛ,kṛ
rahIBU,BU,,rahībhū,bhū
rAjamArgIkf,kf,,rājamārgīkṛ,kṛ
rASIkf,kf,,rāśīkṛ,kṛ
rASIBU,BU,,rāśībhū,bhū
riktIkf,kf,,riktīkṛ,kṛ
rUpIkf,kf,,rūpīkṛ,kṛ
rEkf,kf,,raikṛ,kṛ
lakzIkf,kf,,lakṣīkṛ,kṛ
lakzIBU,BU,,lakṣībhū,bhū
lakzyIkf,kf,,lakṣyīkṛ,kṛ
lakzyIBU,BU,,lakṣyībhū,bhū
laGUkf,kf,,laghūkṛ,kṛ
liptIkf,kf,,liptīkṛ,kṛ
lokAyata,kf,,lokāyata,kṛ
lohitIBU,BU,,lohitībhū,bhū
vakrIkf,kf,,vakrīkṛ,kṛ
vakrIBU,BU,,vakrībhū,bhū
vajrasArIkf,kf,,vajrasārīkṛ,kṛ
varaDarmIkf,kf,,varadharmīkṛ,kṛ
varRIBU,BU,,varṇībhū,bhū
vartIkf,kf,,vartīkṛ,kṛ
valayIkf,kf,,valayīkṛ,kṛ
valayIBU,BU,,valayībhū,bhū
vaSIkf,kf,,vaśīkṛ,kṛ
vaSIBU,BU,,vaśībhū,bhū
vahanIkf,kf,,vahanīkṛ,kṛ
vahnisAtkf,kf,,vahnisātkṛ,kṛ
vAjIkf,kf,,vājīkṛ,kṛ
vAntIkf,kf,,vāntīkṛ,kṛ
vAmIkf,kf,,vāmīkṛ,kṛ
vAlavyajanIBU,BU,,vālavyajanībhū,bhū
vAhanIkf,kf,,vāhanīkṛ,kṛ
vAhanIBU,BU,,vāhanībhū,bhū
vikacIkf,kf,,vikacīkṛ,kṛ
vikawIkf,kf,,vikaṭīkṛ,kṛ
vikatT,katT,,vikatth,katth
vikamp,kamp,,vikamp,kamp
vikalIkf,kf,,vikalīkṛ,kṛ
vikas,kas,,vikas,kas
vikANkz,kANkz,,vikāṅkṣ,kāṅkṣ
vikAS,kAS,,vikāś,kāś
vikUj,kUj,,vikūj,kūj
vikf,kf,1,vikṛ,kṛ
vikft,kft,2,vikṛt,kṛt
vikfz,kfz,,vikṛṣ,kṛṣ
vikF,kF,,vikṝ,kṝ
vikxp,kxp,,vikḷp,kḷp
vikram,kram,,vikram,kram
vikrI,krI,,vikrī,krī
vikrIq,krIq,,vikrīḍ,krīḍ
vikruS,kruS,,vikruś,kruś
viklav,klav,,viklav,klav
viklavIkf,kf,,viklavīkṛ,kṛ
viklavIBU,BU,,viklavībhū,bhū
vikzar,kzar,,vikṣar,kṣar
vikzi,kzi,4,vikṣi,kṣi
vikzip,kzip,,vikṣip,kṣip
vikzuD,kzuD,,vikṣudh,kṣudh
vikzuB,kzuB,,vikṣubh,kṣubh
viKan,Kan,,vikhan,khan
viKid,Kid,,vikhid,khid
viKyA,KyA,,vikhyā,khyā
vigaR,gaR,,vigaṇ,gaṇ
vigam,gam,,vigam,gam
vigarj,garj,,vigarj,garj
vigarh,garh,,vigarh,garh
vigal,gal,,vigal,gal
vigAh,gAh,,vigāh,gāh
viguRIkf,kf,,viguṇīkṛ,kṛ
vigE,gE,,vigai,gai
vigraT,graT,1,vigrath,grath
vigrah,grah,,vigrah,grah
viGaw,Gaw,,vighaṭ,ghaṭ
viGaww,Gaww,,vighaṭṭ,ghaṭṭ
viGUrR,GUrR,,vighūrṇ,ghūrṇ
viGrA,GrA,,vighrā,ghrā
vicakz,cakz,,vicakṣ,cakṣ
vicaw,caw,,vicaṭ,caṭ
vicar,car,,vicar,car
vical,cal,,vical,cal
vici,ci,1,vici,ci
vici,ci,2,vici,ci
vicit,cit,4,vicit,cit
vicint,cint,,vicint,cint
vicumb,cumb,,vicumb,cumb
vicUrR,cUrR,,vicūrṇ,cūrṇ
vicUrRIBU,BU,,vicūrṇībhū,bhū
vicft,cft,,vicṛt,cṛt
vicezw,cezw,,viceṣṭ,ceṣṭ
vicCad,Cad,,vicchad,chad
vicCad,Cad,,vicchad,chad
vicCAyIkf,kf,,vicchāyīkṛ,kṛ
vicCid,Cid,,vicchid,chid
vicCo,Co,,viccho,cho
vijan,jan,,vijan,jan
viji,ji,,viji,ji
vijIv,jIv,,vijīv,jīv
vijfmB,jfmB,,vijṛmbh,jṛmbh
vijYA,jYA,,vijñā,jñā
viqamb,qamb,,viḍamb,ḍamb
vitakz,takz,,vitakṣ,takṣ
vitaq,taq,,vitaḍ,taḍ
vitatIkf,kf,,vitatīkṛ,kṛ
vitaTIkf,kf,,vitathīkṛ,kṛ
vitan,tan,,vitan,tan
vitap,tap,,vitap,tap
vitark,tark,,vitark,tark
vitAnIkf,kf,,vitānīkṛ,kṛ
vitAnIBU,BU,,vitānībhū,bhū
vitud,tud,,vitud,tud
vituzIkf,kf,,vituṣīkṛ,kṛ
vitfd,tfd,,vitṛd,tṛd
vitfp,tfp,,vitṛp,tṛp
vitfz,tfz,,vitṛṣ,tṛṣ
vitF,tF,,vitṝ,tṝ
vitras,tras,,vitras,tras
vitruq,truq,,vitruḍ,truḍ
vidaMS,daMS,,vidaṃś,daṃś
viday,day,,viday,day
vidal,dal,,vidal,dal
vidas,das,,vidas,das
vidah,dah,,vidah,dah
vidA,dA,,vidā,dā
vidA,dA,,vidā,dā
vidAS,dAS,,vidāś,dāś
vidiv,div,,vidiv,div
vidIp,dIp,,vidīp,dīp
vidu,du,,vidu,du
viduz,duz,,viduṣ,duṣ
viduh,duh,,viduh,duh
vidUrIBU,BU,,vidūrībhū,bhū
vidfS,dfS,,vidṛś,dṛś
vidF,dF,,vidṝ,dṝ
vidyut,dyut,,vidyut,dyut
vidru,dru,,vidru,dru
vidruh,druh,,vidruh,druh
vidrE,drE,,vidrai,drai
vidviz,dviz,,vidviṣ,dviṣ
viDanIkf,kf,,vidhanīkṛ,kṛ
viDam,Dam,,vidham,dham
viDA,DA,,vidhā,dhā
viDAv,DAv,,vidhāv,dhāv
viDU,DU,,vidhū,dhū
viDUp,DUp,,vidhūp,dhūp
viDf,Df,,vidhṛ,dhṛ
viDmA,DmA,,vidhmā,dhmā
viDvaMs,DvaMs,,vidhvaṃs,dhvaṃs
viDvas,Dvas,,vidhvas,dhvas
vinad,nad,,vinad,nad
vinand,nand,,vinand,nand
vinam,nam,,vinam,nam
vinaya,nI,,vinaya,nī
vinard,nard,,vinard,nard
vinaS,naS,,vinaś,naś
vinaS,naS,,vinaś,naś
viniHSvas,Svas,,viniḥśvas,śvas
viniHsf,sf,,viniḥsṛ,sṛ
vinikf,kf,,vinikṛ,kṛ
vinikft,kft,,vinikṛt,kṛt
vinikz,nikz,,vinikṣ,nikṣ
vinikzip,kzip,,vinikṣip,kṣip
vinigad,gad,,vinigad,gad
viniguh,guh,,viniguh,guh
vinid,nid,,vinid,nid
viniDA,DA,,vinidhā,dhā
viniDf,Df,,vinidhṛ,dhṛ
viniDvaMs,DvaMs,,vinidhvaṃs,dhvaṃs
viniDvas,Dvas,,vinidhvas,dhvas
vinind,nind,,vinind,nind
vinipat,pat,,vinipat,pat
viniyam,yam,,viniyam,yam
viniyuj,yuj,,viniyuj,yuj
vinirgam,gam,,vinirgam,gam
vinirji,ji,,vinirji,ji
vinirRI,nI,,vinirṇī,nī
vinirdah,dah,,vinirdah,dah
vinirdiS,diS,,vinirdiś,diś
vinirmuc,muc,,vinirmuc,muc
viniryA,yA,,viniryā,yā
vinirliK,liK,,vinirlikh,likh
vinirvam,vam,,vinirvam,vam
vinirhf,hf,,vinirhṛ,hṛ
vinivft,vft,,vinivṛt,vṛt
viniScar,car,,viniścar,car
viniSvas,Svas,,viniśvas,śvas
vinizad,sad,,viniṣad,sad
vinizkram,kram,,viniṣkram,kram
vinizwan,stan,,viniṣṭan,stan
vinizWiv,zWiv,,viniṣṭhiv,ṣṭhiv
vinizpaw,paw,,viniṣpaṭ,paṭ
vinizpat,pat,,viniṣpat,pat
vinizpiz,piz,,viniṣpiṣ,piṣ
vinizpIq,pIq,,viniṣpīḍ,pīḍ
vinihan,han,,vinihan,han
vinihnu,hnu,,vinihnu,hnu
vinI,nI,,vinī,nī
vinu,nu,,vinu,nu
vinud,nud,,vinud,nud
vinft,nft,,vinṛt,nṛt
vinyas,as,,vinyas,as
vipakzIkf,kf,,vipakṣīkṛ,kṛ
vipac,pac,,vipac,pac
vipaYcaya,paYcaya,,vipañcaya,pañcaya
vipaw,paw,,vipaṭ,paṭ
vipaW,paW,,vipaṭh,paṭh
vipaR,paR,,vipaṇ,paṇ
vipat,pat,,vipat,pat
vipad,pad,,vipad,pad
viparikram,kram,,viparikram,kram
viparigA,gA,,viparigā,gā
vipariRam,nam,,vipariṇam,nam
viparidru,dru,,viparidru,dru
vipariDA,DA,,viparidhā,dhā
vipariDAv,DAv,,viparidhāv,dhāv
viparipat,pat,,viparipat,pat
viparivft,vft,,viparivṛt,vṛt
viparihf,hf,,viparihṛ,hṛ
viparI,i,,viparī,i
vipare,i,,vipare,i
viparyas,as,,viparyas,as
viparyAvft,vft,,viparyāvṛt,vṛt
viparyUh,Uh,,viparyūh,ūh
vipalyay,ay,,vipalyay,ay
vipaS,paS,,vipaś,paś
vipA,pA,,vipā,pā
vipiS,piS,,vipiś,piś
vipulIkf,kf,,vipulīkṛ,kṛ
vipU,pU,,vipū,pū
vipfc,pfc,,vipṛc,pṛc
vipfzWIBU,BU,,vipṛṣṭhībhū,bhū
viprakf,kf,,viprakṛ,kṛ
viprakfz,kfz,,viprakṛṣ,kṛṣ
vipraC,praC,,viprach,prach
vipraRaS,naS,,vipraṇaś,naś
vipraRI,nI,,vipraṇī,nī
vipratikf,kf,,vipratikṛ,kṛ
vipratipad,pad,,vipratipad,pad
vipratiBA,BA,,vipratibhā,bhā
vipraT,praT,,viprath,prath
vipraduh,duh,,vipraduh,duh
vipradru,dru,,vipradru,dru
vipraDAv,DAv,,vipradhāv,dhāv
vipramuc,muc,,vipramuc,muc
viprayuj,yuj,,viprayuj,yuj
vipralap,lap,,vipralap,lap
vipralaB,laB,,vipralabh,labh
vipralup,lup,,vipralup,lup
vipraluB,luB,,vipralubh,lubh
vipravad,vad,,vipravad,vad
vipravas,vas,,vipravas,vas
vipravraj,vraj,,vipravraj,vraj
viprasAtkf,kf,,viprasātkṛ,kṛ
viprasf,sf,,viprasṛ,sṛ
viprasfp,sfp,,viprasṛp,sṛp
viprasTA,sTA,,viprasthā,sthā
viprahA,hA,,viprahā,hā
vipru,pru,,vipru,pru
vipre,i,,vipre,i
viprekz,Ikz,,viprekṣ,īkṣ
viplu,plu,,viplu,plu
viPalIkf,kf,,viphalīkṛ,kṛ
viPalIBU,BU,,viphalībhū,bhū
vibanD,banD,,vibandh,bandh
vibAD,bAD,,vibādh,bādh
vibuD,buD,,vibudh,budh
vibfh,bfh,,vibṛh,bṛh
vibfh,bfh,,vibṛh,bṛh
vibrU,brU,,vibrū,brū
viBaj,Baj,,vibhaj,bhaj
viBaYj,BaYj,,vibhañj,bhañj
viBA,BA,,vibhā,bhā
viBAgIkf,kf,,vibhāgīkṛ,kṛ
viBAz,BAz,,vibhāṣ,bhāṣ
viBAs,BAs,,vibhās,bhās
viBid,Bid,,vibhid,bhid
viBinnIkf,kf,,vibhinnīkṛ,kṛ
viBI,BI,,vibhī,bhī
viBU,BU,,vibhū,bhū
viBUz,BUz,,vibhūṣ,bhūṣ
viBf,Bf,,vibhṛ,bhṛ
viBraMS,BraMS,,vibhraṃś,bhraṃś
viBram,Bram,,vibhram,bhram
viBrAj,BrAj,,vibhrāj,bhrāj
vimaMh,maMh,,vimaṃh,maṃh
vimajj,majj,,vimajj,majj
vimaT,maT,,vimath,math
vimad,mad,,vimad,mad
vimadIkf,kf,,vimadīkṛ,kṛ
viman,man,,viman,man
vimanT,manT,,vimanth,manth
vimA,mA,3,vimā,mā
vimAnIkf,kf,,vimānīkṛ,kṛ
vimi,mi,,vimi,mi
vimiSr,miSr,,vimiśr,miśr
vimuKIkf,kf,,vimukhīkṛ,kṛ
vimuKIBU,BU,,vimukhībhū,bhū
vimuc,muc,,vimuc,muc
vimuh,muh,,vimuh,muh
vimfj,mfj,,vimṛj,mṛj
vimfd,mfd,,vimṛd,mṛd
vimfS,mfS,,vimṛś,mṛś
vimfz,mfz,,vimṛṣ,mṛṣ
vime,me,,vime,me
vimokz,mokz,,vimokṣ,mokṣ
vimrit,mrit,,vimrit,mrit
vimlE,mlE,,vimlai,mlai
viyat,yat,,viyat,yat
viyam,yam,,viyam,yam
viyA,yA,,viyā,yā
viyu,yu,,viyu,yu
viyuj,yuj,,viyuj,yuj
virakz,rakz,,virakṣ,rakṣ
virac,rac,,virac,rac
virajIkf,kf,,virajīkṛ,kṛ
virajIBU,BU,,virajībhū,bhū
viraYj,raYj,,virañj,rañj
viraTIkf,kf,,virathīkṛ,kṛ
viraTIBU,BU,,virathībhū,bhū
virad,rad,,virad,rad
virapS,rapS,,virapś,rapś
viram,ram,,viram,ram
viralIkf,kf,,viralīkṛ,kṛ
viras,ras,1,viras,ras
virasIkf,kf,,virasīkṛ,kṛ
virasIBU,BU,,virasībhū,bhū
virah,rah,,virah,rah
virahIkf,kf,,virahīkṛ,kṛ
virAj,rAj,,virāj,rāj
virAD,rAD,,virādh,rādh
viru,ru,,viru,ru
viruc,ruc,,viruc,ruc
viruj,ruj,1,viruj,ruj
virud,rud,,virud,rud
viruD,ruD,2,virudh,rudh
viruz,ruz,,viruṣ,ruṣ
viruh,ruh,,viruh,ruh
vilakz,lakz,,vilakṣ,lakṣ
vilakzIkf,kf,,vilakṣīkṛ,kṛ
vilag,lag,,vilag,lag
vilaNG,laNG,,vilaṅgh,laṅgh
vilajj,lajj,,vilajj,lajj
vilap,lap,,vilap,lap
vilaB,laB,,vilabh,labh
vilamb,lamb,,vilamb,lamb
vilas,las,,vilas,las
viliK,liK,,vilikh,likh
vilip,lip,,vilip,lip
viliS,liS,,viliś,liś
vilih,lih,,vilih,lih
vilI,lI,,vilī,lī
viluYc,luYc,,viluñc,luñc
viluW,luW,2,viluṭh,luṭh
viluRW,luRW,,viluṇṭh,luṇṭh
vilup,lup,,vilup,lup
vivac,vac,,vivac,vac
vivad,vad,,vivad,vad
vivarR,varR,,vivarṇ,varṇ
vivarD,varD,,vivardh,vardh
vival,val,,vival,val
vivalg,valg,,vivalg,valg
vivas,vas,2,vivas,vas
vivas,vas,4,vivas,vas
vivas,vas,5,vivas,vas
vivah,vah,,vivah,vah
vivA,vA,,vivā,vā
vivAc,vac,,vivāc,vac
vivic,vic,,vivic,vic
vivip,vip,,vivip,vip
viviS,viS,,viviś,viś
vivf,vf,1,vivṛ,vṛ
vivft,vft,,vivṛt,vṛt
vivfD,vfD,,vivṛdh,vṛdh
vive,ve,,vive,ve
viven,ven,,viven,ven
vivell,vell,,vivell,vell
vivyaD,vyaD,,vivyadh,vyadh
vivraSc,vraSc,,vivraśc,vraśc
viSaMs,SaMs,,viśaṃs,śaṃs
viSaNk,SaNk,,viśaṅk,śaṅk
viSadIkf,kf,,viśadīkṛ,kṛ
viSas,Sas,,viśas,śas
viSAs,SAs,,viśās,śās
viSiYj,SiYj,,viśiñj,śiñj
viSiz,Siz,,viśiṣ,śiṣ
viSI,SI,,viśī,śī
viSuD,SuD,,viśudh,śudh
viSuB,SuB,,viśubh,śubh
viSuz,Suz,1,viśuṣ,śuṣ
viSfD,SfD,,viśṛdh,śṛdh
viSezaRIkf,kf,,viśeṣaṇīkṛ,kṛ
viSraT,SraT,,viśrath,śrath
viSram,Sram,,viśram,śram
viSramB,SramB,,viśrambh,śrambh
viSri,Sri,,viśri,śri
viSrIkf,kf,,viśrīkṛ,kṛ
viSru,Sru,1,viśru,śru
viSliz,Sliz,,viśliṣ,śliṣ
viSvas,Svas,,viśvas,śvas
viSvi,Svi,,viśvi,śvi
viSvit,Svit,,viśvit,śvit
vizaYj,saYj,,viṣañj,sañj
vizad,sad,,viṣad,sad
vizamIkf,kf,,viṣamīkṛ,kṛ
vizamIBU,BU,,viṣamībhū,bhū
vizayIkf,kf,,viṣayīkṛ,kṛ
vizayIBU,BU,,viṣayībhū,bhū
vizah,sah,,viṣah,sah
vizic,sic,,viṣic,sic
viziv,siv,,viṣiv,siv
vizu,su,,viṣu,su
vizU,sU,,viṣū,sū
vizev,sev,,viṣev,sev
vizo,so,,viṣo,so
vizkamB,skamB,,viṣkambh,skambh
vizkumB,skumB,,viṣkumbh,skumbh
vizwan,stan,,viṣṭan,stan
vizwamB,stamB,,viṣṭambh,stambh
vizwu,stu,,viṣṭu,stu
vizwuB,stuB,,viṣṭubh,stubh
vizWA,sTA,,viṣṭhā,sthā
vizpf,spf,,viṣpṛ,spṛ
vizyand,syand,,viṣyand,syand
vizvaYj,svaYj,,viṣvañj,svañj
vizvan,svan,,viṣvan,svan
visaMvad,vad,,visaṃvad,vad
visiD,siD,1,visidh,sidh
visUtr,sUtr,,visūtr,sūtr
visf,sf,,visṛ,sṛ
visfj,sfj,,visṛj,sṛj
visfp,sfp,,visṛp,sṛp
vistan,stan,,vistan,stan
vistf,stf,,vistṛ,stṛ
vispand,spand,,vispand,spand
visparD,sparD,,vispardh,spardh
vispazwIkf,kf,,vispaṣṭīkṛ,kṛ
visPAy,sPAy,,visphāy,sphāy
visPuw,sPuw,,visphuṭ,sphuṭ
visPur,sPur,,visphur,sphur
visPul,sPul,,visphul,sphul
visPuliNga,BU,,visphuliṅga,bhū
visPUrj,sPUrj,,visphūrj,sphūrj
vismi,smi,,vismi,smi
vismf,smf,,vismṛ,smṛ
visraMs,sraMs,,visraṃs,sraṃs
visru,sru,,visru,sru
visvan,svan,,visvan,svan
visvap,svap,,visvap,svap
vihan,han,,vihan,han
vihary,hary,,vihary,hary
vihas,has,,vihas,has
vihA,hA,1,vihā,hā
vihA,hA,3,vihā,hā
vihiMs,hiMs,,vihiṃs,hiṃs
vihurC,hurC,,vihurch,hurch
vihf,hf,,vihṛ,hṛ
viheW,heW,,viheṭh,heṭh
vihel,hel,,vihel,hel
vihnu,hnu,,vihnu,hnu
vihru,hru,,vihru,hru
vihval,hval,,vihval,hval
vihve,hve,,vihve,hve
vI,i,,vī,i
vIkz,Ikz,,vīkṣ,īkṣ
vINK,INK,,vīṅkh,īṅkh
vIn,in,,vīn,in
vIps,Ap,,vīps,āp
vIr,Ir,,vīr,īr
vIz,Iz,,vīṣ,īṣ
vIz,iz,,vīṣ,iṣ
vErIBU,BU,,vairībhū,bhū
vyaMs,aMs,,vyaṃs,aṃs
vyaktIkf,kf,,vyaktīkṛ,kṛ
vyaktIBU,BU,,vyaktībhū,bhū
vyakz,akz,,vyakṣ,akṣ
vyaNgIkf,kf,,vyaṅgīkṛ,kṛ
vyaNgulIkf,kf,,vyaṅgulīkṛ,kṛ
vyac,ac,,vyac,ac
vyaj,aj,,vyaj,aj
vyajanIkf,kf,,vyajanīkṛ,kṛ
vyajanIBU,BU,,vyajanībhū,bhū
vyaYc,aYc,,vyañc,añc
vyaYj,aYj,,vyañj,añj
vyatikram,kram,,vyatikram,kram
vyatigam,gam,,vyatigam,gam
vyatigA,gA,,vyatigā,gā
vyaticar,car,,vyaticar,car
vyatijalp,jalp,,vyatijalp,jalp
vyatiji,ji,,vyatiji,ji
vyatitan,tan,,vyatitan,tan
vyatitF,tF,,vyatitṝ,tṝ
vyatinI,nI,,vyatinī,nī
vyatipaW,paW,,vyatipaṭh,paṭh
vyatiBA,BA,,vyatibhā,bhā
vyatiBU,BU,,vyatibhū,bhū
vyatiyA,yA,,vyatiyā,yā
vyatiyu,yu,,vyatiyu,yu
vyatirA,rA,,vyatirā,rā
vyatiruh,ruh,,vyatiruh,ruh
vyatilU,lU,,vyatilū,lū
vyativah,vah,,vyativah,vah
vyativft,vft,,vyativṛt,vṛt
vyativraj,vraj,,vyativraj,vraj
vyatiSI,SI,,vyatiśī,śī
vyatiSF,SF,,vyatiśṝ,śṝ
vyatizaYj,sanj,,vyatiṣañj,sanj
vyatisaMdah,dah,,vyatisaṃdah,dah
vyatisfp,sfp,,vyatisṛp,sṛp
vyatihan,han,,vyatihan,han
vyatihas,has,,vyatihas,has
vyatihiMs,hiMs,,vyatihiṃs,hiṃs
vyatihf,hf,,vyatihṛ,hṛ
vyatI,i,,vyatī,i
vyatyas,as,,vyatyas,as
vyatyUh,Uh,,vyatyūh,ūh
vyad,ad,,vyad,ad
vyan,an,,vyan,an
vyanuDA,DA,,vyanudhā,dhā
vyanusf,sf,,vyanusṛ,sṛ
vyantIkf,kf,,vyantīkṛ,kṛ
vyanvAraB,raB,,vyanvārabh,rabh
vyapakfz,kfz,,vyapakṛṣ,kṛṣ
vyapakram,kram,,vyapakram,kram
vyapagam,gam,,vyapagam,gam
vyapatrap,trap,,vyapatrap,trap
vyapadiS,diS,,vyapadiś,diś
vyapanI,nI,,vyapanī,nī
vyapanud,nud,,vyapanud,nud
vyapamuc,muc,,vyapamuc,muc
vyapayA,yA,,vyapayā,yā
vyapavft,vft,,vyapavṛt,vṛt
vyapasf,sf,,vyapasṛ,sṛ
vyapasfj,sfj,,vyapasṛj,sṛj
vyapasfp,sfp,,vyapasṛp,sṛp
vyapasPur,sPur,,vyapasphur,sphur
vyapahan,han,,vyapahan,han
vyapahf,hf,,vyapahṛ,hṛ
vyapAnud,nud,,vyapānud,nud
vyapASri,Sri,,vyapāśri,śri
vyapAhf,hf,,vyapāhṛ,hṛ
vyape,i,,vyape,i
vyapekz,Ikz,,vyapekṣ,īkṣ
vyapoh,Uh,,vyapoh,ūh
vyaBicar,car,,vyabhicar,car
vyayIkf,kf,,vyayīkṛ,kṛ
vyarTIkf,kf,,vyarthīkṛ,kṛ
vyarTIBU,BU,,vyarthībhū,bhū
vyard,ard,,vyard,ard
vyavakfz,kfz,,vyavakṛṣ,kṛṣ
vyavakF,kF,,vyavakṝ,kṝ
vyavagam,gam,,vyavagam,gam
vyavagAh,gAh,,vyavagāh,gāh
vyavacCid,Cid,,vyavacchid,chid
vyavadru,dru,,vyavadru,dru
vyavaDA,DA,,vyavadhā,dhā
vyavaDAv,DAv,,vyavadhāv,dhāv
vyavaDU,DU,,vyavadhū,dhū
vyavaDf,Df,,vyavadhṛ,dhṛ
vyavapad,pad,,vyavapad,pad
vyavaBakz,Bakz,,vyavabhakṣ,bhakṣ
vyavaruh,ruh,,vyavaruh,ruh
vyavalI,lI,,vyavalī,lī
vyavavad,vad,,vyavavad,vad
vyavavid,vid,,vyavavid,vid
vyavavlI,vlI,,vyavavlī,vlī
vyavaScut,Scut,,vyavaścut,ścut
vyavasad,sad,,vyavasad,sad
vyavasfj,sfj,,vyavasṛj,sṛj
vyavasfp,sfp,,vyavasṛp,sṛp
vyavaso,so,,vyavaso,so
vyavastuB,stuB,,vyavastubh,stubh
vyavasTA,sTA,,vyavasthā,sthā
vyavasraMs,sraMs,,vyavasraṃs,sraṃs
vyavasru,sru,,vyavasru,sru
vyavahf,hf,,vyavahṛ,hṛ
vyave,i,,vyave,i
vyaS,aS,,vyaś,aś
vyaS,aS,,vyaś,aś
vyas,as,2,vyas,as
vyasanIkf,kf,,vyasanīkṛ,kṛ
vyAkulIkf,kf,,vyākulīkṛ,kṛ
vyAkulIBU,BU,,vyākulībhū,bhū
vyAkf,kf,,vyākṛ,kṛ
vyAkfz,kfz,,vyākṛṣ,kṛṣ
vyAkoSIkf,kf,,vyākośīkṛ,kṛ
vyAkruS,kruS,,vyākruś,kruś
vyAkzip,kzip,,vyākṣip,kṣip
vyAKyA,KyA,,vyākhyā,khyā
vyAGUrR,GUrR,,vyāghūrṇ,ghūrṇ
vyAGrA,GrA,,vyāghrā,ghrā
vyAcakz,cakz,,vyācakṣ,cakṣ
vyAjIkf,kf,,vyājīkṛ,kṛ
vyAjfmB,jfmB,,vyājṛmbh,jṛmbh
vyAtan,tan,,vyātan,tan
vyAdA,dA,,vyādā,dā
vyAdiS,diS,,vyādiś,diś
vyADU,DU,,vyādhū,dhū
vyAnam,nam,,vyānam,nam
vyAnamrIkf,kf,,vyānamrīkṛ,kṛ
vyAnI,nI,,vyānī,nī
vyAp,Ap,,vyāp,āp
vyApad,pad,,vyāpad,pad
vyApf,pf,,vyāpṛ,pṛ
vyAbAD,bAD,,vyābādh,bādh
vyABAz,BAz,,vyābhāṣ,bhāṣ
vyAmuc,muc,,vyāmuc,muc
vyAmuh,muh,,vyāmuh,muh
vyAyam,yam,,vyāyam,yam
vyAlamb,lamb,,vyālamb,lamb
vyAliK,liK,,vyālikh,likh
vyAlup,lup,,vyālup,lup
vyAvalg,valg,,vyāvalg,valg
vyAviS,viS,,vyāviś,viś
vyAvf,vf,,vyāvṛ,vṛ
vyAvf,vf,,vyāvṛ,vṛ
vyAvft,vft,,vyāvṛt,vṛt
vyAvyaD,vyaD,,vyāvyadh,vyadh
vyAsaYj,saYj,,vyāsañj,sañj
vyAsic,sic,,vyāsic,sic
vyAsiD,siD,,vyāsidh,sidh
vyAsf,sf,,vyāsṛ,sṛ
vyAhan,han,,vyāhan,han
vyAhf,hf,,vyāhṛ,hṛ
vyAhve,hve,,vyāhve,hve
vyu,u,,vyu,u
vyukz,ukz,,vyukṣ,ukṣ
vyuccar,car,,vyuccar,car
vyucCid,Cid,,vyucchid,chid
vyutkram,kram,,vyutkram,kram
vyutTA,sTA,,vyutthā,sthā
vyutpad,pad,,vyutpad,pad
vyutsad,sad,,vyutsad,sad
vyutsic,sic,,vyutsic,sic
vyutsfj,sfj,,vyutsṛj,sṛj
vyutsfp,sfp,,vyutsṛp,sṛp
vyud,ud,,vyud,ud
vyudas,as,,vyudas,as
vyudUh,Uh,,vyudūh,ūh
vyudDf,hf,,vyuddhṛ,hṛ
vyupanI,nI,,vyupanī,nī
vyupayuj,yuj,,vyupayuj,yuj
vyuparam,ram,,vyuparam,ram
vyupaviS,viS,,vyupaviś,viś
vyupaSam,Sam,,vyupaśam,śam
vyupAram,ram,,vyupāram,ram
vyupAs,as,,vyupās,as
vyupe,i,,vyupe,i
vyubj,ubj,,vyubj,ubj
vyUrRu,UrRu,,vyūrṇu,ūrṇu
vyUh,Uh,,vyūh,ūh
vyUh,Uh,,vyūh,ūh
vyUhIkf,kf,,vyūhīkṛ,kṛ
vyf,f,,vyṛ,ṛ
vyfC,fC,,vyṛch,ṛch
vyfz,fz,,vyṛṣ,ṛṣ
vyfz,fz,,vyṛṣ,ṛṣ
SakalAkf,kf,,śakalākṛ,kṛ
SakalIkf,kf,,śakalīkṛ,kṛ
SakalIBU,BU,,śakalībhū,bhū
SataguRIBU,BU,,śataguṇībhū,bhū
SataBaNgIBU,BU,,śatabhaṅgībhū,bhū
SabarIBU,BU,,śabarībhū,bhū
SambAkf,kf,,śambākṛ,kṛ
SayanIkf,kf,,śayanīkṛ,kṛ
SaraRIkf,kf,,śaraṇīkṛ,kṛ
SarIkf,kf,,śarīkṛ,kṛ
SarIrIBU,BU,,śarīrībhū,bhū
SaSIBU,BU,,śaśībhū,bhū
SAkarasIkf,kf,,śākarasīkṛ,kṛ
SAlInIkf,kf,,śālīnīkṛ,kṛ
SiTilIkf,kf,,śithilīkṛ,kṛ
SiTilIBU,BU,,śithilībhū,bhū
SilIBU,BU,,śilībhū,bhū
SiSirIkf,kf,,śiśirīkṛ,kṛ
SiSirIBU,BU,,śiśirībhū,bhū
SizyIkf,kf,,śiṣyīkṛ,kṛ
SItalIkf,kf,,śītalīkṛ,kṛ
SItalIBU,BU,,śītalībhū,bhū
SItIkf,kf,,śītīkṛ,kṛ
SItIBU,BU,,śītībhū,bhū
SItkf,kf,,śītkṛ,kṛ
SIrRIkf,kf,,śīrṇīkṛ,kṛ
SukIBU,BU,,śukībhū,bhū
SukrIBU,BU,,śukrībhū,bhū
SuklIkf,kf,,śuklīkṛ,kṛ
SuklIBU,BU,,śuklībhū,bhū
SucIkf,kf,,śucīkṛ,kṛ
SucIBU,BU,,śucībhū,bhū
SuBIkf,kf,,śubhīkṛ,kṛ
SuBrIBU,BU,,śubhrībhū,bhū
SUdrIBU,BU,,śūdrībhū,bhū
SUnyIkf,kf,,śūnyīkṛ,kṛ
SUnyIBU,BU,,śūnyībhū,bhū
SUrIkf,kf,,śūrīkṛ,kṛ
SUlAkf,kf,,śūlākṛ,kṛ
SeKarIkf,kf,,śekharīkṛ,kṛ
SeKarIBU,BU,,śekharībhū,bhū
SezIBU,BU,,śeṣībhū,bhū
SoRIkf,kf,,śoṇīkṛ,kṛ
SyAmalIkf,kf,,śyāmalīkṛ,kṛ
SyAmIkf,kf,,śyāmīkṛ,kṛ
SyAmIBU,BU,,śyāmībhū,bhū
SyetIkf,kf,,śyetīkṛ,kṛ
Sratkf,kf,,śratkṛ,kṛ
SradDA,DA,,śraddhā,dhā
SrotriyasAtkf,kf,,śrotriyasātkṛ,kṛ
SlakzRIkf,kf,,ślakṣṇīkṛ,kṛ
SlaTIkf,kf,,ślathīkṛ,kṛ
saMkaT,kaT,,saṃkath,kath
saMkamp,kamp,,saṃkamp,kamp
saMkarIkf,kf,,saṃkarīkṛ,kṛ
saMkal,kal,2,saṃkal,kal
saMkal,kal,3,saṃkal,kal
saMkAS,kAS,,saṃkāś,kāś
saMkIrt,kIrt,,saṃkīrt,kīrt
saMkuc,kuc,,saṃkuc,kuc
saMkuYc,kuYc,,saṃkuñc,kuñc
saMkup,kup,1,saṃkup,kup
saMkf,kf,1,saṃkṛ,kṛ
saMkfz,kfz,,saṃkṛṣ,kṛṣ
saMkF,kF,,saṃkṝ,kṝ
saMkFt,kIrt,,saṃkṝt,kīrt
saMkxp,kxp,,saṃkḷp,kḷp
saMketIkf,kf,,saṃketīkṛ,kṛ
saMkram,kram,,saṃkram,kram
saMkramIkf,kf,,saṃkramīkṛ,kṛ
saMkrI,krI,,saṃkrī,krī
saMkrIq,krIq,,saṃkrīḍ,krīḍ
saMkruD,kruD,,saṃkrudh,krudh
saMkruS,kruS,,saṃkruś,kruś
saMkliS,kliS,,saṃkliś,kliś
saMkzap,kzap,1,saṃkṣap,kṣap
saMkzar,kzar,,saṃkṣar,kṣar
saMkzi,kzi,2,saṃkṣi,kṣi
saMkzi,kzi,4,saṃkṣi,kṣi
saMkzip,kzip,,saṃkṣip,kṣip
saMkzud,kzud,,saṃkṣud,kṣud
saMkzRu,kzRu,,saṃkṣṇu,kṣṇu
saMKAd,KAd,,saṃkhād,khād
saMKid,Kid,,saṃkhid,khid
saMKyA,KyA,,saṃkhyā,khyā
saMgam,gam,,saṃgam,gam
saMgarj,garj,,saṃgarj,garj
saMgA,gA,,saṃgā,gā
saMgAh,gAh,,saṃgāh,gāh
saMgfBAya,grah,,saṃgṛbhāya,grah
saMgF,gF,1,saṃgṝ,gṝ
saMgF,gF,2,saṃgṝ,gṝ
saMgE,gE,,saṃgai,gai
saMgraB,grah,,saṃgrabh,grah
saMgraB,graB,,saṃgrabh,grabh
saMgras,gras,,saṃgras,gras
saMgrah,grah,,saṃgrah,grah
saMgrAm,grAm,,saṃgrām,grām
saMGaw,Gaw,,saṃghaṭ,ghaṭ
saMGaww,Gaww,,saṃghaṭṭ,ghaṭṭ
saMGIBU,BU,,saṃghībhū,bhū
saMGfz,Gfz,,saṃghṛṣ,ghṛṣ
saMcakz,cakz,,saṃcakṣ,cakṣ
saMcar,car,,saṃcar,car
saMcal,cal,,saṃcal,cal
saMci,ci,1,saṃci,ci
saMcit,cit,4,saṃcit,cit
saMcint,cint,,saṃcint,cint
saMcUrR,cUrR,,saṃcūrṇ,cūrṇ
saMcft,cft,,saṃcṛt,cṛt
saMcezw,cezw,,saṃceṣṭ,ceṣṭ
saMCid,Cid,,saṃchid,chid
saMjan,jan,,saṃjan,jan
saMjap,jap,,saṃjap,jap
saMjalp,jalp,,saṃjalp,jalp
saMji,ji,,saṃji,ji
saMjIv,jIv,,saṃjīv,jīv
saMjUrv,jUrv,,saṃjūrv,jūrv
saMjfmB,jfmB,,saṃjṛmbh,jṛmbh
saMjF,jF,1,saṃjṝ,jṝ
saMjF,jF,2,saṃjṝ,jṝ
saMjYA,jYA,,saṃjñā,jñā
saMjYopasarjanIBU,BU,,saṃjñopasarjanībhū,bhū
saMjvar,jvar,,saṃjvar,jvar
saMjval,jval,,saṃjval,jval
saMtakz,takz,,saṃtakṣ,takṣ
saMtaq,taq,,saṃtaḍ,taḍ
saMtan,tan,,saṃtan,tan
saMtap,tap,,saṃtap,tap
saMtam,tam,,saṃtam,tam
saMtark,tark,,saṃtark,tark
saMtud,tud,,saṃtud,tud
saMtul,tul,,saṃtul,tul
saMtuz,tuz,,saṃtuṣ,tuṣ
saMtfd,tfd,,saṃtṛd,tṛd
saMtfp,tfp,,saṃtṛp,tṛp
saMtF,tF,,saṃtṝ,tṝ
saMtyaj,tyaj,,saṃtyaj,tyaj
saMtras,tras,,saṃtras,tras
saMtvar,tvar,,saṃtvar,tvar
saMdaMS,daMS,,saṃdaṃś,daṃś
saMdas,das,,saṃdas,das
saMdah,dah,,saṃdah,dah
saMdA,dA,,saṃdā,dā
saMdA,dA,,saṃdā,dā
saMdA,dA,,saṃdā,dā
saMdiS,diS,,saṃdiś,diś
saMdih,dih,,saṃdih,dih
saMdIp,dIp,,saṃdīp,dīp
saMduz,duz,,saṃduṣ,duṣ
saMduh,duh,,saṃduh,duh
saMdfS,dfS,,saṃdṛś,dṛś
saMdru,dru,,saṃdru,dru
saMDanv,Danv,,saṃdhanv,dhanv
saMDaya,DA,,saṃdhaya,dhā
saMDA,DA,,saṃdhā,dhā
saMDAv,DAv,,saṃdhāv,dhāv
saMDAv,DAv,2,saṃdhāv,dhāv
saMDukz,Dukz,,saṃdhukṣ,dhukṣ
saMDU,DU,,saṃdhū,dhū
saMDf,Df,,saṃdhṛ,dhṛ
saMDyE,DyE,,saṃdhyai,dhyai
saMnad,nad,,saṃnad,nad
saMnam,nam,,saṃnam,nam
saMnard,nard,,saṃnard,nard
saMnas,nas,,saṃnas,nas
saMnah,nah,,saṃnah,nah
saMnikzip,kzip,,saṃnikṣip,kṣip
saMnigam,gam,,saṃnigam,gam
saMnigrah,grah,,saṃnigrah,grah
saMniGfz,Gfz,,saṃnighṛṣ,ghṛṣ
saMniDA,DA,,saṃnidhā,dhā
saMnipat,pat,,saṃnipat,pat
saMnibuD,buD,,saṃnibudh,budh
saMnimajj,majj,,saṃnimajj,majj
saMnimantr,mantr,,saṃnimantr,mantr
saMnimIl,mIl,,saṃnimīl,mīl
saMniyam,yam,,saṃniyam,yam
saMniyuj,yuj,,saṃniyuj,yuj
saMniruD,ruD,,saṃnirudh,rudh
saMnirgam,gam,,saṃnirgam,gam
saMnirvap,vap,,saṃnirvap,vap
saMnilI,lI,,saṃnilī,lī
saMnivap,vap,,saṃnivap,vap
saMnivas,vas,,saṃnivas,vas
saMnivas,vas,,saṃnivas,vas
saMniviS,viS,,saṃniviś,viś
saMnivft,vft,,saṃnivṛt,vṛt
saMnizad,sad,,saṃniṣad,sad
saMnizic,sic,,saṃniṣic,sic
saMnihan,han,,saṃnihan,han
saMnI,nI,,saṃnī,nī
saMnu,nu,,saṃnu,nu
saMnu,nu,,saṃnu,nu
saMnud,nud,,saṃnud,nud
saMnft,nft,,saṃnṛt,nṛt
saMnyas,as,,saṃnyas,as
saMyaj,yaj,,saṃyaj,yaj
saMyat,yat,,saṃyat,yat
saMyam,yam,,saṃyam,yam
saMyas,yas,,saṃyas,yas
saMyA,yA,,saṃyā,yā
saMyAc,yAc,,saṃyāc,yāc
saMyu,yu,2,saṃyu,yu
saMyuj,yuj,,saṃyuj,yuj
saMyuD,yuD,,saṃyudh,yudh
saMrakz,rakz,,saṃrakṣ,rakṣ
saMraYj,raYj,,saṃrañj,rañj
saMraB,raB,,saṃrabh,rabh
saMram,ram,,saṃram,ram
saMrAj,rAj,,saṃrāj,rāj
saMrI,rI,,saṃrī,rī
saMru,ru,,saṃru,ru
saMruc,ruc,,saṃruc,ruc
saMruj,ruj,,saṃruj,ruj
saMruD,ruD,2,saṃrudh,rudh
saMruh,ruh,,saṃruh,ruh
saMrej,rej,,saṃrej,rej
saMlakz,lakz,,saṃlakṣ,lakṣ
saMlaNG,laNG,,saṃlaṅgh,laṅgh
saMlajj,lajj,,saṃlajj,lajj
saMlap,lap,,saṃlap,lap
saMlaB,laB,,saṃlabh,labh
saMliK,liK,,saṃlikh,likh
saMlih,lih,,saṃlih,lih
saMlI,lI,,saṃlī,lī
saMlup,lup,,saṃlup,lup
saMluB,luB,,saṃlubh,lubh
saMlok,lok,,saṃlok,lok
saMvaMh,baMh,,saṃvaṃh,baṃh
saMvac,vac,,saṃvac,vac
saMvaYc,vaYc,,saṃvañc,vañc
saMvad,vad,,saṃvad,vad
saMvand,vand,,saṃvand,vand
saMvap,vap,2,saṃvap,vap
saMvarR,varR,,saṃvarṇ,varṇ
saMvalg,valg,,saṃvalg,valg
saMvas,vas,4,saṃvas,vas
saMvas,vas,5,saṃvas,vas
saMvah,vah,,saṃvah,vah
saMvA,vA,2,saṃvā,vā
saMvAYC,vAYC,,saṃvāñch,vāñch
saMvicint,cint,,saṃvicint,cint
saMvij,vij,,saṃvij,vij
saMvijYA,jYA,,saṃvijñā,jñā
saMvitark,tark,,saṃvitark,tark
saMvid,vid,1,saṃvid,vid
saMvid,vid,2,saṃvid,vid
saMviDA,DA,,saṃvidhā,dhā
saMvip,vep,,saṃvip,vep
saMviBaj,Baj,,saṃvibhaj,bhaj
saMviBA,BA,,saṃvibhā,bhā
saMviBAgIkf,kf,,saṃvibhāgīkṛ,kṛ
saMvirAj,rAj,,saṃvirāj,rāj
saMvivfD,vfD,,saṃvivṛdh,vṛdh
saMviS,viS,,saṃviś,viś
saMvisfj,sfj,,saṃvisṛj,sṛj
saMvihas,has,,saṃvihas,has
saMvihf,hf,,saṃvihṛ,hṛ
saMvihval,hval,,saṃvihval,hval
saMvIkz,Ikz,,saṃvīkṣ,īkṣ
saMvf,vf,,saṃvṛ,vṛ
saMvf,vf,,saṃvṛ,vṛ
saMvfj,vfj,,saṃvṛj,vṛj
saMvft,vft,,saṃvṛt,vṛt
saMvfD,vfD,,saṃvṛdh,vṛdh
saMvfz,vfz,,saṃvṛṣ,vṛṣ
saMve,ve,,saṃve,ve
saMvep,vep,,saṃvep,vep
saMvezw,vezw,,saṃveṣṭ,veṣṭ
saMvyac,vyac,,saṃvyac,vyac
saMvyaT,vyaT,,saṃvyath,vyath
saMvyaD,vyaD,,saṃvyadh,vyadh
saMvye,vye,,saṃvye,vye
saMvraj,vraj,,saṃvraj,vraj
saMvraSc,vraSc,,saṃvraśc,vraśc
saMSaMs,SaMs,,saṃśaṃs,śaṃs
saMSak,Sak,,saṃśak,śak
saMSaNk,SaNk,,saṃśaṅk,śaṅk
saMSap,Sap,,saṃśap,śap
saMSam,Sam,1,saṃśam,śam
saMSAs,SAs,,saṃśās,śās
saMSiYj,SiYj,,saṃśiñj,śiñj
saMSI,SI,,saṃśī,śī
saMSuc,Suc,,saṃśuc,śuc
saMSuD,SuD,,saṃśudh,śudh
saMSuB,SuB,,saṃśubh,śubh
saMSuz,Suz,1,saṃśuṣ,śuṣ
saMSF,SF,,saṃśṝ,śṝ
saMSo,So,,saṃśo,śo
saMSyE,SyE,,saṃśyai,śyai
saMSri,Sri,,saṃśri,śri
saMSrI,SrI,,saṃśrī,śrī
saMSru,Sru,1,saṃśru,śru
saMSlAG,SlAG,,saṃślāgh,ślāgh
saMSliz,Sliz,,saṃśliṣ,śliṣ
saMSlok,Slok,,saṃślok,ślok
saMsaMyu,yu,2,saṃsaṃyu,yu
saMsac,sac,,saṃsac,sac
saMsaYj,saYj,,saṃsañj,sañj
saMsad,sad,,saṃsad,sad
saMsan,san,,saṃsan,san
saMsah,sah,,saṃsah,sah
saMsic,sic,,saṃsic,sic
saMsiD,siD,3,saṃsidh,sidh
saMsiv,siv,,saṃsiv,siv
saMsu,su,3,saṃsu,su
saMsU,sU,,saṃsū,sū
saMsUc,sUc,,saṃsūc,sūc
saMsf,sf,,saṃsṛ,sṛ
saMsfj,sfj,,saṃsṛj,sṛj
saMsfp,sfp,,saṃsṛp,sṛp
saMsev,sev,,saṃsev,sev
saMskand,skand,,saṃskand,skand
saMskf,kf,1,saṃskṛ,kṛ
saMstamB,stamB,,saṃstambh,stambh
saMstu,stu,1,saṃstu,stu
saMstf,stf,,saṃstṛ,stṛ
saMstF,stF,,saṃstṝ,stṝ
saMsTA,sTA,,saṃsthā,sthā
saMspand,spand,,saṃspand,spand
saMsparD,sparD,,saṃspardh,spardh
saMspfS,spfS,,saṃspṛś,spṛś
saMspfh,spfh,,saṃspṛh,spṛh
saMsPur,sPur,,saṃsphur,sphur
saMsmi,smi,,saṃsmi,smi
saMsmf,smf,,saṃsmṛ,smṛ
saMsyand,syand,,saṃsyand,syand
saMsru,sru,,saṃsru,sru
saMsvaYj,svaYj,,saṃsvañj,svañj
saMsvf,svf,,saṃsvṛ,svṛ
saMhan,han,,saṃhan,han
saMhA,hA,1,saṃhā,hā
saMhA,hA,2,saṃhā,hā
saMhi,hi,,saṃhi,hi
saMhu,hu,,saṃhu,hu
saMhf,hf,,saṃhṛ,hṛ
saMhfz,hfz,,saṃhṛṣ,hṛṣ
saMhrAd,hrAd,,saṃhrād,hrād
saMhve,hve,,saṃhve,hve
sakalIkf,kf,,sakalīkṛ,kṛ
sakalIviDA,DA,,sakalīvidhā,dhā
sajjIkf,kf,,sajjīkṛ,kṛ
sajjIBU,BU,,sajjībhū,bhū
sajyIkf,kf,,sajyīkṛ,kṛ
satkf,kf,,satkṛ,kṛ
sattrIBU,BU,,sattrībhū,bhū
satyAkf,kf,,satyākṛ,kṛ
sanATIkf,kf,,sanāthīkṛ,kṛ
sapattrAkf,kf,,sapattrākṛ,kṛ
sapiRqIkf,kf,,sapiṇḍīkṛ,kṛ
saPalIkf,kf,,saphalīkṛ,kṛ
saPalIBU,BU,,saphalībhū,bhū
samakakzA,tul,,samakakṣā,tul
samacCedIkf,kf,,samacchedīkṛ,kṛ
samaj,aj,,samaj,aj
samaYj,aYj,,samañj,añj
samat,at,,samat,at
samatikram,kram,,samatikram,kram
samatipraSaMs,SaMs,,samatipraśaṃs,śaṃs
samatiyA,yA,,samatiyā,yā
samativft,vft,,samativṛt,vṛt
samatI,i,,samatī,i
samad,ad,,samad,ad
samaDigam,gam,,samadhigam,gam
samaDiruh,ruh,,samadhiruh,ruh
samaDiSri,Sri,,samadhiśri,śri
samaDizWA,sTA,,samadhiṣṭhā,sthā
samaDisfp,sfp,,samadhisṛp,sṛp
samaDI,i,,samadhī,i
samaDyAs,As,,samadhyās,ās
saman,an,,saman,an
samanukamp,kamp,,samanukamp,kamp
samanugam,gam,,samanugam,gam
samanugE,gE,,samanugai,gai
samanugrah,grah,,samanugrah,grah
samanucint,cint,,samanucint,cint
samanujan,jan,,samanujan,jan
samanujYA,jYA,,samanujñā,jñā
samanudiS,diS,,samanudiś,diś
samanudru,dru,,samanudru,dru
samanuDAv,DAv,,samanudhāv,dhāv
samanuDyE,DyE,,samanudhyai,dhyai
samanupad,pad,,samanupad,pad
samanupaS,paS,,samanupaś,paś
samanupAl,pAl,,samanupāl,pāl
samanupraC,praC,,samanuprach,prach
samanuprAp,Ap,,samanuprāp,āp
samanuBU,BU,,samanubhū,bhū
samanuman,man,,samanuman,man
samanuyA,yA,,samanuyā,yā
samanuvas,vas,,samanuvas,vas
samanuvIkz,Ikz,,samanuvīkṣ,īkṣ
samanuvft,vft,,samanuvṛt,vṛt
samanuvraj,vraj,,samanuvraj,vraj
samanuSAs,SAs,,samanuśās,śās
samanuSuc,Suc,,samanuśuc,śuc
samanusfp,sfp,,samanusṛp,sṛp
samanusmf,smf,,samanusmṛ,smṛ
samanusvf,svf,,samanusvṛ,svṛ
samanvAraB,raB,,samanvārabh,rabh
samanvAruh,ruh,,samanvāruh,ruh
samanvi,i,,samanvi,i
samanviz,iz,,samanviṣ,iṣ
samanviz,iz,,samanviṣ,iṣ
samapacCid,Cid,,samapacchid,chid
samapaDyE,DyE,,samapadhyai,dhyai
samapAvf,vf,,samapāvṛ,vṛ
samapiruh,ruh,,samapiruh,ruh
samapoh,Uh,,samapoh,ūh
samaBigam,gam,,samabhigam,gam
samaBigarj,garj,,samabhigarj,garj
samaBiguh,guh,,samabhiguh,guh
samaBijan,jan,,samabhijan,jan
samaBitarj,tarj,,samabhitarj,tarj
samaBityaj,tyaj,,samabhityaj,tyaj
samaBidru,dru,,samabhidru,dru
samaBiDAv,DAv,,samabhidhāv,dhāv
samaBiDyE,DyE,,samabhidhyai,dhyai
samaBinand,nand,,samabhinand,nand
samaBipat,pat,,samabhipat,pat
samaBipad,pad,,samabhipad,pad
samaBipAl,pAl,,samabhipāl,pāl
samaBipIq,pIq,,samabhipīḍ,pīḍ
samaBipUj,pUj,,samabhipūj,pūj
samaBiprekz,Ikz,,samabhiprekṣ,īkṣ
samaBiplu,plu,,samabhiplu,plu
samaBiBAz,BAz,,samabhibhāṣ,bhāṣ
samaBiyA,yA,,samabhiyā,yā
samaBiyAc,yAc,,samabhiyāc,yāc
samaBiraYj,raYj,,samabhirañj,rañj
samaBiruh,ruh,,samabhiruh,ruh
samaBilaz,laz,,samabhilaṣ,laṣ
samaBivAYC,vAYC,,samabhivāñch,vāñch
samaBivIkz,Ikz,,samabhivīkṣ,īkṣ
samaBivft,vft,,samabhivṛt,vṛt
samaBivfD,vfD,,samabhivṛdh,vṛdh
samaBivfz,vfz,,samabhivṛṣ,vṛṣ
samaBivyAhf,hf,,samabhivyāhṛ,hṛ
samaBiSuB,SuB,,samabhiśubh,śubh
samaBizic,sic,,samabhiṣic,sic
samaBizwu,stu,,samabhiṣṭu,stu
samaBizWA,sTA,,samabhiṣṭhā,sthā
samaBizyand,syand,,samabhiṣyand,syand
samaBisaMDA,DA,,samabhisaṃdhā,dhā
samaBisf,sf,,samabhisṛ,sṛ
samaBihf,hf,,samabhihṛ,hṛ
samaBI,i,,samabhī,i
samaByatikram,kram,,samabhyatikram,kram
samaByarc,arc,,samabhyarc,arc
samaByarT,arT,,samabhyarth,arth
samaByavagA,gA,,samabhyavagā,gā
samaByave,i,,samabhyave,i
samaByas,as,,samabhyas,as
samaByAgam,gam,,samabhyāgam,gam
samaByAgA,gA,,samabhyāgā,gā
samaByAdA,dA,1,samabhyādā,dā
samaByAnI,nI,,samabhyānī,nī
samaByutTA,sTA,,samabhyutthā,sthā
samaByudDf,hf,,samabhyuddhṛ,hṛ
samaByupe,i,,samabhyupe,i
samaBye,i,,samabhye,i
samam,am,,samam,am
samayAkf,kf,,samayākṛ,kṛ
samayIkf,kf,,samayīkṛ,kṛ
samarc,arc,,samarc,arc
samarT,arT,,samarth,arth
samalaMkf,kf,,samalaṃkṛ,kṛ
samalIkf,kf,,samalīkṛ,kṛ
samav,av,,samav,av
samavakF,kF,,samavakṝ,kṝ
samavakzip,kzip,,samavakṣip,kṣip
samavagam,gam,,samavagam,gam
samavaguh,guh,,samavaguh,guh
samavacCad,Cad,,samavacchad,chad
samavadiS,diS,,samavadiś,diś
samavado,do,,samavado,do
samavadru,dru,,samavadru,dru
samavaDA,DA,,samavadhā,dhā
samavanI,nI,,samavanī,nī
samavapIq,pIq,,samavapīḍ,pīḍ
samavabuD,buD,,samavabudh,budh
samavamfS,mfS,,samavamṛś,mṛś
samavaruD,ruD,,samavarudh,rudh
samavalamb,lamb,,samavalamb,lamb
samavalI,lI,,samavalī,lī
samavalok,lok,,samavalok,lok
samavasf,sf,,samavasṛ,sṛ
samavasfj,sfj,,samavasṛj,sṛj
samavaso,so,,samavaso,so
samavAp,Ap,,samavāp,āp
samavArj,fj,,samavārj,ṛj
samave,i,,samave,i
samavekz,Ikz,,samavekṣ,īkṣ
samaveza,kf,,samaveṣa,kṛ
samaS,aS,,samaś,aś
samaS,aS,,samaś,aś
samas,as,,samas,as
samas,as,,samas,as
samAkarR,karR,,samākarṇ,karṇ
samAkANkz,kANkz,,samākāṅkṣ,kāṅkṣ
samAkf,kf,,samākṛ,kṛ
samAkfz,kfz,,samākṛṣ,kṛṣ
samAkF,kF,,samākṝ,kṝ
samAkrand,krand,,samākrand,krand
samAkram,kram,,samākram,kram
samAkrIq,krIq,,samākrīḍ,krīḍ
samAkzip,kzip,,samākṣip,kṣip
samAKyA,KyA,,samākhyā,khyā
samAgam,gam,,samāgam,gam
samAGrA,GrA,,samāghrā,ghrā
samAcakz,cakz,,samācakṣ,cakṣ
samAcar,car,,samācar,car
samAci,ci,1,samāci,ci
samAcCad,Cad,,samācchad,chad
samAcCid,Cid,,samācchid,chid
samAtan,tan,,samātan,tan
samAdA,dA,,samādā,dā
samAdiS,diS,,samādiś,diś
samAdru,dru,,samādru,dru
samADA,DA,,samādhā,dhā
samADAv,DAv,,samādhāv,dhāv
samADmA,DmA,,samādhmā,dhmā
samADyE,DyE,,samādhyai,dhyai
samAnI,nI,,samānī,nī
samAp,Ap,,samāp,āp
samApat,pat,,samāpat,pat
samApad,pad,,samāpad,pad
samApA,pA,,samāpā,pā
samApU,pU,,samāpū,pū
samApyE,pyE,,samāpyai,pyai
samAplu,plu,,samāplu,plu
samABA,BA,,samābhā,bhā
samABAz,BAz,,samābhāṣ,bhāṣ
samABuj,Buj,,samābhuj,bhuj
samABf,Bf,,samābhṛ,bhṛ
samAmantr,mantr,,samāmantr,mantr
samAmnA,mnA,,samāmnā,mnā
samAyam,yam,,samāyam,yam
samAyA,yA,,samāyā,yā
samAyu,yu,,samāyu,yu
samAyuj,yuj,,samāyuj,yuj
samAraB,raB,,samārabh,rabh
samArAD,rAD,,samārādh,rādh
samAruh,ruh,,samāruh,ruh
samAlap,lap,,samālap,lap
samAlaB,laB,,samālabh,labh
samAlamb,lamb,,samālamb,lamb
samAliK,liK,,samālikh,likh
samAliNg,liNg,,samāliṅg,liṅg
samAlip,lip,,samālip,lip
samAlok,lok,,samālok,lok
samAloc,loc,,samāloc,loc
samAvad,vad,,samāvad,vad
samAvap,vap,,samāvap,vap
samAvas,vas,5,samāvas,vas
samAvah,vah,,samāvah,vah
samAviS,viS,,samāviś,viś
samAvf,vf,,samāvṛ,vṛ
samAvfj,vfj,,samāvṛj,vṛj
samAvft,vft,,samāvṛt,vṛt
samAve,ve,,samāve,ve
samAvyaD,vyaD,,samāvyadh,vyadh
samAvraj,vraj,,samāvraj,vraj
samASaMs,SaMs,,samāśaṃs,śaṃs
samASri,Sri,,samāśri,śri
samASru,Sru,,samāśru,śru
samASliz,Sliz,,samāśliṣ,śliṣ
samASvas,Svas,,samāśvas,śvas
samAs,As,,samās,ās
samAsaYj,saYj,,samāsañj,sañj
samAsad,sad,,samāsad,sad
samAsic,sic,,samāsic,sic
samAsfj,sfj,,samāsṛj,sṛj
samAsev,sev,,samāsev,sev
samAskand,skand,,samāskand,skand
samAstf,stf,,samāstṛ,stṛ
samAsTA,sTA,,samāsthā,sthā
samAhan,han,,samāhan,han
samAhf,hf,,samāhṛ,hṛ
samAhve,hve,,samāhve,hve
sami,i,,sami,i
saminD,inD,,samindh,indh
saminv,inv,,saminv,inv
samIkf,kf,,samīkṛ,kṛ
samIkz,Ikz,,samīkṣ,īkṣ
samIj,Ij,,samīj,īj
samIpIkf,kf,,samīpīkṛ,kṛ
samIpIBU,BU,,samīpībhū,bhū
samIBU,BU,,samībhū,bhū
samIz,Iz,,samīṣ,īṣ
samIh,Ih,,samīh,īh
samukz,ukz,,samukṣ,ukṣ
samuc,uc,,samuc,uc
samuccar,car,,samuccar,car
samuccal,cal,,samuccal,cal
samucci,ci,,samucci,ci
samucCad,Cad,,samucchad,chad
samucCal,Sal,,samucchal,śal
samucCid,Cid,,samucchid,chid
samucCuz,Suz,,samucchuṣ,śuṣ
samucCri,Sri,,samucchri,śri
samucCvas,Svas,,samucchvas,śvas
samujjfmB,jfmB,,samujjṛmbh,jṛmbh
samujjval,jval,,samujjval,jval
samujJ,ujJ,,samujjh,ujjh
samutkfz,kfz,,samutkṛṣ,kṛṣ
samutkram,kram,,samutkram,kram
samutkzip,kzip,,samutkṣip,kṣip
samutKan,Kan,,samutkhan,khan
samuttF,tF,,samuttṝ,tṝ
samutTA,sTA,,samutthā,sthā
samutpaw,paw,,samutpaṭ,paṭ
samutpat,pat,,samutpat,pat
samutpad,pad,,samutpad,pad
samutplu,plu,,samutplu,plu
samutsah,sah,,samutsah,sah
samutsfj,sfj,,samutsṛj,sṛj
samutsfp,sfp,,samutsṛp,sṛp
samud,ud,,samud,ud
samudaYc,aYc,,samudañc,añc
samudAgam,gam,,samudāgam,gam
samudAcar,car,,samudācar,car
samudAvah,vah,,samudāvah,vah
samudAhf,hf,,samudāhṛ,hṛ
samudi,i,,samudi,i
samudIkz,Ikz,,samudīkṣ,īkṣ
samudIz,Iz,,samudīṣ,īṣ
samudgam,gam,,samudgam,gam
samudguYj,guYj,,samudguñj,guñj
samudgrah,grah,,samudgrah,grah
samudGfz,Gfz,,samudghṛṣ,ghṛṣ
samuddiS,diS,,samuddiś,diś
samuddyut,dyut,,samuddyut,dyut
samuddru,dru,,samuddru,dru
samudDA,hA,,samuddhā,hā
samudDU,DU,,samuddhū,dhū
samudDf,hf,,samuddhṛ,hṛ
samudDfz,hfz,,samuddhṛṣ,hṛṣ
samudbfh,bfh,,samudbṛh,bṛh
samudBU,BU,,samudbhū,bhū
samudyam,yam,,samudyam,yam
samudyA,yA,,samudyā,yā
samudvah,vah,,samudvah,vah
samudvij,vij,,samudvij,vij
samudvIkz,Ikz,,samudvīkṣ,īkṣ
samunnad,nad,,samunnad,nad
samunnam,nam,,samunnam,nam
samunnah,nah,,samunnah,nah
samunnI,nI,,samunnī,nī
samunmajj,majj,,samunmajj,majj
samunmiz,miz,,samunmiṣ,miṣ
samunmIl,mIl,,samunmīl,mīl
samunmUl,mUl,,samunmūl,mūl
samunmfj,mfj,,samunmṛj,mṛj
samupakfz,kfz,,samupakṛṣ,kṛṣ
samupakxp,kxp,,samupakḷp,kḷp
samupakram,kram,,samupakram,kram
samupagam,gam,,samupagam,gam
samupaguh,guh,,samupaguh,guh
samupaGrA,GrA,,samupaghrā,ghrā
samupaci,ci,,samupaci,ci
samupajan,jan,,samupajan,jan
samupajYA,jYA,,samupajñā,jñā
samupadiS,diS,,samupadiś,diś
samupadru,dru,,samupadru,dru
samupaDA,DA,,samupadhā,dhā
samupaDAv,DAv,,samupadhāv,dhāv
samupanI,nI,,samupanī,nī
samupanyas,as,,samupanyas,as
samupapad,pad,,samupapad,pad
samupaBuj,Buj,,samupabhuj,bhuj
samupayA,yA,,samupayā,yā
samupayuj,yuj,,samupayuj,yuj
samuparuj,ruj,,samuparuj,ruj
samuparuD,ruD,,samuparudh,rudh
samupalakz,lakz,,samupalakṣ,lakṣ
samupalaB,laB,,samupalabh,labh
samupavas,vas,,samupavas,vas
samupavah,vah,,samupavah,vah
samupaviS,viS,,samupaviś,viś
samupavft,vft,,samupavṛt,vṛt
samupaSam,Sam,,samupaśam,śam
samupaSru,Sru,,samupaśru,śru
samupasaMhf,hf,,samupasaṃhṛ,hṛ
samupasad,sad,,samupasad,sad
samupasf,sf,,samupasṛ,sṛ
samupasfp,sfp,,samupasṛp,sṛp
samupasev,sev,,samupasev,sev
samupasTA,sTA,,samupasthā,sthā
samupaspfS,spfS,,samupaspṛś,spṛś
samupahf,hf,,samupahṛ,hṛ
samupahve,hve,,samupahve,hve
samupAkf,kf,,samupākṛ,kṛ
samupAgam,gam,,samupāgam,gam
samupAcar,car,,samupācar,car
samupAdA,dA,,samupādā,dā
samupAnI,nI,,samupānī,nī
samupAyA,yA,,samupāyā,yā
samupAruh,ruh,,samupāruh,ruh
samupArj,arj,,samupārj,arj
samupAviS,viS,,samupāviś,viś
samupAS,aS,,samupāś,aś
samupAs,As,,samupās,ās
samupAsTA,sTA,,samupāsthā,sthā
samupAhf,hf,,samupāhṛ,hṛ
samupe,i,,samupe,i
samupekz,Ikz,,samupekṣ,īkṣ
samupoz,uz,,samupoṣ,uṣ
samubj,ubj,,samubj,ubj
samuB,uB,,samubh,ubh
samullaNG,laNG,,samullaṅgh,laṅgh
samullas,las,,samullas,las
samulliK,liK,,samullikh,likh
samullup,lup,,samullup,lup
samuz,uz,,samuṣ,uṣ
samUh,Uh,,samūh,ūh
samf,f,,samṛ,ṛ
samfdDIkf,kf,,samṛddhīkṛ,kṛ
samfD,fD,,samṛdh,ṛdh
samfz,fz,1,samṛṣ,ṛṣ
same,i,,same,i
samej,ej,,samej,ej
sameD,eD,,samedh,edh
samer,Ir,,samer,īr
sampaW,paW,,sampaṭh,paṭh
sampat,pat,,sampat,pat
sampad,pad,,sampad,pad
samparikIrt,kIrt,,samparikīrt,kīrt
samparikram,kram,,samparikram,kram
sampariKyA,KyA,,samparikhyā,khyā
samparigrah,grah,,samparigrah,grah
samparicar,car,,samparicar,car
samparituz,tuz,,samparituṣ,tuṣ
samparityaj,tyaj,,samparityaj,tyaj
sampariplu,plu,,sampariplu,plu
sampariBU,BU,,samparibhū,bhū
samparimud,mud,,samparimud,mud
samparirakz,rakz,,samparirakṣ,rakṣ
sampariraB,raB,,samparirabh,rabh
samparivf,vf,1,samparivṛ,vṛ
samparivft,vft,,samparivṛt,vṛt
sampariSri,Sri,,sampariśri,śri
samparizvaYj,svaYj,,sampariṣvañj,svañj
samparihf,hf,,samparihṛ,hṛ
samparI,i,,samparī,i
sampaS,paS,,sampaś,paś
sampA,pA,1,sampā,pā
sampAl,pAl,,sampāl,pāl
sampiRq,piRq,,sampiṇḍ,piṇḍ
sampiz,piz,,sampiṣ,piṣ
sampIq,pIq,,sampīḍ,pīḍ
sampuwIkf,kf,,sampuṭīkṛ,kṛ
sampuz,puz,,sampuṣ,puṣ
sampU,pU,,sampū,pū
sampfc,pfc,,sampṛc,pṛc
samprakamp,kamp,,samprakamp,kamp
samprakAS,kAS,,samprakāś,kāś
samprakf,kf,,samprakṛ,kṛ
samprakfz,kfz,,samprakṛṣ,kṛṣ
samprakram,kram,,samprakram,kram
samprakliS,kliS,,samprakliś,kliś
samprakzip,kzip,,samprakṣip,kṣip
samprakzuB,kzuB,,samprakṣubh,kṣubh
sampragAh,gAh,,sampragāh,gāh
sampragF,gF,1,sampragṝ,gṝ
sampragE,gE,,sampragai,gai
sampragrah,grah,,sampragrah,grah
sampraGfz,Gfz,,sampraghṛṣ,ghṛṣ
sampracakz,cakz,,sampracakṣ,cakṣ
sampracar,car,,sampracar,car
sampraci,ci,1,sampraci,ci
sampracCid,Cid,,sampracchid,chid
sampraC,praC,,samprach,prach
samprajan,jan,,samprajan,jan
samprajYA,jYA,,samprajñā,jñā
samprajval,jval,,samprajval,jval
sampraRad,nad,,sampraṇad,nad
sampraRam,nam,,sampraṇam,nam
sampraRaS,naS,,sampraṇaś,naś
sampraRiDA,DA,,sampraṇidhā,dhā
sampraRI,nI,,sampraṇī,nī
sampraRud,nud,,sampraṇud,nud
sampratark,tark,,sampratark,tark
sampratigrah,grah,,sampratigrah,grah
sampratijYA,jYA,,sampratijñā,jñā
sampratinand,nand,,sampratinand,nand
sampratipad,pad,,sampratipad,pad
sampratiBA,BA,,sampratibhā,bhā
sampratiBAz,BAz,,sampratibhāṣ,bhāṣ
sampratiziD,siD,,sampratiṣidh,sidh
sampratizWA,sTA,,sampratiṣṭhā,sthā
sampratI,i,,sampratī,i
sampratIkz,Ikz,,sampratīkṣ,īkṣ
sampratIz,iz,,sampratīṣ,iṣ
sampratuz,tuz,,sampratuṣ,tuṣ
sampratF,tF,,sampratṝ,tṝ
sampradah,dah,,sampradah,dah
sampradA,dA,1,sampradā,dā
sampradiS,diS,,sampradiś,diś
sampraduz,duz,,sampraduṣ,duṣ
sampradru,dru,,sampradru,dru
samprapad,pad,,samprapad,pad
samprabAD,bAD,,samprabādh,bādh
samprabuD,buD,,samprabudh,budh
sampraBA,BA,,samprabhā,bhā
sampraBAz,BAz,,samprabhāṣ,bhāṣ
sampramaT,maT,,sampramath,math
sampramuc,muc,,sampramuc,muc
sampramuh,muh,,sampramuh,muh
sampramokz,mokz,,sampramokṣ,mokṣ
samprayat,yat,,samprayat,yat
samprayam,yam,,samprayam,yam
samprayA,yA,,samprayā,yā
samprayAc,yAc,,samprayāc,yāc
samprayuj,yuj,,samprayuj,yuj
samprayuD,yuD,,samprayudh,yudh
sampraruc,ruc,,sampraruc,ruc
sampralI,lI,,sampralī,lī
sampravac,vac,,sampravac,vac
sampravad,vad,,sampravad,vad
sampravip,vip,,sampravip,vip
sampraviS,viS,,sampraviś,viś
sampravft,vft,,sampravṛt,vṛt
sampravfD,vfD,,sampravṛdh,vṛdh
samprave,ve,,samprave,ve
sampraSAs,SAs,,sampraśās,śās
samprasad,sad,,samprasad,sad
samprasah,sah,,samprasah,sah
samprasU,sU,2,samprasū,sū
samprasfp,sfp,,samprasṛp,sṛp
samprasTA,sTA,,samprasthā,sthā
sampraspfS,spfS,,sampraspṛś,spṛś
samprasru,sru,,samprasru,sru
samprahas,has,,samprahas,has
samprahA,hA,3,samprahā,hā
samprahf,hf,,samprahṛ,hṛ
samprahfz,hfz,,samprahṛṣ,hṛṣ
samprAp,Ap,,samprāp,āp
samprArT,arT,,samprārth,arth
samprAS,aS,,samprāś,aś
samprI,prI,,samprī,prī
sampre,i,,sampre,i
samprekz,Ikz,,samprekṣ,īkṣ
samprer,Ir,,samprer,īr
samprez,iz,,sampreṣ,iṣ
samprokz,ukz,,samprokṣ,ukṣ
samprorRu,UrRu,,samprorṇu,ūrṇu
samplu,plu,,samplu,plu
sambanD,banD,,sambandh,bandh
sambAD,bAD,,sambādh,bādh
sambuD,buD,,sambudh,budh
sambfh,bfh,1,sambṛh,bṛh
sambfh,bfh,2,sambṛh,bṛh
sambrU,brU,,sambrū,brū
samBakz,Bakz,,sambhakṣ,bhakṣ
samBaj,Baj,,sambhaj,bhaj
samBaYj,BaYj,,sambhañj,bhañj
samBal,Bal,,sambhal,bhal
samBA,BA,,sambhā,bhā
samBAz,BAz,,sambhāṣ,bhāṣ
samBid,Bid,,sambhid,bhid
samBuj,Buj,3,sambhuj,bhuj
samBU,BU,,sambhū,bhū
samBUz,BUz,,sambhūṣ,bhūṣ
samBf,Bf,,sambhṛ,bhṛ
samBraMS,BraMS,,sambhraṃś,bhraṃś
samBram,Bram,,sambhram,bhram
samBraS,BraS,,sambhraś,bhraś
samBrAj,BrAj,,sambhrāj,bhrāj
sammad,mad,,sammad,mad
samman,man,,samman,man
sammantr,mantr,,sammantr,mantr
sammand,mand,,sammand,mand
sammA,mA,3,sammā,mā
sammi,mi,1,sammi,mi
sammil,mil,,sammil,mil
sammIl,mIl,,sammīl,mīl
sammuKIkf,kf,,sammukhīkṛ,kṛ
sammuKIBU,BU,,sammukhībhū,bhū
sammuc,muc,,sammuc,muc
sammurC,murC,,sammurch,murch
sammuz,muz,,sammuṣ,muṣ
sammuh,muh,,sammuh,muh
sammfj,mfj,,sammṛj,mṛj
sammfR,mfR,,sammṛṇ,mṛṇ
sammfd,mfd,,sammṛd,mṛd
sammfS,mfS,,sammṛś,mṛś
sammokz,mokz,,sammokṣ,mokṣ
saralIkf,kf,,saralīkṛ,kṛ
sarasIkf,kf,,sarasīkṛ,kṛ
sarpIBU,BU,,sarpībhū,bhū
saviDIkf,kf,,savidhīkṛ,kṛ
saviDIBU,BU,,savidhībhū,bhū
sahAyIBU,BU,,sahāyībhū,bhū
sahArTIBU,BU,,sahārthībhū,bhū
sAkzAtkf,kf,,sākṣātkṛ,kṛ
sAkzAdBU,BU,,sākṣādbhū,bhū
sAkzimAtrAkf,kf,,sākṣimātrākṛ,kṛ
sAkzIkf,kf,,sākṣīkṛ,kṛ
sAkzIBU,BU,,sākṣībhū,bhū
sAcIkf,kf,,sācīkṛ,kṛ
sAtmIBU,BU,,sātmībhū,bhū
sADanIkf,kf,,sādhanīkṛ,kṛ
sADAraRIkf,kf,,sādhāraṇīkṛ,kṛ
sAndrIBU,BU,,sāndrībhū,bhū
sArasvatOzaDIBU,BU,,sārasvatauṣadhībhū,bhū
sArTIkf,kf,,sārthīkṛ,kṛ
sAvaDAnIkf,kf,,sāvadhānīkṛ,kṛ
sAvaDAnIBU,BU,,sāvadhānībhū,bhū
sAvayavIkf,kf,,sāvayavīkṛ,kṛ
siMhIkf,kf,,siṃhīkṛ,kṛ
siMhIBU,BU,,siṃhībhū,bhū
sitIkf,kf,,sitīkṛ,kṛ
suKAkf,kf,,sukhākṛ,kṛ
suguptIkf,kf,,suguptīkṛ,kṛ
suDIkf,kf,,sudhīkṛ,kṛ
suPalIkf,kf,,suphalīkṛ,kṛ
sumanIkf,kf,,sumanīkṛ,kṛ
sumanIBU,BU,,sumanībhū,bhū
suraBIkf,kf,,surabhīkṛ,kṛ
suvarRIBU,BU,,suvarṇībhū,bhū
susajjIkf,kf,,susajjīkṛ,kṛ
sUkzmIkf,kf,,sūkṣmīkṛ,kṛ
sUtrIkf,kf,,sūtrīkṛ,kṛ
sfkkf,kf,,sṛkkṛ,kṛ
somIkf,kf,,somīkṛ,kṛ
skanDIkf,kf,,skandhīkṛ,kṛ
stamBIBU,BU,,stambhībhū,bhū
starIkf,kf,,starīkṛ,kṛ
sTapuwIkf,kf,,sthapuṭīkṛ,kṛ
sTalapaTIkf,kf,,sthalapathīkṛ,kṛ
sTalIBU,BU,,sthalībhū,bhū
sTAyIBU,BU,,sthāyībhū,bhū
sTirIkf,kf,,sthirīkṛ,kṛ
sTirIBU,BU,,sthirībhū,bhū
spazwIkf,kf,,spaṣṭīkṛ,kṛ
sPArIBU,BU,,sphārībhū,bhū
sPItIkf,kf,,sphītīkṛ,kṛ
sPuwIkf,kf,,sphuṭīkṛ,kṛ
sPuwIBU,BU,,sphuṭībhū,bhū
smarezuDIkf,kf,,smareṣudhīkṛ,kṛ
svagAkf,kf,,svagākṛ,kṛ
svapatIkf,kf,,svapatīkṛ,kṛ
svarasIkf,kf,,svarasīkṛ,kṛ
svalpIBU,BU,,svalpībhū,bhū
svasTIkf,kf,,svasthīkṛ,kṛ
svasTIBU,BU,,svasthībhū,bhū
svAgatIkf,kf,,svāgatīkṛ,kṛ
svAdUkf,kf,,svādūkṛ,kṛ
svAyattIkf,kf,,svāyattīkṛ,kṛ
svASliz,Sliz,,svāśliṣ,śliṣ
svIkf,kf,,svīkṛ,kṛ
hastIkf,kf,,hastīkṛ,kṛ
hastekf,kf,,hastekṛ,kṛ
himIkf,kf,,himīkṛ,kṛ
huMkf,kf,,huṃkṛ,kṛ
hetUkf,kf,,hetūkṛ,kṛ
